Student_ID,Study_Hours,Attendance,Assignments,Previous_Score,Sleep_Hours,Pass_Fail,Performance_Level,Subjects_Needed_Support,Satisfaction_Level
1,3.6,99,7,81,6,Pass,High,None,Excellent
2,7.7,76,3,75,6,Pass,High,None,Good
3,6.1,80,8,38,7,Pass,High,Math,Excellent
4,5.2,94,8,87,6,Pass,High,None,Excellent
5,2.1,81,9,52,5,Pass,Medium,Physics,Good
6,2.1,92,8,32,6,Pass,Medium,"Math,Physics",Good
7,1.4,58,3,90,7,Pass,Medium,"English,Physics",Average
8,7.1,71,6,38,5,Pass,High,Math,Good
9,5.2,63,9,82,7,Pass,High,English,Good
10,6,75,1,78,7,Pass,High,None,Good
11,1.1,90,3,77,8,Pass,Medium,Physics,Good
12,7.8,53,2,36,9,Pass,Medium,"Math,English",Average
13,6.8,82,8,60,7,Pass,High,None,Excellent
14,2.5,61,6,85,6,Pass,Medium,"English,Physics",Average
15,2.3,63,10,90,8,Pass,High,"English,Physics",Good
16,2.3,88,8,34,5,Pass,Medium,"Math,Physics",Good
17,3.1,48,2,59,9,Pass,Medium,English,Average
18,4.7,92,6,51,8,Pass,High,None,Excellent
19,4,55,7,46,7,Pass,Medium,"Math,English",Average
20,3,66,8,39,8,Pass,Medium,Math,Average
21,5.3,48,9,71,6,Pass,High,English,Good
22,2,61,5,56,6,Fail,Low,"English,Physics",Poor
23,3,52,3,36,6,Fail,Low,"Math,English",Poor
24,3.6,90,2,52,9,Pass,Medium,None,Good
25,4.2,78,8,37,8,Pass,Medium,Math,Good
26,6.5,55,1,37,8,Pass,Medium,"Math,English",Average
27,2.4,75,10,34,7,Pass,Medium,"Math,Physics",Good
28,4.6,55,6,31,5,Pass,Medium,"Math,English",Average
29,5.1,100,2,80,6,Pass,High,None,Excellent
30,1.3,98,3,95,5,Pass,Medium,Physics,Good
31,5.3,100,8,41,5,Pass,High,Math,Excellent
32,2.2,82,1,76,6,Pass,Medium,Physics,Good
33,1.5,97,6,84,6,Pass,Medium,Physics,Good
34,7.6,65,3,55,7,Pass,High,None,Good
35,7.8,90,6,74,9,Pass,High,None,Excellent
36,6.7,74,3,91,6,Pass,High,None,Good
37,3.1,54,8,31,5,Fail,Low,"Math,English",Poor
38,1.7,70,5,55,7,Pass,Medium,Physics,Average
39,5.8,71,4,43,8,Pass,Medium,Math,Average
40,4.1,52,9,86,7,Pass,High,English,Good
41,1.9,83,5,61,6,Pass,Medium,Physics,Good
42,4.5,52,4,91,6,Pass,Medium,English,Average
43,1.2,52,8,59,9,Pass,Medium,"English,Physics",Average
44,7.4,99,8,42,7,Pass,High,Math,Excellent
45,2.8,78,8,69,6,Pass,Medium,Physics,Good
46,5.6,60,4,60,5,Pass,Medium,English,Average
47,3.2,85,1,66,5,Pass,Medium,None,Good
48,4.6,57,2,74,7,Pass,Medium,English,Average
49,4.8,67,4,88,9,Pass,High,None,Good
50,2.3,56,10,57,7,Pass,Medium,"English,Physics",Average
51,7.8,71,2,90,9,Pass,High,None,Good
52,6.4,66,10,48,5,Pass,High,Math,Good
53,7.6,76,3,72,6,Pass,High,None,Good
54,7.3,93,9,88,8,Pass,High,None,Excellent
55,5.2,71,9,45,6,Pass,High,Math,Good
56,7.5,46,9,73,5,Pass,High,English,Good
57,1.6,89,7,95,5,Pass,High,Physics,Excellent
58,2.4,77,4,39,6,Fail,Low,"Math,Physics",Good
59,1.3,70,1,76,6,Fail,Low,Physics,Poor
60,3.3,72,3,48,5,Fail,Low,Math,Poor
61,3.7,63,8,80,6,Pass,High,English,Good
62,2.9,87,4,42,8,Pass,Medium,"Math,Physics",Good
63,6.8,49,10,92,8,Pass,High,English,Good
64,3.5,77,10,45,7,Pass,Medium,Math,Good
65,3,64,2,82,8,Pass,Medium,English,Average
66,4.8,74,8,64,5,Pass,High,None,Good
67,2,89,7,88,5,Pass,Medium,Physics,Good
68,6.6,52,10,68,7,Pass,High,English,Good
69,1.5,82,9,90,9,Pass,High,Physics,Excellent
70,7.9,61,2,79,7,Pass,High,English,Good
71,6.4,88,5,82,9,Pass,High,None,Excellent
72,2.4,45,6,75,9,Pass,Medium,"English,Physics",Average
73,1,47,2,81,6,Fail,Low,"English,Physics",Poor
74,6.7,90,2,58,8,Pass,High,None,Excellent
75,5.9,70,10,34,9,Pass,High,Math,Good
76,6.1,75,4,69,6,Pass,High,None,Good
77,6.4,52,8,31,7,Pass,Medium,"Math,English",Average
78,1.5,87,5,91,7,Pass,Medium,Physics,Good
79,3.5,90,9,87,9,Pass,High,None,Excellent
80,1.8,52,4,87,6,Pass,Medium,"English,Physics",Average
81,7,79,3,64,5,Pass,High,None,Good
82,5.4,83,10,43,8,Pass,High,Math,Excellent
83,3.3,72,8,44,9,Pass,Medium,Math,Average
84,1.4,95,1,35,5,Fail,Low,"Math,Physics",Good
85,3.2,48,9,45,8,Pass,Medium,"Math,English",Average
86,3.3,60,4,75,5,Pass,Medium,English,Average
87,6.1,57,9,92,6,Pass,High,English,Good
88,5.5,64,8,41,9,Pass,High,"Math,English",Good
89,7.2,95,3,70,5,Pass,High,None,Excellent
90,4.3,49,3,48,5,Fail,Low,"Math,English",Poor
91,1.8,99,9,31,5,Pass,Medium,"Math,Physics",Good
92,6,81,3,49,9,Pass,High,Math,Excellent
93,6.3,64,4,38,6,Pass,Medium,"Math,English",Average
94,4.9,68,9,50,6,Pass,High,None,Good
95,6.4,80,4,37,5,Pass,Medium,Math,Good
96,4.5,78,3,68,6,Pass,Medium,None,Good
97,4.7,89,7,66,8,Pass,High,None,Excellent
98,4,92,6,58,6,Pass,Medium,None,Good
99,1.2,98,1,64,5,Fail,Low,Physics,Good
100,1.8,78,10,67,8,Pass,Medium,Physics,Good
101,1.2,63,8,64,9,Pass,Medium,"English,Physics",Average
102,5.5,61,1,32,7,Pass,Medium,"Math,English",Average
103,3.2,49,4,41,6,Fail,Low,"Math,English",Poor
104,4.6,69,6,61,8,Pass,High,None,Good
105,7.4,62,6,76,7,Pass,High,English,Good
106,2.7,99,7,92,9,Pass,High,Physics,Excellent
107,3.9,97,5,55,7,Pass,Medium,None,Good
108,6.3,94,5,72,9,Pass,High,None,Excellent
109,2.6,52,4,73,5,Pass,Medium,"English,Physics",Average
110,1.5,71,6,67,5,Pass,Medium,Physics,Average
111,3,59,7,58,9,Pass,Medium,English,Average
112,2.1,89,10,84,7,Pass,High,Physics,Excellent
113,7.5,57,10,81,6,Pass,High,English,Good
114,6.7,60,1,48,7,Pass,Medium,"Math,English",Average
115,5.4,66,9,64,7,Pass,High,None,Good
116,7.1,64,8,77,6,Pass,High,English,Good
117,6.6,57,7,89,7,Pass,High,English,Good
118,2.3,64,9,60,7,Pass,Medium,"English,Physics",Average
119,7.2,46,3,32,8,Pass,Medium,"Math,English",Average
120,4.8,79,10,64,9,Pass,High,None,Good
121,6.7,91,4,81,5,Pass,High,None,Excellent
122,7.3,99,7,80,9,Pass,High,None,Excellent
123,3.2,63,6,85,7,Pass,Medium,English,Average
124,1.8,89,2,50,6,Fail,Low,Physics,Good
125,2.6,81,2,30,6,Fail,Low,"Math,Physics",Good
126,4,98,10,82,5,Pass,High,None,Excellent
127,6.7,50,7,35,5,Pass,Medium,"Math,English",Average
128,7,58,9,91,5,Pass,High,English,Good
129,1,48,9,76,6,Pass,Medium,"English,Physics",Average
130,4.6,66,7,79,7,Pass,High,None,Good
131,3.9,95,8,60,5,Pass,High,None,Excellent
132,2.6,99,10,93,5,Pass,High,Physics,Excellent
133,1.8,83,3,58,6,Pass,Medium,Physics,Good
134,3.4,80,1,44,7,Fail,Low,Math,Good
135,7.6,78,7,87,5,Pass,High,None,Good
136,3.3,71,8,52,7,Pass,Medium,None,Average
137,4.6,51,2,67,8,Pass,Medium,English,Average
138,5.9,47,9,70,5,Pass,High,English,Good
139,3.5,91,4,44,5,Pass,Medium,Math,Good
140,7.8,77,10,32,6,Pass,High,Math,Good
141,7.7,46,9,30,8,Pass,High,"Math,English",Good
142,2.8,86,3,40,8,Pass,Medium,"Math,Physics",Good
143,4.5,60,8,89,8,Pass,High,English,Good
144,3.1,69,2,94,9,Pass,Medium,None,Average
145,3,59,3,33,6,Fail,Low,"Math,English",Poor
146,1.3,68,1,54,6,Fail,Low,Physics,Poor
147,5.3,59,5,72,5,Pass,Medium,English,Average
148,4.5,75,4,69,6,Pass,Medium,None,Good
149,1.4,58,1,73,5,Fail,Low,"English,Physics",Poor
150,3,98,10,88,5,Pass,High,None,Excellent
151,7.4,58,9,52,9,Pass,High,English,Good
152,2.7,50,6,91,6,Pass,Medium,"English,Physics",Average
153,2,58,6,52,6,Fail,Low,"English,Physics",Poor
154,4.4,61,2,87,9,Pass,High,English,Good
155,7.9,62,7,84,9,Pass,High,English,Good
156,2.7,64,9,62,6,Pass,Medium,"English,Physics",Average
157,5.7,95,6,92,6,Pass,High,None,Excellent
158,6.3,61,8,89,5,Pass,High,English,Good
159,2.7,60,5,90,7,Pass,Medium,"English,Physics",Average
160,6.1,84,2,90,5,Pass,High,None,Excellent
161,3.6,83,4,50,8,Pass,Medium,None,Good
162,5.4,96,1,32,8,Pass,Medium,Math,Good
163,5.4,76,1,77,7,Pass,High,None,Good
164,4.8,88,6,39,9,Pass,High,Math,Excellent
165,1.6,53,2,71,8,Fail,Low,"English,Physics",Poor
166,6.8,71,6,95,9,Pass,High,None,Good
167,3.2,90,1,75,9,Pass,Medium,None,Good
168,2.3,96,10,38,5,Pass,Medium,"Math,Physics",Good
169,1.3,77,3,78,9,Pass,Medium,Physics,Good
170,5.1,54,9,33,7,Pass,Medium,"Math,English",Average
171,5.7,61,2,89,5,Pass,High,English,Good
172,1.1,93,8,58,7,Pass,Medium,Physics,Good
173,4.6,93,6,76,9,Pass,High,None,Excellent
174,2.6,80,6,92,8,Pass,High,Physics,Excellent
175,5.5,61,7,60,9,Pass,High,English,Good
176,2.2,62,5,80,7,Pass,Medium,"English,Physics",Average
177,5.8,96,4,70,6,Pass,High,None,Excellent
178,3.7,67,6,65,6,Pass,Medium,None,Average
179,7.6,78,8,69,8,Pass,High,None,Good
180,2,52,4,89,7,Pass,Medium,"English,Physics",Average
181,3.4,57,5,44,8,Pass,Medium,"Math,English",Average
182,1.8,67,7,59,5,Pass,Medium,Physics,Average
183,7.5,98,6,59,9,Pass,High,None,Excellent
184,7.1,64,4,56,5,Pass,High,English,Good
185,2.8,66,4,69,6,Pass,Medium,Physics,Average
186,5.6,91,10,74,9,Pass,High,None,Excellent
187,6.7,96,4,76,5,Pass,High,None,Excellent
188,4.9,67,1,85,6,Pass,Medium,None,Average
189,4.7,85,5,83,5,Pass,High,None,Excellent
190,2.7,79,8,38,9,Pass,Medium,"Math,Physics",Good
191,1.7,47,7,94,5,Pass,Medium,"English,Physics",Average
192,7.3,78,5,30,9,Pass,High,Math,Good
193,7.3,77,3,42,5,Pass,Medium,Math,Good
194,5.4,90,1,67,8,Pass,High,None,Excellent
195,3.4,61,7,74,5,Pass,Medium,English,Average
196,3.4,89,3,69,5,Pass,Medium,None,Good
197,6.1,63,4,44,8,Pass,Medium,"Math,English",Average
198,7.3,74,5,79,6,Pass,High,None,Good
199,7.2,67,8,31,9,Pass,High,Math,Good
200,6.5,59,7,82,7,Pass,High,English,Good
201,5.5,58,9,55,6,Pass,High,English,Good
202,1.6,46,3,95,9,Pass,Medium,"English,Physics",Average
203,2.1,83,10,62,5,Pass,Medium,Physics,Good
204,7.3,93,1,88,6,Pass,High,None,Excellent
205,5.2,62,1,55,5,Pass,Medium,English,Average
206,1.1,50,10,50,6,Fail,Low,"English,Physics",Poor
207,1.7,76,1,78,6,Pass,Medium,Physics,Good
208,5.6,65,2,95,7,Pass,High,None,Good
209,1,84,2,66,8,Pass,Medium,Physics,Good
210,2.1,72,7,43,6,Pass,Medium,"Math,Physics",Average
211,4.8,71,9,36,5,Pass,Medium,Math,Average
212,5.8,46,8,67,7,Pass,High,English,Good
213,5.6,77,4,74,6,Pass,High,None,Good
214,2.6,60,2,51,8,Fail,Low,"English,Physics",Poor
215,6,83,3,73,5,Pass,High,None,Excellent
216,2.7,66,10,64,7,Pass,Medium,Physics,Average
217,3.3,100,5,89,9,Pass,High,None,Excellent
218,6.2,87,9,32,8,Pass,High,Math,Excellent
219,5.5,91,8,84,9,Pass,High,None,Excellent
220,6.9,57,3,38,9,Pass,Medium,"Math,English",Average
221,5.6,100,9,57,7,Pass,High,None,Excellent
222,5,46,10,44,7,Pass,Medium,"Math,English",Average
223,1.7,58,3,60,7,Fail,Low,"English,Physics",Poor
224,3.6,100,10,88,9,Pass,High,None,Excellent
225,2.9,82,8,83,5,Pass,High,Physics,Excellent
226,2.7,85,1,76,7,Pass,Medium,Physics,Good
227,7.8,72,4,71,8,Pass,High,None,Good
228,3.8,51,4,52,7,Pass,Medium,English,Average
229,7.2,62,6,94,7,Pass,High,English,Good
230,5.4,100,2,83,7,Pass,High,None,Excellent
231,6.6,85,7,40,9,Pass,High,Math,Excellent
232,4.5,99,5,92,5,Pass,High,None,Excellent
233,5,80,10,51,7,Pass,High,None,Excellent
234,4.4,85,6,83,9,Pass,High,None,Excellent
235,2.4,80,6,65,8,Pass,Medium,Physics,Good
236,6.1,88,6,87,5,Pass,High,None,Excellent
237,3,48,10,49,9,Pass,Medium,"Math,English",Average
238,1.2,74,8,45,6,Pass,Medium,"Math,Physics",Average
239,5.5,68,10,85,8,Pass,High,None,Good
240,2.2,64,4,79,8,Pass,Medium,"English,Physics",Average
241,7.6,90,10,95,6,Pass,High,None,Excellent
242,7.7,100,8,42,9,Pass,High,Math,Excellent
243,7.4,75,9,44,9,Pass,High,Math,Good
244,3.6,68,4,56,8,Pass,Medium,None,Average
245,1.1,51,1,37,9,Fail,Low,"Math,English,Physics",Poor
246,7.5,70,3,79,6,Pass,High,None,Good
247,4,57,1,55,9,Pass,Medium,English,Average
248,7.8,98,7,65,8,Pass,High,None,Excellent
249,7.7,52,1,50,9,Pass,Medium,English,Average
250,7,99,4,81,5,Pass,High,None,Excellent
251,3.1,49,1,40,6,Fail,Low,"Math,English",Poor
252,3.7,88,2,37,6,Pass,Medium,Math,Good
253,7,57,1,86,7,Pass,High,English,Good
254,3.2,73,5,75,9,Pass,Medium,None,Average
255,2.2,64,7,31,6,Fail,Low,"Math,English,Physics",Poor
256,4.9,58,3,93,9,Pass,High,English,Good
257,7.6,76,8,81,5,Pass,High,None,Good
258,5.9,94,5,94,8,Pass,High,None,Excellent
259,5,71,5,40,8,Pass,Medium,Math,Average
260,1.7,100,5,35,7,Pass,Medium,"Math,Physics",Good
261,5.3,69,8,93,7,Pass,High,None,Good
262,7.9,96,2,84,6,Pass,High,None,Excellent
263,2,48,2,73,6,Fail,Low,"English,Physics",Poor
264,4.6,65,8,43,6,Pass,Medium,Math,Average
265,7.1,62,9,34,5,Pass,High,"Math,English",Good
266,6.2,83,10,54,7,Pass,High,None,Excellent
267,5.9,59,10,79,7,Pass,High,English,Good
268,5.9,97,2,31,8,Pass,Medium,Math,Good
269,3.5,82,4,39,7,Pass,Medium,Math,Good
270,3.1,92,8,31,7,Pass,Medium,Math,Good
271,6.7,96,2,89,5,Pass,High,None,Excellent
272,6.7,68,4,74,6,Pass,High,None,Good
273,7.1,52,10,37,5,Pass,High,"Math,English",Good
274,7.4,72,1,87,9,Pass,High,None,Good
275,4.6,65,2,36,8,Pass,Medium,Math,Average
276,4.5,60,7,50,8,Pass,Medium,English,Average
277,6.6,98,1,76,8,Pass,High,None,Excellent
278,5.5,60,1,30,6,Fail,Low,"Math,English",Poor
279,5.9,79,2,41,6,Pass,Medium,Math,Good
280,6.6,61,4,77,6,Pass,High,English,Good
281,7.2,53,7,33,8,Pass,High,"Math,English",Good
282,3.4,79,4,63,8,Pass,Medium,None,Good
283,3.6,96,5,61,8,Pass,High,None,Excellent
284,1.7,73,4,32,9,Fail,Low,"Math,Physics",Poor
285,5,83,4,86,9,Pass,High,None,Excellent
286,1.3,62,9,53,8,Pass,Medium,"English,Physics",Average
287,4.3,56,6,62,6,Pass,Medium,English,Average
288,4.8,63,3,32,6,Pass,Medium,"Math,English",Average
289,3,92,6,33,9,Pass,Medium,Math,Good
290,5.1,66,7,59,9,Pass,High,None,Good
291,1.2,100,7,78,8,Pass,Medium,Physics,Good
292,1.3,93,8,59,8,Pass,Medium,Physics,Good
293,6.8,96,4,45,6,Pass,High,Math,Excellent
294,3.5,59,1,82,7,Pass,Medium,English,Average
295,1.9,45,6,35,6,Fail,Low,"Math,English,Physics",Poor
296,4.7,46,8,53,6,Pass,Medium,English,Average
297,6.4,52,5,57,8,Pass,High,English,Good
298,2.5,66,3,50,7,Fail,Low,Physics,Poor
299,5.4,69,4,37,7,Pass,Medium,Math,Average
300,1.6,46,8,65,8,Pass,Medium,"English,Physics",Average
301,1.4,95,6,38,5,Fail,Low,"Math,Physics",Good
302,4.7,53,5,69,8,Pass,Medium,English,Average
303,4.8,53,9,80,9,Pass,High,English,Good
304,5.5,57,10,30,7,Pass,Medium,"Math,English",Average
305,6.1,50,3,92,8,Pass,High,English,Good
306,7.8,74,7,55,6,Pass,High,None,Good
307,4.6,59,9,69,6,Pass,High,English,Good
308,3.3,95,4,32,6,Pass,Medium,Math,Good
309,6.6,97,10,38,8,Pass,High,Math,Excellent
310,2.9,59,10,61,5,Pass,Medium,"English,Physics",Average
311,4.1,94,3,33,9,Pass,Medium,Math,Good
312,1.5,51,1,35,6,Fail,Low,"Math,English,Physics",Poor
313,1.2,55,9,55,8,Pass,Medium,"English,Physics",Average
314,7.7,84,1,31,5,Pass,Medium,Math,Good
315,6.9,82,2,95,7,Pass,High,None,Excellent
316,5.9,84,9,32,7,Pass,High,Math,Excellent
317,3.9,46,5,64,9,Pass,Medium,English,Average
318,2.2,95,4,88,8,Pass,High,Physics,Excellent
319,2.1,92,9,67,8,Pass,High,Physics,Excellent
320,2.8,83,9,62,6,Pass,Medium,Physics,Good
321,4.8,54,2,44,5,Fail,Low,"Math,English",Poor
322,6,88,3,43,9,Pass,High,Math,Excellent
323,5.6,61,3,95,5,Pass,High,English,Good
324,3,51,5,74,9,Pass,Medium,English,Average
325,7.7,98,3,77,8,Pass,High,None,Excellent
326,6.2,84,10,73,8,Pass,High,None,Excellent
327,4.9,83,6,66,9,Pass,High,None,Excellent
328,5.3,48,2,58,5,Pass,Medium,English,Average
329,3.9,79,6,63,7,Pass,Medium,None,Good
330,2.7,95,6,88,7,Pass,High,Physics,Excellent
331,3.5,91,2,72,6,Pass,Medium,None,Good
332,6.3,80,6,62,6,Pass,High,None,Excellent
333,1.1,75,6,48,5,Fail,Low,"Math,Physics",Good
334,1.8,69,6,37,8,Fail,Low,"Math,Physics",Poor
335,1.3,85,5,60,5,Pass,Medium,Physics,Good
336,1.3,57,7,40,9,Fail,Low,"Math,English,Physics",Poor
337,7,62,5,37,7,Pass,Medium,"Math,English",Average
338,5.9,65,1,54,6,Pass,Medium,None,Average
339,4.3,92,9,49,5,Pass,High,Math,Excellent
340,1.7,45,3,67,5,Fail,Low,"English,Physics",Poor
341,4.4,80,2,36,9,Pass,Medium,Math,Good
342,4.3,94,10,68,8,Pass,High,None,Excellent
343,2.2,52,6,49,8,Pass,Medium,"Math,English,Physics",Average
344,4,96,8,40,7,Pass,Medium,Math,Good
345,3.8,92,2,45,6,Pass,Medium,Math,Good
346,5.3,65,4,71,8,Pass,High,None,Good
347,5.4,87,2,81,8,Pass,High,None,Excellent
348,1.3,96,9,66,8,Pass,Medium,Physics,Good
349,3.6,97,10,81,5,Pass,High,None,Excellent
350,5.4,97,2,38,8,Pass,Medium,Math,Good
351,4.5,65,10,64,9,Pass,High,None,Good
352,7,71,2,36,7,Pass,Medium,Math,Average
353,5.6,63,5,31,8,Pass,Medium,"Math,English",Average
354,2.1,67,5,54,6,Pass,Medium,Physics,Average
355,1.5,95,7,70,5,Pass,Medium,Physics,Good
356,5.5,94,1,81,9,Pass,High,None,Excellent
357,1.2,95,2,94,7,Pass,Medium,Physics,Good
358,5.1,87,6,67,5,Pass,High,None,Excellent
359,7.6,79,2,71,9,Pass,High,None,Good
360,5,84,4,83,5,Pass,High,None,Excellent
361,3.7,96,10,93,7,Pass,High,None,Excellent
362,5.5,95,6,33,7,Pass,High,Math,Excellent
363,4.2,86,7,60,8,Pass,High,None,Excellent
364,4.8,92,10,42,6,Pass,High,Math,Excellent
365,7.6,49,5,56,8,Pass,High,English,Good
366,3.7,96,8,88,5,Pass,High,None,Excellent
367,7.7,85,6,94,8,Pass,High,None,Excellent
368,7.3,52,5,93,7,Pass,High,English,Good
369,2.4,55,4,54,7,Fail,Low,"English,Physics",Poor
370,1.5,60,6,66,7,Pass,Medium,"English,Physics",Average
371,1.7,83,6,43,8,Pass,Medium,"Math,Physics",Good
372,1.1,91,6,53,9,Pass,Medium,Physics,Good
373,1.7,68,1,77,8,Pass,Medium,Physics,Average
374,5.8,65,6,94,8,Pass,High,None,Good
375,1.5,96,1,67,8,Pass,Medium,Physics,Good
376,3.2,67,5,88,8,Pass,High,None,Good
377,6.9,93,7,41,7,Pass,High,Math,Excellent
378,1.2,82,1,83,6,Pass,Medium,Physics,Good
379,6.7,91,1,80,8,Pass,High,None,Excellent
380,3,52,6,67,8,Pass,Medium,English,Average
381,1.8,51,7,75,6,Pass,Medium,"English,Physics",Average
382,5.9,46,6,39,8,Pass,Medium,"Math,English",Average
383,5.4,74,5,38,6,Pass,Medium,Math,Average
384,7.1,57,6,81,7,Pass,High,English,Good
385,6.1,67,3,80,9,Pass,High,None,Good
386,6.6,73,9,51,8,Pass,High,None,Good
387,3,82,5,34,9,Pass,Medium,Math,Good
388,2.2,81,2,58,8,Pass,Medium,Physics,Good
389,6.3,64,10,35,5,Pass,High,"Math,English",Good
390,6.6,77,10,87,5,Pass,High,None,Good
391,7.9,73,7,72,7,Pass,High,None,Good
392,3.9,94,3,66,9,Pass,High,None,Excellent
393,3.6,59,1,87,9,Pass,Medium,English,Average
394,6.4,67,3,66,6,Pass,High,None,Good
395,3.4,86,9,55,6,Pass,Medium,None,Good
396,7.5,47,5,71,8,Pass,High,English,Good
397,7,81,7,45,6,Pass,High,Math,Excellent
398,4,100,3,51,6,Pass,Medium,None,Good
399,6.3,73,4,52,9,Pass,High,None,Good
400,6.3,89,1,76,5,Pass,High,None,Excellent
401,1.7,52,3,32,9,Fail,Low,"Math,English,Physics",Poor
402,7.3,66,7,41,6,Pass,High,Math,Good
403,4.5,97,4,52,8,Pass,Medium,None,Good
404,6.8,73,2,40,5,Pass,Medium,Math,Average
405,3.2,46,5,81,6,Pass,Medium,English,Average
406,7.3,85,5,79,6,Pass,High,None,Excellent
407,3.7,93,2,86,8,Pass,High,None,Excellent
408,1.1,94,6,93,8,Pass,High,Physics,Excellent
409,7.3,89,10,75,6,Pass,High,None,Excellent
410,1.6,45,4,58,6,Fail,Low,"English,Physics",Poor
411,3.2,88,1,75,9,Pass,Medium,None,Good
412,7.7,64,3,45,7,Pass,High,"Math,English",Good
413,7.7,96,9,80,8,Pass,High,None,Excellent
414,5,65,10,40,8,Pass,High,Math,Good
415,5.4,81,7,40,9,Pass,High,Math,Excellent
416,4.1,52,6,92,5,Pass,High,English,Good
417,3.1,71,1,82,5,Pass,Medium,None,Average
418,3.3,91,9,87,5,Pass,High,None,Excellent
419,5.7,79,9,48,8,Pass,High,Math,Good
420,6.3,50,1,61,7,Pass,Medium,English,Average
421,6.5,89,6,79,7,Pass,High,None,Excellent
422,6.5,88,7,84,9,Pass,High,None,Excellent
423,1.6,63,2,70,5,Fail,Low,"English,Physics",Poor
424,4.5,62,10,50,5,Pass,Medium,English,Average
425,1.4,100,8,55,6,Pass,Medium,Physics,Good
426,4.8,45,8,30,9,Pass,Medium,"Math,English",Average
427,4.1,69,6,56,9,Pass,Medium,None,Average
428,7.2,71,9,79,8,Pass,High,None,Good
429,3.5,51,3,95,8,Pass,Medium,English,Average
430,1.8,88,2,94,9,Pass,Medium,Physics,Good
431,2,86,2,39,7,Fail,Low,"Math,Physics",Good
432,6.3,73,6,66,9,Pass,High,None,Good
433,5.3,75,7,70,7,Pass,High,None,Good
434,1.7,88,6,75,8,Pass,Medium,Physics,Good
435,1.6,87,3,74,9,Pass,Medium,Physics,Good
436,5.9,80,5,56,7,Pass,High,None,Excellent
437,1.5,63,8,94,6,Pass,Medium,"English,Physics",Average
438,6.8,50,6,37,6,Pass,Medium,"Math,English",Average
439,5.9,69,2,78,9,Pass,High,None,Good
440,1.6,75,7,43,5,Fail,Low,"Math,Physics",Good
441,1.6,53,8,91,9,Pass,Medium,"English,Physics",Average
442,7.9,64,4,72,8,Pass,High,English,Good
443,3.6,54,1,56,8,Pass,Medium,English,Average
444,3.6,81,2,56,6,Pass,Medium,None,Good
445,6.7,71,4,77,7,Pass,High,None,Good
446,7.6,57,7,54,6,Pass,High,English,Good
447,7.9,85,2,93,7,Pass,High,None,Excellent
448,6.3,46,6,53,9,Pass,High,English,Good
449,3.6,94,2,38,5,Pass,Medium,Math,Good
450,1.6,65,7,37,8,Fail,Low,"Math,Physics",Poor
451,6.4,77,2,88,9,Pass,High,None,Good
452,4.9,68,3,46,6,Pass,Medium,Math,Average
453,4,97,9,72,9,Pass,High,None,Excellent
454,7.3,88,4,33,5,Pass,High,Math,Excellent
455,1.8,86,5,37,7,Fail,Low,"Math,Physics",Good
456,4.4,78,9,71,5,Pass,High,None,Good
457,1.1,53,7,78,6,Pass,Medium,"English,Physics",Average
458,4.3,46,8,35,5,Pass,Medium,"Math,English",Average
459,1.4,99,3,71,8,Pass,Medium,Physics,Good
460,1.8,100,4,61,5,Pass,Medium,Physics,Good
461,1.8,74,7,44,9,Pass,Medium,"Math,Physics",Average
462,5.5,66,4,56,7,Pass,Medium,None,Average
463,6.2,90,2,95,8,Pass,High,None,Excellent
464,5.1,55,10,88,8,Pass,High,English,Good
465,7.7,99,6,57,8,Pass,High,None,Excellent
466,3.6,87,9,53,6,Pass,High,None,Excellent
467,3,61,2,80,6,Pass,Medium,English,Average
468,7.1,80,1,50,9,Pass,High,None,Excellent
469,2.6,57,8,60,7,Pass,Medium,"English,Physics",Average
470,7.7,51,1,79,5,Pass,High,English,Good
471,1.1,60,1,69,9,Fail,Low,"English,Physics",Poor
472,7.8,77,3,45,6,Pass,High,Math,Good
473,1.3,89,5,92,9,Pass,Medium,Physics,Good
474,7.2,45,9,85,7,Pass,High,English,Good
475,4.7,55,10,53,9,Pass,High,English,Good
476,8,50,2,57,8,Pass,High,English,Good
477,1.5,64,1,60,5,Fail,Low,"English,Physics",Poor
478,4.9,79,1,44,6,Pass,Medium,Math,Good
479,7.8,88,8,71,6,Pass,High,None,Excellent
480,4.7,81,10,79,7,Pass,High,None,Excellent
481,5.4,85,10,34,7,Pass,High,Math,Excellent
482,5.9,70,10,77,7,Pass,High,None,Good
483,4.2,56,2,42,6,Fail,Low,"Math,English",Poor
484,5.4,74,9,61,8,Pass,High,None,Good
485,5.1,72,9,59,5,Pass,High,None,Good
486,7.3,71,2,35,7,Pass,Medium,Math,Average
487,1.3,86,3,54,6,Fail,Low,Physics,Good
488,3,63,2,57,8,Pass,Medium,English,Average
489,7.7,49,6,91,7,Pass,High,English,Good
490,7.2,49,7,51,7,Pass,High,English,Good
491,4.2,85,6,44,5,Pass,Medium,Math,Good
492,5.3,71,3,55,5,Pass,Medium,None,Average
493,2.9,72,3,92,9,Pass,Medium,Physics,Average
494,2.3,70,2,47,7,Fail,Low,"Math,Physics",Poor
495,4.2,71,2,92,9,Pass,High,None,Good
496,3.5,96,5,91,6,Pass,High,None,Excellent
497,5.1,93,8,77,5,Pass,High,None,Excellent
498,1.5,86,6,79,8,Pass,Medium,Physics,Good
499,7.8,65,9,92,7,Pass,High,None,Good
500,7.9,45,5,35,7,Pass,Medium,"Math,English",Average
501,5.9,98,10,87,9,Pass,High,None,Excellent
502,4.8,72,4,80,5,Pass,High,None,Good
503,3.2,92,9,41,9,Pass,Medium,Math,Good
504,6.7,59,10,76,7,Pass,High,English,Good
505,5.8,99,5,38,5,Pass,Medium,Math,Good
506,2.1,61,1,36,7,Fail,Low,"Math,English,Physics",Poor
507,7.4,70,5,58,5,Pass,High,None,Good
508,6.8,64,5,80,7,Pass,High,English,Good
509,7.6,69,5,84,8,Pass,High,None,Good
510,6.1,57,2,88,9,Pass,High,English,Good
511,5.3,77,6,85,5,Pass,High,None,Good
512,3.9,69,5,51,9,Pass,Medium,None,Average
513,7.5,52,2,47,5,Pass,Medium,"Math,English",Average
514,7.1,49,10,87,5,Pass,High,English,Good
515,1.3,50,8,69,5,Pass,Medium,"English,Physics",Average
516,1.2,67,6,60,7,Pass,Medium,Physics,Average
517,3.6,96,10,85,6,Pass,High,None,Excellent
518,6.7,74,3,64,7,Pass,High,None,Good
519,7.9,58,9,55,6,Pass,High,English,Good
520,2.1,98,4,63,7,Pass,Medium,Physics,Good
521,5.2,67,3,45,6,Pass,Medium,Math,Average
522,3.7,55,7,71,5,Pass,Medium,English,Average
523,7.8,75,8,34,5,Pass,High,Math,Good
524,6.9,50,7,90,6,Pass,High,English,Good
525,6.9,55,1,73,6,Pass,Medium,English,Average
526,4.3,57,1,64,9,Pass,Medium,English,Average
527,3.9,56,5,30,5,Fail,Low,"Math,English",Poor
528,2.9,98,8,72,7,Pass,High,Physics,Excellent
529,1.4,46,10,61,9,Pass,Medium,"English,Physics",Average
530,7.1,97,3,92,6,Pass,High,None,Excellent
531,6.7,79,8,62,7,Pass,High,None,Good
532,8,99,3,95,8,Pass,High,None,Excellent
533,8,80,4,59,8,Pass,High,None,Excellent
534,4.9,61,10,39,8,Pass,High,"Math,English",Good
535,6.4,72,7,52,7,Pass,High,None,Good
536,7.6,72,3,68,6,Pass,High,None,Good
537,6.9,66,4,74,7,Pass,High,None,Good
538,2.7,82,8,58,9,Pass,Medium,Physics,Good
539,4.2,51,4,59,9,Pass,Medium,English,Average
540,1.9,59,9,63,8,Pass,Medium,"English,Physics",Average
541,7.7,76,4,81,6,Pass,High,None,Good
542,5.2,55,4,51,9,Pass,Medium,English,Average
543,2.6,68,5,34,5,Fail,Low,"Math,Physics",Poor
544,5.7,47,1,40,5,Fail,Low,"Math,English",Poor
545,5.3,74,7,61,8,Pass,High,None,Good
546,3.5,50,9,53,8,Pass,Medium,English,Average
547,1.8,46,9,40,8,Fail,Low,"Math,English,Physics",Poor
548,5.7,58,1,40,9,Pass,Medium,"Math,English",Average
549,4.6,85,6,46,6,Pass,Medium,Math,Good
550,6.4,62,3,61,8,Pass,High,English,Good
551,4.6,95,4,56,7,Pass,Medium,None,Good
552,7,88,8,61,8,Pass,High,None,Excellent
553,4.9,75,4,90,9,Pass,High,None,Good
554,4.9,57,8,54,6,Pass,Medium,English,Average
555,7.1,70,4,93,8,Pass,High,None,Good
556,3.8,88,9,93,5,Pass,High,None,Excellent
557,1.9,56,6,57,8,Pass,Medium,"English,Physics",Average
558,1.2,62,1,69,8,Fail,Low,"English,Physics",Poor
559,6.3,53,10,43,6,Pass,High,"Math,English",Good
560,5.3,93,2,71,7,Pass,High,None,Excellent
561,5.9,65,7,68,8,Pass,High,None,Good
562,2.5,92,10,31,8,Pass,Medium,"Math,Physics",Good
563,2,93,7,30,9,Pass,Medium,"Math,Physics",Good
564,1.1,97,3,61,6,Pass,Medium,Physics,Good
565,3.5,100,1,93,9,Pass,High,None,Excellent
566,5.1,84,8,60,8,Pass,High,None,Excellent
567,3.7,87,10,87,8,Pass,High,None,Excellent
568,4.1,68,10,43,5,Pass,Medium,Math,Average
569,7.3,78,7,45,9,Pass,High,Math,Good
570,3.4,52,10,83,6,Pass,High,English,Good
571,4.6,88,8,42,8,Pass,High,Math,Excellent
572,6.5,97,1,60,5,Pass,High,None,Excellent
573,3.8,77,3,50,5,Pass,Medium,None,Good
574,5.4,67,2,59,7,Pass,Medium,None,Average
575,7,57,1,52,6,Pass,Medium,English,Average
576,7.6,98,5,67,5,Pass,High,None,Excellent
577,2,97,3,58,6,Pass,Medium,Physics,Good
578,7.5,93,10,61,8,Pass,High,None,Excellent
579,4.4,58,8,91,7,Pass,High,English,Good
580,2.8,58,6,74,6,Pass,Medium,"English,Physics",Average
581,4.2,60,10,78,7,Pass,High,English,Good
582,7.9,93,9,62,6,Pass,High,None,Excellent
583,4.4,82,9,33,6,Pass,Medium,Math,Good
584,3.3,83,6,47,9,Pass,Medium,Math,Good
585,5.4,70,2,93,7,Pass,High,None,Good
586,2.7,70,9,57,6,Pass,Medium,Physics,Average
587,1.5,45,2,87,9,Pass,Medium,"English,Physics",Average
588,1.9,76,3,85,9,Pass,Medium,Physics,Good
589,1.9,59,6,49,7,Fail,Low,"Math,English,Physics",Poor
590,2.1,96,2,63,8,Pass,Medium,Physics,Good
591,2,65,5,39,7,Fail,Low,"Math,Physics",Poor
592,5.5,62,2,51,6,Pass,Medium,English,Average
593,2.3,74,4,34,8,Fail,Low,"Math,Physics",Poor
594,3.4,57,3,73,7,Pass,Medium,English,Average
595,7.3,68,5,38,7,Pass,High,Math,Good
596,4.3,74,6,72,7,Pass,High,None,Good
597,5.7,46,7,33,7,Pass,Medium,"Math,English",Average
598,2.2,63,10,71,8,Pass,Medium,"English,Physics",Average
599,2.3,91,8,94,6,Pass,High,Physics,Excellent
600,1.3,88,9,70,9,Pass,Medium,Physics,Good
601,2.2,91,4,93,7,Pass,Medium,Physics,Good
602,3,69,4,84,9,Pass,Medium,None,Average
603,2.2,94,7,47,9,Pass,Medium,"Math,Physics",Good
604,1.6,58,10,45,9,Pass,Medium,"Math,English,Physics",Average
605,1.8,50,10,75,7,Pass,Medium,"English,Physics",Average
606,4.2,56,9,65,7,Pass,High,English,Good
607,2.4,64,2,95,7,Pass,Medium,"English,Physics",Average
608,3.5,67,6,73,7,Pass,Medium,None,Average
609,4.5,74,10,34,5,Pass,Medium,Math,Average
610,5.8,74,10,58,6,Pass,High,None,Good
611,1.3,82,8,33,5,Fail,Low,"Math,Physics",Good
612,6.6,74,5,78,8,Pass,High,None,Good
613,5.4,85,5,37,5,Pass,Medium,Math,Good
614,1.6,74,8,81,5,Pass,Medium,Physics,Average
615,7.1,80,1,50,5,Pass,Medium,None,Good
616,7.4,93,6,56,6,Pass,High,None,Excellent
617,1.4,78,10,67,9,Pass,Medium,Physics,Good
618,2.9,60,9,34,8,Pass,Medium,"Math,English,Physics",Average
619,6.6,68,6,90,8,Pass,High,None,Good
620,6.2,58,7,37,6,Pass,Medium,"Math,English",Average
621,2.3,70,4,47,5,Fail,Low,"Math,Physics",Poor
622,2.5,52,10,33,9,Pass,Medium,"Math,English,Physics",Average
623,3.6,58,1,33,7,Fail,Low,"Math,English",Poor
624,4.4,75,9,66,6,Pass,High,None,Good
625,5.3,46,6,44,9,Pass,Medium,"Math,English",Average
626,3.6,92,3,67,6,Pass,Medium,None,Good
627,4.2,48,4,56,6,Pass,Medium,English,Average
628,6.2,45,10,77,7,Pass,High,English,Good
629,1.3,99,6,75,9,Pass,Medium,Physics,Good
630,2.8,64,6,75,5,Pass,Medium,"English,Physics",Average
631,6,58,9,77,9,Pass,High,English,Good
632,7.3,84,4,88,9,Pass,High,None,Excellent
633,4.6,69,5,33,5,Pass,Medium,Math,Average
634,4.7,69,5,48,7,Pass,Medium,Math,Average
635,1.8,47,3,86,9,Pass,Medium,"English,Physics",Average
636,4.1,49,2,48,5,Fail,Low,"Math,English",Poor
637,4.7,82,8,71,6,Pass,High,None,Excellent
638,2.7,98,10,34,6,Pass,Medium,"Math,Physics",Good
639,2.9,70,9,77,5,Pass,Medium,Physics,Average
640,3.6,84,10,54,6,Pass,High,None,Excellent
641,1.1,82,9,55,9,Pass,Medium,Physics,Good
642,3.3,82,5,91,5,Pass,High,None,Excellent
643,2.5,48,9,36,9,Pass,Medium,"Math,English,Physics",Average
644,3.3,51,4,73,8,Pass,Medium,English,Average
645,1.8,74,2,56,7,Fail,Low,Physics,Poor
646,7.2,74,3,71,7,Pass,High,None,Good
647,5.2,100,1,85,7,Pass,High,None,Excellent
648,5.8,63,5,32,5,Pass,Medium,"Math,English",Average
649,6.5,83,1,42,8,Pass,Medium,Math,Good
650,4.5,79,1,88,7,Pass,High,None,Good
651,1.6,84,7,67,9,Pass,Medium,Physics,Good
652,4.8,77,2,30,7,Pass,Medium,Math,Good
653,5.1,77,8,79,8,Pass,High,None,Good
654,6.2,58,6,38,9,Pass,Medium,"Math,English",Average
655,4,82,4,82,9,Pass,High,None,Excellent
656,1.9,54,9,39,5,Fail,Low,"Math,English,Physics",Poor
657,3,72,10,58,5,Pass,Medium,None,Average
658,3.5,58,8,65,6,Pass,Medium,English,Average
659,5.5,80,10,56,8,Pass,High,None,Excellent
660,5,82,3,47,9,Pass,Medium,Math,Good
661,3.5,60,3,47,8,Pass,Medium,"Math,English",Average
662,7.9,65,4,38,7,Pass,High,Math,Good
663,5.2,72,9,36,7,Pass,High,Math,Good
664,2.7,77,9,87,6,Pass,High,Physics,Good
665,1.7,50,5,59,9,Pass,Medium,"English,Physics",Average
666,2.1,85,9,90,9,Pass,High,Physics,Excellent
667,2.7,59,6,46,6,Pass,Medium,"Math,English,Physics",Average
668,2.1,88,8,82,7,Pass,High,Physics,Excellent
669,2.3,47,8,35,9,Pass,Medium,"Math,English,Physics",Average
670,3,87,10,68,8,Pass,High,None,Excellent
671,2.2,91,7,54,9,Pass,Medium,Physics,Good
672,7.3,79,4,71,7,Pass,High,None,Good
673,1.6,58,4,71,9,Pass,Medium,"English,Physics",Average
674,4.7,46,6,88,9,Pass,High,English,Good
675,3.9,73,9,67,5,Pass,High,None,Good
676,7.9,48,7,60,9,Pass,High,English,Good
677,1.8,70,5,58,6,Pass,Medium,Physics,Average
678,3.8,95,5,38,6,Pass,Medium,Math,Good
679,7.8,56,8,30,8,Pass,High,"Math,English",Good
680,7.1,46,6,76,9,Pass,High,English,Good
681,6.7,61,1,39,8,Pass,Medium,"Math,English",Average
682,2.8,79,1,45,7,Fail,Low,"Math,Physics",Good
683,2.2,54,9,76,7,Pass,Medium,"English,Physics",Average
684,5.7,92,8,72,5,Pass,High,None,Excellent
685,7.5,66,6,53,5,Pass,High,None,Good
686,4.9,85,1,37,9,Pass,Medium,Math,Good
687,5,87,2,55,9,Pass,Medium,None,Good
688,3,65,10,36,8,Pass,Medium,Math,Average
689,6.4,59,3,44,8,Pass,Medium,"Math,English",Average
690,2.3,79,10,77,9,Pass,High,Physics,Good
691,3.3,92,3,32,9,Pass,Medium,Math,Good
692,4,65,2,45,5,Fail,Low,Math,Poor
693,4.6,65,2,43,5,Pass,Medium,Math,Average
694,2.7,65,6,32,5,Fail,Low,"Math,Physics",Poor
695,1.8,88,7,60,9,Pass,Medium,Physics,Good
696,5.3,76,4,46,8,Pass,Medium,Math,Good
697,3,99,1,78,6,Pass,Medium,None,Good
698,5.1,49,6,32,6,Pass,Medium,"Math,English",Average
699,2.1,83,7,84,8,Pass,High,Physics,Excellent
700,4.4,53,4,69,8,Pass,Medium,English,Average
701,4.7,97,6,95,8,Pass,High,None,Excellent
702,1.4,62,9,69,5,Pass,Medium,"English,Physics",Average
703,3.4,65,4,59,7,Pass,Medium,None,Average
704,1.9,52,10,54,9,Pass,Medium,"English,Physics",Average
705,1.4,88,4,36,5,Fail,Low,"Math,Physics",Good
706,7.9,96,10,79,6,Pass,High,None,Excellent
707,3.3,78,5,30,9,Pass,Medium,Math,Good
708,6.7,54,3,73,8,Pass,High,English,Good
709,2.8,95,10,78,6,Pass,High,Physics,Excellent
710,5.8,85,2,36,8,Pass,Medium,Math,Good
711,6.3,68,9,32,8,Pass,High,Math,Good
712,5.2,84,1,30,8,Pass,Medium,Math,Good
713,4.3,68,5,80,9,Pass,High,None,Good
714,3.9,100,5,67,6,Pass,High,None,Excellent
715,3.4,76,8,72,6,Pass,High,None,Good
716,7.5,100,6,84,8,Pass,High,None,Excellent
717,6.8,77,6,86,5,Pass,High,None,Good
718,7.8,82,6,82,7,Pass,High,None,Excellent
719,1.9,88,4,62,5,Pass,Medium,Physics,Good
720,6.1,100,1,91,9,Pass,High,None,Excellent
721,7.6,95,3,40,7,Pass,High,Math,Excellent
722,2.3,93,10,81,5,Pass,High,Physics,Excellent
723,1.5,78,6,30,6,Fail,Low,"Math,Physics",Good
724,6.2,55,5,43,5,Pass,Medium,"Math,English",Average
725,5,75,10,50,8,Pass,High,None,Good
726,6.9,62,1,63,9,Pass,High,English,Good
727,2,67,5,43,5,Fail,Low,"Math,Physics",Poor
728,6.6,66,2,69,5,Pass,High,None,Good
729,2.4,87,1,64,7,Pass,Medium,Physics,Good
730,2.1,62,4,71,8,Pass,Medium,"English,Physics",Average
731,2.1,84,6,49,7,Pass,Medium,"Math,Physics",Good
732,6.7,91,7,89,9,Pass,High,None,Excellent
733,5.7,85,9,38,9,Pass,High,Math,Excellent
734,4.7,91,5,62,8,Pass,High,None,Excellent
735,3.5,83,8,78,7,Pass,High,None,Excellent
736,7.1,64,8,33,8,Pass,High,"Math,English",Good
737,3.7,57,9,77,7,Pass,High,English,Good
738,6.7,89,3,45,6,Pass,High,Math,Excellent
739,4.1,45,3,76,8,Pass,Medium,English,Average
740,3.6,96,9,55,9,Pass,High,None,Excellent
741,4.2,48,7,66,7,Pass,Medium,English,Average
742,3.1,68,4,51,6,Pass,Medium,None,Average
743,6.2,80,1,36,9,Pass,Medium,Math,Good
744,4.5,80,7,71,7,Pass,High,None,Excellent
745,2.6,89,10,59,6,Pass,Medium,Physics,Good
746,7.3,46,6,35,9,Pass,High,"Math,English",Good
747,3.7,72,3,53,9,Pass,Medium,None,Average
748,4.8,70,5,95,6,Pass,High,None,Good
749,7.3,67,3,69,9,Pass,High,None,Good
750,5.4,59,8,44,7,Pass,Medium,"Math,English",Average
751,1.8,80,5,82,7,Pass,Medium,Physics,Good
752,7.6,71,10,34,9,Pass,High,Math,Good
753,5.4,50,10,65,5,Pass,High,English,Good
754,3.3,79,6,75,6,Pass,Medium,None,Good
755,2,83,2,52,5,Fail,Low,Physics,Good
756,6.6,82,8,74,7,Pass,High,None,Excellent
757,5.3,79,9,39,9,Pass,High,Math,Good
758,4.7,80,3,83,8,Pass,High,None,Excellent
759,7.3,54,6,61,8,Pass,High,English,Good
760,6.5,74,6,72,5,Pass,High,None,Good
761,2.1,97,2,44,5,Fail,Low,"Math,Physics",Good
762,3.2,85,10,95,5,Pass,High,None,Excellent
763,2.7,82,8,44,7,Pass,Medium,"Math,Physics",Good
764,6.2,73,5,49,7,Pass,High,Math,Good
765,1.2,96,8,79,9,Pass,High,Physics,Excellent
766,5,87,8,35,7,Pass,High,Math,Excellent
767,6.3,83,3,46,9,Pass,High,Math,Excellent
768,7.1,94,5,55,9,Pass,High,None,Excellent
769,3.4,48,7,51,5,Pass,Medium,English,Average
770,6.7,49,5,93,8,Pass,High,English,Good
771,1.8,48,6,87,5,Pass,Medium,"English,Physics",Average
772,6.9,80,2,66,7,Pass,High,None,Excellent
773,1.9,89,8,57,6,Pass,Medium,Physics,Good
774,3.8,60,5,78,7,Pass,Medium,English,Average
775,6.6,69,6,70,8,Pass,High,None,Good
776,2,58,1,75,7,Fail,Low,"English,Physics",Poor
777,2.6,55,10,84,8,Pass,High,"English,Physics",Good
778,6.1,73,2,40,6,Pass,Medium,Math,Average
779,6,78,4,55,6,Pass,High,None,Good
780,5.5,66,9,42,9,Pass,High,Math,Good
781,5.9,58,6,65,7,Pass,High,English,Good
782,4.8,100,8,93,9,Pass,High,None,Excellent
783,2.8,68,2,80,5,Pass,Medium,Physics,Average
784,3.4,83,10,51,5,Pass,Medium,None,Good
785,2.3,70,5,89,5,Pass,Medium,Physics,Average
786,7.4,87,1,31,5,Pass,Medium,Math,Good
787,5.1,80,4,85,5,Pass,High,None,Excellent
788,3.8,83,10,69,7,Pass,High,None,Excellent
789,4.2,60,1,57,9,Pass,Medium,English,Average
790,7.6,82,9,32,9,Pass,High,Math,Excellent
791,2.1,76,2,92,8,Pass,Medium,Physics,Good
792,5.1,50,7,52,5,Pass,Medium,English,Average
793,4.5,78,3,84,6,Pass,High,None,Good
794,5.3,100,2,61,8,Pass,High,None,Excellent
795,1.1,52,4,57,8,Fail,Low,"English,Physics",Poor
796,7.1,74,7,37,7,Pass,High,Math,Good
797,7.5,71,7,32,8,Pass,High,Math,Good
798,5,51,9,82,6,Pass,High,English,Good
799,5.9,71,3,58,9,Pass,High,None,Good
800,7.5,69,7,88,8,Pass,High,None,Good
801,6,100,6,53,7,Pass,High,None,Excellent
802,2.1,90,10,67,5,Pass,Medium,Physics,Good
803,5,85,7,57,6,Pass,High,None,Excellent
804,5.2,59,7,91,5,Pass,High,English,Good
805,4,69,10,80,8,Pass,High,None,Good
806,6.2,66,5,36,9,Pass,Medium,Math,Average
807,7.5,62,9,52,7,Pass,High,English,Good
808,7.5,56,7,75,6,Pass,High,English,Good
809,4.2,67,7,57,9,Pass,High,None,Good
810,1.8,95,3,53,6,Pass,Medium,Physics,Good
811,7.9,89,1,36,7,Pass,High,Math,Excellent
812,6.9,83,5,78,7,Pass,High,None,Excellent
813,1.9,69,8,32,8,Pass,Medium,"Math,Physics",Average
814,7.4,54,5,31,6,Pass,Medium,"Math,English",Average
815,7.1,74,10,36,8,Pass,High,Math,Good
816,4.6,54,3,50,6,Pass,Medium,English,Average
817,5.1,78,9,38,6,Pass,High,Math,Good
818,3.8,90,2,41,5,Pass,Medium,Math,Good
819,1.4,57,3,53,8,Fail,Low,"English,Physics",Poor
820,3.3,98,4,62,6,Pass,Medium,None,Good
821,6.6,73,10,72,6,Pass,High,None,Good
822,1,82,1,34,7,Fail,Low,"Math,Physics",Good
823,3.3,85,4,43,5,Pass,Medium,Math,Good
824,3.8,89,4,65,7,Pass,Medium,None,Good
825,4.8,53,9,64,8,Pass,High,English,Good
826,7.4,57,8,79,8,Pass,High,English,Good
827,3.4,81,2,40,6,Fail,Low,Math,Good
828,3.4,58,7,53,9,Pass,Medium,English,Average
829,6.2,81,6,73,7,Pass,High,None,Excellent
830,4.2,53,7,80,8,Pass,High,English,Good
831,2.6,52,4,46,6,Fail,Low,"Math,English,Physics",Poor
832,4.2,83,5,37,6,Pass,Medium,Math,Good
833,2,84,6,57,7,Pass,Medium,Physics,Good
834,2.2,98,9,41,6,Pass,Medium,"Math,Physics",Good
835,4.5,47,2,72,5,Pass,Medium,English,Average
836,3.9,99,9,66,9,Pass,High,None,Excellent
837,7.4,100,10,92,7,Pass,High,None,Excellent
838,3.5,91,1,92,7,Pass,Medium,None,Good
839,5.1,84,4,39,7,Pass,Medium,Math,Good
840,5.4,77,5,66,6,Pass,High,None,Good
841,1.1,76,9,40,6,Pass,Medium,"Math,Physics",Good
842,5.6,51,6,48,7,Pass,Medium,"Math,English",Average
843,2.2,63,4,81,7,Pass,Medium,"English,Physics",Average
844,7.7,78,2,47,5,Pass,High,Math,Good
845,2,58,5,61,8,Pass,Medium,"English,Physics",Average
846,3.9,94,8,52,5,Pass,Medium,None,Good
847,1.6,91,8,41,7,Pass,Medium,"Math,Physics",Good
848,8,90,6,87,6,Pass,High,None,Excellent
849,4.5,100,1,50,6,Pass,Medium,None,Good
850,5.2,63,8,50,7,Pass,High,English,Good
851,1.5,95,4,58,8,Pass,Medium,Physics,Good
852,6.2,98,2,76,9,Pass,High,None,Excellent
853,2.5,70,1,41,9,Fail,Low,"Math,Physics",Poor
854,7.3,61,7,87,5,Pass,High,English,Good
855,2.4,98,2,70,8,Pass,Medium,Physics,Good
856,2.3,72,4,48,9,Pass,Medium,"Math,Physics",Average
857,1.3,63,4,41,8,Fail,Low,"Math,English,Physics",Poor
858,4.3,71,10,52,6,Pass,High,None,Good
859,5,92,1,34,6,Pass,Medium,Math,Good
860,1.5,96,2,55,8,Pass,Medium,Physics,Good
861,6.4,63,1,92,7,Pass,High,English,Good
862,4.2,77,6,81,9,Pass,High,None,Good
863,4.7,95,3,39,9,Pass,Medium,Math,Good
864,4.1,51,1,68,6,Pass,Medium,English,Average
865,3.8,73,8,52,5,Pass,Medium,None,Average
866,4.9,99,4,40,9,Pass,Medium,Math,Good
867,2.1,87,10,77,6,Pass,High,Physics,Excellent
868,2.3,49,7,45,6,Fail,Low,"Math,English,Physics",Poor
869,7,74,10,75,8,Pass,High,None,Good
870,7.6,93,2,76,8,Pass,High,None,Excellent
871,3.6,87,6,77,8,Pass,High,None,Excellent
872,2.9,100,6,54,5,Pass,Medium,Physics,Good
873,5.5,52,7,66,9,Pass,High,English,Good
874,3.9,86,1,92,5,Pass,Medium,None,Good
875,1.2,56,1,58,5,Fail,Low,"English,Physics",Poor
876,2.1,86,2,87,8,Pass,Medium,Physics,Good
877,6,57,2,60,6,Pass,Medium,English,Average
878,5.6,70,5,70,7,Pass,High,None,Good
879,1.2,62,1,79,6,Fail,Low,"English,Physics",Poor
880,2.6,86,2,73,6,Pass,Medium,Physics,Good
881,2.6,95,6,38,6,Pass,Medium,"Math,Physics",Good
882,5.7,96,3,88,6,Pass,High,None,Excellent
883,1.1,93,4,56,5,Fail,Low,Physics,Good
884,1.7,64,1,88,8,Pass,Medium,"English,Physics",Average
885,6.6,60,5,32,8,Pass,Medium,"Math,English",Average
886,2.2,81,4,36,6,Fail,Low,"Math,Physics",Good
887,5.6,47,8,45,7,Pass,Medium,"Math,English",Average
888,2.7,71,3,78,9,Pass,Medium,Physics,Average
889,1.7,59,10,61,6,Pass,Medium,"English,Physics",Average
890,2.7,78,1,73,6,Pass,Medium,Physics,Good
891,6.1,89,10,48,7,Pass,High,Math,Excellent
892,7,66,5,32,5,Pass,Medium,Math,Average
893,6.8,84,1,89,6,Pass,High,None,Excellent
894,3.8,67,5,64,7,Pass,Medium,None,Average
895,5.7,93,9,58,5,Pass,High,None,Excellent
896,2.4,48,5,74,5,Pass,Medium,"English,Physics",Average
897,3.1,95,2,56,6,Pass,Medium,None,Good
898,7.3,98,2,64,5,Pass,High,None,Excellent
899,1.1,85,10,48,6,Pass,Medium,"Math,Physics",Good
900,1.6,67,9,46,6,Pass,Medium,"Math,Physics",Average
901,2.5,91,5,64,8,Pass,Medium,Physics,Good
902,1.2,53,8,59,9,Pass,Medium,"English,Physics",Average
903,2.3,68,10,77,9,Pass,High,Physics,Good
904,5.1,65,4,86,8,Pass,High,None,Good
905,3.9,85,2,46,6,Pass,Medium,Math,Good
906,7.2,90,4,44,7,Pass,High,Math,Excellent
907,6.7,99,4,43,5,Pass,High,Math,Excellent
908,3.4,97,9,43,8,Pass,High,Math,Excellent
909,2.8,60,10,74,8,Pass,High,"English,Physics",Good
910,3.7,100,6,67,8,Pass,High,None,Excellent
911,5.1,99,10,92,8,Pass,High,None,Excellent
912,2.9,69,6,40,9,Pass,Medium,"Math,Physics",Average
913,5.4,70,5,77,6,Pass,High,None,Good
914,3.9,93,6,55,8,Pass,High,None,Excellent
915,4.9,89,1,54,8,Pass,Medium,None,Good
916,4.1,53,5,90,8,Pass,High,English,Good
917,3.1,59,6,55,7,Pass,Medium,English,Average
918,7.6,83,8,63,7,Pass,High,None,Excellent
919,6.3,77,4,38,5,Pass,Medium,Math,Good
920,2,45,5,69,6,Fail,Low,"English,Physics",Poor
921,7.1,49,4,36,8,Pass,Medium,"Math,English",Average
922,4.4,100,7,59,5,Pass,High,None,Excellent
923,7.3,53,10,95,5,Pass,High,English,Good
924,6.6,88,6,59,6,Pass,High,None,Excellent
925,4,50,4,87,7,Pass,Medium,English,Average
926,1.2,72,6,84,6,Pass,Medium,Physics,Average
927,2.9,89,4,43,5,Pass,Medium,"Math,Physics",Good
928,4.8,70,8,66,6,Pass,High,None,Good
929,5.4,72,3,73,7,Pass,High,None,Good
930,2.8,84,8,35,5,Pass,Medium,"Math,Physics",Good
931,2,59,2,55,6,Fail,Low,"English,Physics",Poor
932,6.8,50,6,43,8,Pass,High,"Math,English",Good
933,7.9,71,8,37,8,Pass,High,Math,Good
934,4.7,82,1,53,6,Pass,Medium,None,Good
935,2.2,48,6,68,6,Pass,Medium,"English,Physics",Average
936,2.9,55,9,78,7,Pass,Medium,"English,Physics",Average
937,1.1,65,10,92,5,Pass,Medium,Physics,Average
938,7.4,74,10,55,6,Pass,High,None,Good
939,1.8,62,2,39,5,Fail,Low,"Math,English,Physics",Poor
940,5,79,1,87,8,Pass,High,None,Good
941,2.9,47,2,43,5,Fail,Low,"Math,English,Physics",Poor
942,4.9,56,5,68,9,Pass,High,English,Good
943,5.6,71,6,60,7,Pass,High,None,Good
944,6.8,97,1,79,7,Pass,High,None,Excellent
945,2.4,74,7,45,5,Pass,Medium,"Math,Physics",Average
946,1.1,65,4,80,7,Pass,Medium,Physics,Average
947,2,82,9,44,5,Pass,Medium,"Math,Physics",Good
948,7.3,65,6,67,5,Pass,High,None,Good
949,7.1,82,9,50,8,Pass,High,None,Excellent
950,5.2,84,1,45,5,Pass,Medium,Math,Good
951,5.2,59,4,94,7,Pass,High,English,Good
952,5.7,62,2,42,9,Pass,Medium,"Math,English",Average
953,2.2,96,6,93,6,Pass,High,Physics,Excellent
954,7.4,73,4,90,7,Pass,High,None,Good
955,3.9,92,9,61,9,Pass,High,None,Excellent
956,3.7,82,3,41,7,Pass,Medium,Math,Good
957,4.6,65,1,70,9,Pass,Medium,None,Average
958,1.3,61,1,95,7,Pass,Medium,"English,Physics",Average
959,2.2,85,9,37,6,Pass,Medium,"Math,Physics",Good
960,6.2,95,9,88,8,Pass,High,None,Excellent
961,1.6,62,5,54,8,Fail,Low,"English,Physics",Poor
962,5.2,99,2,34,6,Pass,Medium,Math,Good
963,2.7,81,9,74,7,Pass,High,Physics,Excellent
964,3.7,82,8,31,9,Pass,Medium,Math,Good
965,3,56,10,71,5,Pass,Medium,English,Average
966,3.5,55,10,67,7,Pass,High,English,Good
967,6,92,6,32,6,Pass,High,Math,Excellent
968,3.1,96,7,75,8,Pass,High,None,Excellent
969,5,93,6,51,8,Pass,High,None,Excellent
970,4.3,64,5,62,7,Pass,Medium,English,Average
971,5.6,53,4,61,9,Pass,Medium,English,Average
972,7.6,45,7,46,6,Pass,High,"Math,English",Good
973,6.1,47,4,85,6,Pass,High,English,Good
974,2.5,65,10,32,9,Pass,Medium,"Math,Physics",Average
975,1.2,67,10,78,9,Pass,Medium,Physics,Average
976,2.8,53,10,84,7,Pass,High,"English,Physics",Good
977,5.2,98,9,60,7,Pass,High,None,Excellent
978,1.4,63,5,50,8,Fail,Low,"English,Physics",Poor
979,4.5,89,8,45,8,Pass,High,Math,Excellent
980,5.2,99,6,46,9,Pass,High,Math,Excellent
981,3.3,90,4,30,5,Pass,Medium,Math,Good
982,6.4,96,3,94,5,Pass,High,None,Excellent
983,1.7,63,6,95,5,Pass,Medium,"English,Physics",Average
984,1.5,67,1,66,6,Fail,Low,Physics,Poor
985,6.1,71,2,53,7,Pass,Medium,None,Average
986,4.5,71,7,91,9,Pass,High,None,Good
987,5.8,83,4,50,8,Pass,High,None,Excellent
988,4,80,5,66,5,Pass,Medium,None,Good
989,2.7,56,10,64,8,Pass,Medium,"English,Physics",Average
990,6.7,99,1,67,7,Pass,High,None,Excellent
991,6.6,71,2,82,9,Pass,High,None,Good
992,5.9,90,4,44,5,Pass,Medium,Math,Good
993,2.9,78,8,71,5,Pass,Medium,Physics,Good
994,5.1,77,10,33,9,Pass,High,Math,Good
995,3.5,72,4,68,8,Pass,Medium,None,Average
996,1.6,75,3,52,7,Fail,Low,Physics,Good
997,7.4,76,3,44,7,Pass,High,Math,Good
998,2,94,5,41,7,Pass,Medium,"Math,Physics",Good
999,7.7,64,3,83,8,Pass,High,English,Good
1000,4.1,84,8,67,8,Pass,High,None,Excellent
1001,2.3,79,5,57,5,Pass,Medium,Physics,Good
1002,4.8,75,7,48,8,Pass,High,Math,Good
1003,7.1,75,8,93,6,Pass,High,None,Good
1004,6.1,82,5,33,9,Pass,High,Math,Excellent
1005,6.6,66,8,39,8,Pass,High,Math,Good
1006,5.6,89,3,41,7,Pass,Medium,Math,Good
1007,5.8,85,7,36,8,Pass,High,Math,Excellent
1008,6.9,53,8,73,5,Pass,High,English,Good
1009,2.7,96,7,52,9,Pass,Medium,Physics,Good
1010,4.4,53,2,31,9,Fail,Low,"Math,English",Poor
1011,2.5,59,8,66,7,Pass,Medium,"English,Physics",Average
1012,7.9,57,6,49,9,Pass,High,"Math,English",Good
1013,7.6,66,10,73,6,Pass,High,None,Good
1014,1.3,60,3,80,9,Pass,Medium,"English,Physics",Average
1015,5.9,76,4,60,7,Pass,High,None,Good
1016,7.5,46,7,70,9,Pass,High,English,Good
1017,2.3,70,3,87,8,Pass,Medium,Physics,Average
1018,5,58,1,34,5,Fail,Low,"Math,English",Poor
1019,7.4,82,6,62,8,Pass,High,None,Excellent
1020,1.2,78,3,72,6,Pass,Medium,Physics,Good
1021,5.9,52,10,48,6,Pass,High,"Math,English",Good
1022,3.1,80,6,61,5,Pass,Medium,None,Good
1023,7.5,65,10,32,5,Pass,High,Math,Good
1024,7.8,100,3,30,5,Pass,High,Math,Excellent
1025,7.6,90,6,70,5,Pass,High,None,Excellent
1026,4.3,87,4,77,9,Pass,High,None,Excellent
1027,7,100,4,68,8,Pass,High,None,Excellent
1028,6.9,72,10,34,6,Pass,High,Math,Good
1029,3.2,90,10,40,9,Pass,High,Math,Excellent
1030,6.8,88,2,51,5,Pass,High,None,Excellent
1031,1.3,92,4,93,7,Pass,Medium,Physics,Good
1032,5.2,50,4,41,7,Pass,Medium,"Math,English",Average
1033,2.6,64,7,82,8,Pass,Medium,"English,Physics",Average
1034,1.8,75,5,84,6,Pass,Medium,Physics,Good
1035,1.5,77,8,82,6,Pass,Medium,Physics,Good
1036,5.9,88,7,50,8,Pass,High,None,Excellent
1037,3.4,51,10,48,5,Pass,Medium,"Math,English",Average
1038,6.1,52,9,95,5,Pass,High,English,Good
1039,1.5,53,8,88,6,Pass,Medium,"English,Physics",Average
1040,3.2,46,9,78,6,Pass,Medium,English,Average
1041,4.8,61,1,88,6,Pass,Medium,English,Average
1042,6.5,96,10,52,5,Pass,High,None,Excellent
1043,3.2,89,3,32,7,Pass,Medium,Math,Good
1044,5.4,81,5,85,8,Pass,High,None,Excellent
1045,7.2,86,9,87,8,Pass,High,None,Excellent
1046,5.3,88,8,91,9,Pass,High,None,Excellent
1047,2.6,61,10,47,9,Pass,Medium,"Math,English,Physics",Average
1048,1.2,97,7,90,7,Pass,High,Physics,Excellent
1049,7.1,82,2,66,6,Pass,High,None,Excellent
1050,1.1,79,6,83,7,Pass,Medium,Physics,Good
1051,7.1,91,4,94,9,Pass,High,None,Excellent
1052,4.7,83,5,43,9,Pass,Medium,Math,Good
1053,7.6,74,5,34,8,Pass,High,Math,Good
1054,6.6,50,4,91,7,Pass,High,English,Good
1055,8,48,4,30,5,Pass,Medium,"Math,English",Average
1056,3.5,95,4,92,9,Pass,High,None,Excellent
1057,6.4,81,2,49,8,Pass,High,Math,Excellent
1058,3.8,79,1,72,6,Pass,Medium,None,Good
1059,4.4,53,2,71,7,Pass,Medium,English,Average
1060,5.4,50,7,68,9,Pass,High,English,Good
1061,7.1,57,1,91,5,Pass,High,English,Good
1062,7.9,66,6,77,9,Pass,High,None,Good
1063,6.4,72,4,35,5,Pass,Medium,Math,Average
1064,3.9,74,2,71,7,Pass,Medium,None,Average
1065,3.9,96,3,87,5,Pass,High,None,Excellent
1066,6.2,80,7,72,5,Pass,High,None,Excellent
1067,2.7,46,6,39,8,Fail,Low,"Math,English,Physics",Poor
1068,1.8,80,6,68,7,Pass,Medium,Physics,Good
1069,3.5,52,8,42,9,Pass,Medium,"Math,English",Average
1070,3,89,8,68,6,Pass,High,None,Excellent
1071,3.1,86,6,40,7,Pass,Medium,Math,Good
1072,2.6,94,1,45,7,Fail,Low,"Math,Physics",Good
1073,1.3,53,10,62,6,Pass,Medium,"English,Physics",Average
1074,1.1,45,7,89,9,Pass,Medium,"English,Physics",Average
1075,7.9,57,8,88,8,Pass,High,English,Good
1076,4,94,5,80,9,Pass,High,None,Excellent
1077,3.7,59,4,44,6,Pass,Medium,"Math,English",Average
1078,5.8,76,7,72,9,Pass,High,None,Good
1079,2.5,78,6,56,7,Pass,Medium,Physics,Good
1080,7.6,87,6,85,8,Pass,High,None,Excellent
1081,6.5,75,3,89,5,Pass,High,None,Good
1082,1.6,58,10,76,9,Pass,Medium,"English,Physics",Average
1083,3.9,98,4,37,5,Pass,Medium,Math,Good
1084,7.2,91,5,92,8,Pass,High,None,Excellent
1085,7.6,58,9,36,5,Pass,High,"Math,English",Good
1086,4.3,92,8,31,9,Pass,Medium,Math,Good
1087,5.3,99,3,46,6,Pass,Medium,Math,Good
1088,2.2,73,6,33,7,Fail,Low,"Math,Physics",Poor
1089,7.9,91,10,55,7,Pass,High,None,Excellent
1090,2.6,63,1,34,5,Fail,Low,"Math,English,Physics",Poor
1091,7.6,71,3,34,7,Pass,Medium,Math,Average
1092,5.5,53,10,32,7,Pass,Medium,"Math,English",Average
1093,5.3,81,7,67,6,Pass,High,None,Excellent
1094,4.6,81,7,30,5,Pass,Medium,Math,Good
1095,2.6,87,2,37,6,Fail,Low,"Math,Physics",Good
1096,2.2,72,3,42,6,Fail,Low,"Math,Physics",Poor
1097,2.5,96,7,79,8,Pass,High,Physics,Excellent
1098,2.3,68,6,37,5,Fail,Low,"Math,Physics",Poor
1099,6.5,72,7,59,6,Pass,High,None,Good
1100,3.5,80,10,69,9,Pass,High,None,Excellent
1101,1.4,96,9,62,7,Pass,Medium,Physics,Good
1102,7.8,62,8,81,5,Pass,High,English,Good
1103,7.2,69,6,62,8,Pass,High,None,Good
1104,7.5,79,4,66,6,Pass,High,None,Good
1105,8,48,10,33,9,Pass,High,"Math,English",Good
1106,2.2,58,9,89,7,Pass,High,"English,Physics",Good
1107,3.8,83,7,60,7,Pass,High,None,Excellent
1108,6.3,70,5,43,9,Pass,High,Math,Good
1109,5.9,52,2,89,5,Pass,High,English,Good
1110,2.1,68,9,55,7,Pass,Medium,Physics,Average
1111,6.7,60,7,53,7,Pass,High,English,Good
1112,2.6,64,9,85,7,Pass,High,"English,Physics",Good
1113,2.6,59,9,38,6,Pass,Medium,"Math,English,Physics",Average
1114,4.8,51,10,64,6,Pass,High,English,Good
1115,5.2,61,5,53,7,Pass,Medium,English,Average
1116,5.1,66,7,60,8,Pass,High,None,Good
1117,1.6,66,5,95,7,Pass,Medium,Physics,Average
1118,7.1,98,3,95,5,Pass,High,None,Excellent
1119,2.9,56,10,70,8,Pass,High,"English,Physics",Good
1120,1.9,62,8,65,5,Pass,Medium,"English,Physics",Average
1121,7.2,100,8,63,9,Pass,High,None,Excellent
1122,7.7,90,9,68,9,Pass,High,None,Excellent
1123,7,91,6,52,6,Pass,High,None,Excellent
1124,6.7,59,2,73,6,Pass,High,English,Good
1125,5.6,81,3,87,6,Pass,High,None,Excellent
1126,4.9,60,10,88,9,Pass,High,English,Good
1127,1.6,49,6,55,5,Fail,Low,"English,Physics",Poor
1128,3.9,46,1,51,8,Fail,Low,English,Poor
1129,3.6,96,2,69,6,Pass,Medium,None,Good
1130,2.8,72,8,40,9,Pass,Medium,"Math,Physics",Average
1131,6.1,85,8,38,6,Pass,High,Math,Excellent
1132,4.5,98,6,41,7,Pass,Medium,Math,Good
1133,1.6,71,3,55,8,Fail,Low,Physics,Poor
1134,2.5,75,2,67,5,Pass,Medium,Physics,Good
1135,5.8,85,6,32,6,Pass,Medium,Math,Good
1136,1.5,80,1,44,7,Fail,Low,"Math,Physics",Good
1137,7,91,10,76,7,Pass,High,None,Excellent
1138,4.5,87,6,34,8,Pass,Medium,Math,Good
1139,4.4,45,9,83,9,Pass,High,English,Good
1140,5.1,94,7,53,9,Pass,High,None,Excellent
1141,6.8,73,9,40,6,Pass,High,Math,Good
1142,3.4,45,2,62,6,Fail,Low,English,Poor
1143,5.7,52,5,86,9,Pass,High,English,Good
1144,5,60,9,81,5,Pass,High,English,Good
1145,2.9,72,7,93,5,Pass,High,Physics,Good
1146,7.2,66,9,72,7,Pass,High,None,Good
1147,6.6,62,6,73,8,Pass,High,English,Good
1148,5.6,66,7,65,5,Pass,High,None,Good
1149,7,85,10,41,6,Pass,High,Math,Excellent
1150,7.1,56,5,85,5,Pass,High,English,Good
1151,6,63,6,32,8,Pass,Medium,"Math,English",Average
1152,6.9,69,1,79,6,Pass,High,None,Good
1153,5.9,94,1,58,8,Pass,High,None,Excellent
1154,5.8,49,2,45,9,Pass,Medium,"Math,English",Average
1155,5.3,78,4,69,8,Pass,High,None,Good
1156,6.3,83,9,56,8,Pass,High,None,Excellent
1157,2.1,54,7,71,8,Pass,Medium,"English,Physics",Average
1158,7.2,91,6,86,6,Pass,High,None,Excellent
1159,7.1,51,1,39,8,Pass,Medium,"Math,English",Average
1160,1.2,81,5,67,8,Pass,Medium,Physics,Good
1161,6.8,91,4,37,7,Pass,High,Math,Excellent
1162,1.9,96,5,47,6,Pass,Medium,"Math,Physics",Good
1163,3.3,96,9,46,8,Pass,High,Math,Excellent
1164,6.2,59,3,87,5,Pass,High,English,Good
1165,2.1,86,4,95,8,Pass,High,Physics,Excellent
1166,6.7,68,8,73,5,Pass,High,None,Good
1167,6.8,70,3,38,9,Pass,Medium,Math,Average
1168,4.6,70,3,77,9,Pass,High,None,Good
1169,1,90,9,68,6,Pass,Medium,Physics,Good
1170,3,70,5,35,6,Fail,Low,Math,Poor
1171,5.3,54,10,59,9,Pass,High,English,Good
1172,7.9,61,1,47,6,Pass,Medium,"Math,English",Average
1173,5.4,97,7,72,5,Pass,High,None,Excellent
1174,2.8,58,7,62,5,Pass,Medium,"English,Physics",Average
1175,5.4,46,6,82,7,Pass,High,English,Good
1176,4.8,92,6,85,6,Pass,High,None,Excellent
1177,6.5,57,3,48,6,Pass,Medium,"Math,English",Average
1178,1.7,71,3,55,7,Fail,Low,Physics,Poor
1179,6.3,53,10,58,8,Pass,High,English,Good
1180,4.8,51,9,53,5,Pass,Medium,English,Average
1181,7.7,92,1,35,8,Pass,High,Math,Excellent
1182,3.4,54,7,83,7,Pass,Medium,English,Average
1183,5.4,100,10,68,6,Pass,High,None,Excellent
1184,7.5,98,7,33,8,Pass,High,Math,Excellent
1185,1.7,53,8,87,6,Pass,Medium,"English,Physics",Average
1186,7.6,66,6,77,7,Pass,High,None,Good
1187,5.8,67,8,89,9,Pass,High,None,Good
1188,1.5,51,1,55,6,Fail,Low,"English,Physics",Poor
1189,3.1,92,1,69,8,Pass,Medium,None,Good
1190,6,53,9,85,8,Pass,High,English,Good
1191,1.5,71,4,68,7,Pass,Medium,Physics,Average
1192,5.1,68,3,68,8,Pass,Medium,None,Average
1193,3.4,73,6,77,5,Pass,Medium,None,Average
1194,5.3,61,10,54,6,Pass,High,English,Good
1195,1.3,64,9,63,5,Pass,Medium,"English,Physics",Average
1196,7.1,51,10,50,7,Pass,High,English,Good
1197,7.8,87,4,54,5,Pass,High,None,Excellent
1198,7.8,84,9,51,5,Pass,High,None,Excellent
1199,6.2,51,5,52,6,Pass,Medium,English,Average
1200,1.9,72,7,54,6,Pass,Medium,Physics,Average
1201,6.3,63,3,55,9,Pass,High,English,Good
1202,1.2,64,3,59,5,Fail,Low,"English,Physics",Poor
1203,1.2,88,3,67,6,Pass,Medium,Physics,Good
1204,3.3,83,8,63,5,Pass,Medium,None,Good
1205,4.4,84,6,44,5,Pass,Medium,Math,Good
1206,6.4,51,9,73,7,Pass,High,English,Good
1207,5.8,50,9,39,7,Pass,Medium,"Math,English",Average
1208,4.1,69,8,66,5,Pass,Medium,None,Average
1209,2.9,85,1,36,7,Fail,Low,"Math,Physics",Good
1210,8,57,6,61,6,Pass,High,English,Good
1211,4,83,4,40,5,Pass,Medium,Math,Good
1212,4.2,84,4,77,7,Pass,High,None,Excellent
1213,2.1,66,3,77,6,Pass,Medium,Physics,Average
1214,6.6,93,9,74,5,Pass,High,None,Excellent
1215,5.9,61,2,62,5,Pass,Medium,English,Average
1216,2.5,92,1,33,7,Fail,Low,"Math,Physics",Good
1217,1.6,66,10,76,6,Pass,Medium,Physics,Average
1218,5.8,78,3,82,5,Pass,High,None,Good
1219,5.6,52,4,60,5,Pass,Medium,English,Average
1220,2.9,93,4,60,9,Pass,Medium,Physics,Good
1221,7.7,89,6,56,5,Pass,High,None,Excellent
1222,2.1,62,1,77,9,Pass,Medium,"English,Physics",Average
1223,4,68,1,65,9,Pass,Medium,None,Average
1224,7.6,98,2,78,6,Pass,High,None,Excellent
1225,3.9,86,4,60,8,Pass,Medium,None,Good
1226,5.5,46,7,73,9,Pass,High,English,Good
1227,3.8,46,6,88,6,Pass,Medium,English,Average
1228,2.9,71,9,52,7,Pass,Medium,Physics,Average
1229,7.9,58,7,71,9,Pass,High,English,Good
1230,3.9,92,5,71,8,Pass,High,None,Excellent
1231,7.3,83,6,42,7,Pass,High,Math,Excellent
1232,2.6,97,10,30,9,Pass,Medium,"Math,Physics",Good
1233,2.5,97,9,82,9,Pass,High,Physics,Excellent
1234,1.2,100,1,69,8,Pass,Medium,Physics,Good
1235,5.6,56,9,75,5,Pass,High,English,Good
1236,3.6,76,6,51,8,Pass,Medium,None,Good
1237,7.1,72,4,81,6,Pass,High,None,Good
1238,4.3,99,5,57,6,Pass,High,None,Excellent
1239,7.8,72,1,82,8,Pass,High,None,Good
1240,2.3,90,7,92,8,Pass,High,Physics,Excellent
1241,7.1,69,8,46,8,Pass,High,Math,Good
1242,6.4,48,5,93,8,Pass,High,English,Good
1243,6.4,70,2,35,8,Pass,Medium,Math,Average
1244,6.9,80,8,43,9,Pass,High,Math,Excellent
1245,6.3,94,10,46,7,Pass,High,Math,Excellent
1246,5.4,47,7,67,6,Pass,High,English,Good
1247,1.9,45,10,42,6,Fail,Low,"Math,English,Physics",Poor
1248,1.2,61,9,82,7,Pass,Medium,"English,Physics",Average
1249,7.4,51,4,38,8,Pass,Medium,"Math,English",Average
1250,5.3,92,9,73,7,Pass,High,None,Excellent
1251,6.6,49,4,55,8,Pass,Medium,English,Average
1252,4.4,63,3,48,6,Pass,Medium,"Math,English",Average
1253,1.8,83,3,77,5,Pass,Medium,Physics,Good
1254,1.9,90,10,59,6,Pass,Medium,Physics,Good
1255,5.8,78,2,61,6,Pass,Medium,None,Good
1256,4,79,10,40,5,Pass,Medium,Math,Good
1257,2.4,93,3,55,7,Pass,Medium,Physics,Good
1258,4.4,60,8,55,9,Pass,High,English,Good
1259,1.4,84,8,46,8,Pass,Medium,"Math,Physics",Good
1260,5.1,94,2,73,8,Pass,High,None,Excellent
1261,2.9,91,2,52,6,Pass,Medium,Physics,Good
1262,6.6,83,2,54,5,Pass,Medium,None,Good
1263,3.2,71,10,66,6,Pass,High,None,Good
1264,4.2,85,7,94,6,Pass,High,None,Excellent
1265,1.1,82,6,31,7,Fail,Low,"Math,Physics",Good
1266,1.5,94,1,61,8,Pass,Medium,Physics,Good
1267,3.7,94,2,84,9,Pass,High,None,Excellent
1268,4.4,69,1,79,5,Pass,Medium,None,Average
1269,5.2,70,7,94,9,Pass,High,None,Good
1270,3,100,6,61,5,Pass,Medium,None,Good
1271,5.9,58,2,66,8,Pass,Medium,English,Average
1272,7,58,2,42,7,Pass,Medium,"Math,English",Average
1273,6.5,58,2,83,9,Pass,High,English,Good
1274,1.3,69,8,32,5,Fail,Low,"Math,Physics",Poor
1275,4.4,80,7,71,6,Pass,High,None,Excellent
1276,1.7,48,1,69,8,Fail,Low,"English,Physics",Poor
1277,2.7,91,4,95,7,Pass,High,Physics,Excellent
1278,7.9,59,4,89,6,Pass,High,English,Good
1279,2,76,7,40,7,Pass,Medium,"Math,Physics",Good
1280,4.5,62,2,30,5,Fail,Low,"Math,English",Poor
1281,5.3,58,4,55,6,Pass,Medium,English,Average
1282,5.9,45,1,71,7,Pass,Medium,English,Average
1283,4.9,86,4,91,8,Pass,High,None,Excellent
1284,1.1,64,1,90,9,Pass,Medium,"English,Physics",Average
1285,3.3,54,2,91,9,Pass,Medium,English,Average
1286,4.6,54,2,41,6,Fail,Low,"Math,English",Poor
1287,1.6,68,10,56,8,Pass,Medium,Physics,Average
1288,3.5,78,3,57,8,Pass,Medium,None,Good
1289,1.2,72,8,95,7,Pass,Medium,Physics,Average
1290,1.6,71,6,57,6,Pass,Medium,Physics,Average
1291,3.8,84,6,50,8,Pass,Medium,None,Good
1292,1.9,45,9,36,7,Fail,Low,"Math,English,Physics",Poor
1293,5,77,8,43,8,Pass,High,Math,Good
1294,5.8,48,2,68,6,Pass,Medium,English,Average
1295,6.6,51,6,91,8,Pass,High,English,Good
1296,2.4,53,1,41,8,Fail,Low,"Math,English,Physics",Poor
1297,2.2,60,9,67,8,Pass,Medium,"English,Physics",Average
1298,1.7,49,4,87,9,Pass,Medium,"English,Physics",Average
1299,5.5,78,4,85,5,Pass,High,None,Good
1300,5.9,67,9,68,6,Pass,High,None,Good
1301,1.2,87,3,33,9,Fail,Low,"Math,Physics",Good
1302,7.6,94,5,77,5,Pass,High,None,Excellent
1303,1.4,69,1,36,8,Fail,Low,"Math,Physics",Poor
1304,4.8,95,6,89,8,Pass,High,None,Excellent
1305,6,57,3,69,9,Pass,High,English,Good
1306,7.1,68,1,37,7,Pass,Medium,Math,Average
1307,6,55,10,87,6,Pass,High,English,Good
1308,6.6,96,6,86,5,Pass,High,None,Excellent
1309,3.4,95,10,64,8,Pass,High,None,Excellent
1310,6.7,61,2,42,6,Pass,Medium,"Math,English",Average
1311,1.6,81,8,68,8,Pass,Medium,Physics,Good
1312,7.3,57,2,50,8,Pass,Medium,English,Average
1313,4.8,71,4,76,8,Pass,High,None,Good
1314,6.7,64,3,31,6,Pass,Medium,"Math,English",Average
1315,4.2,77,9,73,9,Pass,High,None,Good
1316,5.5,86,2,59,6,Pass,Medium,None,Good
1317,4.7,76,3,84,6,Pass,High,None,Good
1318,6.1,52,7,69,7,Pass,High,English,Good
1319,1.6,100,4,53,7,Pass,Medium,Physics,Good
1320,1.4,73,6,71,9,Pass,Medium,Physics,Average
1321,2.7,84,3,57,7,Pass,Medium,Physics,Good
1322,2.1,63,1,80,9,Pass,Medium,"English,Physics",Average
1323,7.1,50,6,51,8,Pass,High,English,Good
1324,2.5,88,4,37,8,Pass,Medium,"Math,Physics",Good
1325,7.8,83,2,43,6,Pass,High,Math,Excellent
1326,3.4,92,7,74,8,Pass,High,None,Excellent
1327,2.3,85,10,67,7,Pass,High,Physics,Excellent
1328,6.5,65,5,61,5,Pass,High,None,Good
1329,5.6,66,6,91,6,Pass,High,None,Good
1330,4.5,86,6,90,9,Pass,High,None,Excellent
1331,4.9,54,9,42,8,Pass,Medium,"Math,English",Average
1332,6,54,2,76,6,Pass,Medium,English,Average
1333,2.6,96,6,83,6,Pass,High,Physics,Excellent
1334,8,73,9,81,6,Pass,High,None,Good
1335,7.8,60,4,54,8,Pass,High,English,Good
1336,5.6,45,6,52,9,Pass,Medium,English,Average
1337,2.4,61,7,59,6,Pass,Medium,"English,Physics",Average
1338,5.8,74,1,40,6,Pass,Medium,Math,Average
1339,1.5,70,5,64,6,Pass,Medium,Physics,Average
1340,1.2,97,4,56,8,Pass,Medium,Physics,Good
1341,2.8,90,10,76,7,Pass,High,Physics,Excellent
1342,4.2,63,2,79,9,Pass,Medium,English,Average
1343,7.1,97,2,37,6,Pass,High,Math,Excellent
1344,6.1,65,2,84,6,Pass,High,None,Good
1345,6.2,61,7,71,6,Pass,High,English,Good
1346,4,90,4,49,8,Pass,Medium,Math,Good
1347,3.4,84,6,74,7,Pass,High,None,Excellent
1348,3.6,65,7,64,6,Pass,Medium,None,Average
1349,7.9,97,9,49,6,Pass,High,Math,Excellent
1350,1.3,85,2,53,8,Fail,Low,Physics,Good
1351,7.1,84,10,86,9,Pass,High,None,Excellent
1352,5.1,89,9,84,9,Pass,High,None,Excellent
1353,4.1,93,5,38,7,Pass,Medium,Math,Good
1354,6.1,63,6,45,9,Pass,High,"Math,English",Good
1355,4.4,51,6,84,6,Pass,High,English,Good
1356,7.1,61,3,87,8,Pass,High,English,Good
1357,7.3,45,10,93,6,Pass,High,English,Good
1358,4,81,7,78,6,Pass,High,None,Excellent
1359,2.9,50,7,58,7,Pass,Medium,"English,Physics",Average
1360,5.1,70,8,36,9,Pass,High,Math,Good
1361,7.4,46,5,31,9,Pass,Medium,"Math,English",Average
1362,2.5,76,2,62,9,Pass,Medium,Physics,Good
1363,5.4,92,3,77,6,Pass,High,None,Excellent
1364,5.4,98,9,66,8,Pass,High,None,Excellent
1365,6.1,49,6,59,8,Pass,High,English,Good
1366,1.9,81,8,70,6,Pass,Medium,Physics,Good
1367,6,75,8,33,5,Pass,Medium,Math,Good
1368,7.4,56,5,68,6,Pass,High,English,Good
1369,2.3,79,1,53,9,Pass,Medium,Physics,Good
1370,2.7,74,6,79,6,Pass,Medium,Physics,Average
1371,7.8,92,7,66,5,Pass,High,None,Excellent
1372,2.3,50,9,82,6,Pass,Medium,"English,Physics",Average
1373,7,59,2,54,9,Pass,High,English,Good
1374,4.4,59,2,60,7,Pass,Medium,English,Average
1375,2.7,60,10,67,8,Pass,Medium,"English,Physics",Average
1376,7.1,64,1,87,5,Pass,High,English,Good
1377,4.1,57,5,82,7,Pass,Medium,English,Average
1378,4.6,88,2,79,8,Pass,High,None,Excellent
1379,3.5,86,3,33,7,Pass,Medium,Math,Good
1380,5.2,90,2,81,6,Pass,High,None,Excellent
1381,2.1,75,4,60,6,Pass,Medium,Physics,Good
1382,3.7,78,3,43,8,Pass,Medium,Math,Good
1383,7.8,73,9,30,8,Pass,High,Math,Good
1384,2.8,47,10,72,6,Pass,Medium,"English,Physics",Average
1385,5.6,53,2,88,6,Pass,High,English,Good
1386,3.3,55,7,90,8,Pass,High,English,Good
1387,6.4,55,3,70,8,Pass,High,English,Good
1388,1.9,69,10,47,8,Pass,Medium,"Math,Physics",Average
1389,7.8,66,8,89,9,Pass,High,None,Good
1390,4.2,86,4,88,9,Pass,High,None,Excellent
1391,2.7,90,4,71,6,Pass,Medium,Physics,Good
1392,1.5,53,9,65,9,Pass,Medium,"English,Physics",Average
1393,2.2,64,3,69,5,Fail,Low,"English,Physics",Poor
1394,4.6,65,7,59,6,Pass,Medium,None,Average
1395,3.4,54,1,40,5,Fail,Low,"Math,English",Poor
1396,6.8,66,7,54,7,Pass,High,None,Good
1397,4,73,10,74,5,Pass,High,None,Good
1398,2.7,53,2,80,7,Pass,Medium,"English,Physics",Average
1399,5.3,49,6,72,5,Pass,Medium,English,Average
1400,5.9,84,9,95,7,Pass,High,None,Excellent
1401,2.2,55,6,76,7,Pass,Medium,"English,Physics",Average
1402,2.2,45,3,53,6,Fail,Low,"English,Physics",Poor
1403,1.3,97,1,66,8,Pass,Medium,Physics,Good
1404,6.2,86,4,85,8,Pass,High,None,Excellent
1405,5.6,45,4,75,6,Pass,Medium,English,Average
1406,4.3,98,8,57,7,Pass,High,None,Excellent
1407,6.9,83,10,81,8,Pass,High,None,Excellent
1408,6.6,90,10,44,8,Pass,High,Math,Excellent
1409,5.1,49,7,74,5,Pass,High,English,Good
1410,7.1,93,10,87,9,Pass,High,None,Excellent
1411,2.4,66,7,70,6,Pass,Medium,Physics,Average
1412,1.8,70,7,94,9,Pass,High,Physics,Good
1413,2.9,97,2,69,7,Pass,Medium,Physics,Good
1414,1.4,50,9,34,5,Fail,Low,"Math,English,Physics",Poor
1415,4.7,76,6,57,8,Pass,High,None,Good
1416,7.6,92,2,67,5,Pass,High,None,Excellent
1417,1.3,55,1,47,6,Fail,Low,"Math,English,Physics",Poor
1418,1.9,54,1,66,7,Fail,Low,"English,Physics",Poor
1419,4.2,91,1,56,5,Pass,Medium,None,Good
1420,7.5,83,4,54,5,Pass,High,None,Excellent
1421,3.2,99,4,56,5,Pass,Medium,None,Good
1422,4.6,78,9,83,8,Pass,High,None,Good
1423,1.3,75,1,36,7,Fail,Low,"Math,Physics",Good
1424,2,56,3,56,8,Fail,Low,"English,Physics",Poor
1425,7.9,95,3,88,5,Pass,High,None,Excellent
1426,7.8,88,8,60,8,Pass,High,None,Excellent
1427,1,60,2,33,8,Fail,Low,"Math,English,Physics",Poor
1428,7.7,82,6,47,6,Pass,High,Math,Excellent
1429,5.5,47,4,92,9,Pass,High,English,Good
1430,7.1,46,10,81,9,Pass,High,English,Good
1431,4.2,96,6,92,6,Pass,High,None,Excellent
1432,4.6,49,5,74,6,Pass,Medium,English,Average
1433,4.4,55,9,41,8,Pass,Medium,"Math,English",Average
1434,5.7,69,9,37,8,Pass,High,Math,Good
1435,2,79,1,51,7,Fail,Low,Physics,Good
1436,1.2,79,3,70,9,Pass,Medium,Physics,Good
1437,3.2,66,1,70,8,Pass,Medium,None,Average
1438,5.9,81,6,86,7,Pass,High,None,Excellent
1439,2.4,66,3,61,9,Pass,Medium,Physics,Average
1440,5.7,99,1,84,7,Pass,High,None,Excellent
1441,7.8,55,6,35,7,Pass,High,"Math,English",Good
1442,1.7,76,5,68,6,Pass,Medium,Physics,Good
1443,5.7,79,8,38,5,Pass,High,Math,Good
1444,4.1,75,2,61,5,Pass,Medium,None,Good
1445,7.1,89,8,65,5,Pass,High,None,Excellent
1446,2.2,97,5,45,7,Pass,Medium,"Math,Physics",Good
1447,5.8,52,8,41,8,Pass,Medium,"Math,English",Average
1448,6.9,64,10,70,5,Pass,High,English,Good
1449,7.6,86,4,87,8,Pass,High,None,Excellent
1450,5.8,78,4,38,9,Pass,Medium,Math,Good
1451,4.5,48,10,46,5,Pass,Medium,"Math,English",Average
1452,5.3,62,4,34,7,Pass,Medium,"Math,English",Average
1453,7.1,95,6,55,6,Pass,High,None,Excellent
1454,5,48,4,30,7,Pass,Medium,"Math,English",Average
1455,1.2,64,9,30,8,Fail,Low,"Math,English,Physics",Poor
1456,7.5,53,9,64,9,Pass,High,English,Good
1457,5.8,60,3,38,7,Pass,Medium,"Math,English",Average
1458,5.7,70,7,67,6,Pass,High,None,Good
1459,2.5,82,5,33,6,Fail,Low,"Math,Physics",Good
1460,5.6,69,9,81,9,Pass,High,None,Good
1461,3.8,48,2,48,5,Fail,Low,"Math,English",Poor
1462,5.6,85,3,34,7,Pass,Medium,Math,Good
1463,1.7,89,10,77,7,Pass,High,Physics,Excellent
1464,5.6,85,5,92,6,Pass,High,None,Excellent
1465,8,82,5,67,8,Pass,High,None,Excellent
1466,1.3,97,10,81,7,Pass,High,Physics,Excellent
1467,7.8,63,7,75,6,Pass,High,English,Good
1468,3.8,58,8,38,8,Pass,Medium,"Math,English",Average
1469,7.1,65,8,79,5,Pass,High,None,Good
1470,6.5,59,1,95,5,Pass,High,English,Good
1471,5,47,1,67,6,Pass,Medium,English,Average
1472,6.2,81,3,56,6,Pass,High,None,Excellent
1473,7.1,97,1,49,5,Pass,High,Math,Excellent
1474,3.8,94,1,91,6,Pass,High,None,Excellent
1475,3.3,90,10,45,9,Pass,High,Math,Excellent
1476,5.7,60,8,42,7,Pass,Medium,"Math,English",Average
1477,6.7,58,1,49,9,Pass,Medium,"Math,English",Average
1478,6.3,53,9,53,8,Pass,High,English,Good
1479,6.6,91,2,79,6,Pass,High,None,Excellent
1480,4,51,9,36,6,Pass,Medium,"Math,English",Average
1481,6.7,58,7,58,8,Pass,High,English,Good
1482,1.8,50,9,34,7,Fail,Low,"Math,English,Physics",Poor
1483,4.8,65,3,64,5,Pass,Medium,None,Average
1484,1,59,1,94,9,Pass,Medium,"English,Physics",Average
1485,3.3,96,1,36,7,Pass,Medium,Math,Good
1486,3.6,52,10,73,5,Pass,Medium,English,Average
1487,3.8,78,6,42,5,Pass,Medium,Math,Good
1488,5.9,84,7,67,6,Pass,High,None,Excellent
1489,3.7,45,9,42,8,Pass,Medium,"Math,English",Average
1490,4.1,76,6,83,6,Pass,High,None,Good
1491,2.7,93,5,73,8,Pass,Medium,Physics,Good
1492,3.6,95,2,42,6,Pass,Medium,Math,Good
1493,2.6,49,2,54,9,Fail,Low,"English,Physics",Poor
1494,1.5,74,8,53,6,Pass,Medium,Physics,Average
1495,5.2,66,1,58,9,Pass,Medium,None,Average
1496,5.7,64,8,47,7,Pass,High,"Math,English",Good
1497,5.3,60,10,34,7,Pass,Medium,"Math,English",Average
1498,4.2,51,7,47,6,Pass,Medium,"Math,English",Average
1499,3.7,51,7,92,7,Pass,High,English,Good
1500,7,94,5,66,5,Pass,High,None,Excellent
1501,4.6,94,3,84,9,Pass,High,None,Excellent
1502,4.4,46,7,41,8,Pass,Medium,"Math,English",Average
1503,1.2,91,7,81,9,Pass,Medium,Physics,Good
1504,3.4,58,7,86,6,Pass,Medium,English,Average
1505,3.7,75,2,75,7,Pass,Medium,None,Good
1506,3.8,94,3,73,7,Pass,Medium,None,Good
1507,5.1,85,3,53,5,Pass,Medium,None,Good
1508,4.7,58,4,38,7,Pass,Medium,"Math,English",Average
1509,5.3,49,9,41,6,Pass,Medium,"Math,English",Average
1510,6.4,55,10,38,6,Pass,High,"Math,English",Good
1511,6.7,84,1,51,8,Pass,High,None,Excellent
1512,6,49,7,46,9,Pass,High,"Math,English",Good
1513,7.7,73,7,62,9,Pass,High,None,Good
1514,1.1,55,4,76,9,Pass,Medium,"English,Physics",Average
1515,2.4,49,1,44,8,Fail,Low,"Math,English,Physics",Poor
1516,1.1,93,3,62,8,Pass,Medium,Physics,Good
1517,5.5,98,5,44,8,Pass,High,Math,Excellent
1518,7.3,76,2,56,5,Pass,High,None,Good
1519,2.7,80,7,90,8,Pass,High,Physics,Excellent
1520,7.5,59,10,77,7,Pass,High,English,Good
1521,1.4,63,10,37,5,Fail,Low,"Math,English,Physics",Poor
1522,7.5,66,7,35,7,Pass,High,Math,Good
1523,3.5,78,10,92,9,Pass,High,None,Good
1524,1.7,100,5,31,6,Fail,Low,"Math,Physics",Good
1525,4.4,61,10,51,9,Pass,High,English,Good
1526,2.8,56,6,50,8,Pass,Medium,"English,Physics",Average
1527,3,69,1,35,6,Fail,Low,Math,Poor
1528,3.2,100,4,42,9,Pass,Medium,Math,Good
1529,6.6,61,4,30,5,Pass,Medium,"Math,English",Average
1530,4.8,54,8,51,8,Pass,Medium,English,Average
1531,3.2,72,2,53,9,Pass,Medium,None,Average
1532,5.3,62,1,93,6,Pass,High,English,Good
1533,6,95,7,70,7,Pass,High,None,Excellent
1534,2.9,62,6,51,9,Pass,Medium,"English,Physics",Average
1535,3.9,89,5,90,5,Pass,High,None,Excellent
1536,1.9,76,8,41,6,Pass,Medium,"Math,Physics",Good
1537,2.3,58,2,33,9,Fail,Low,"Math,English,Physics",Poor
1538,5.8,100,2,41,7,Pass,Medium,Math,Good
1539,2.3,60,9,62,8,Pass,Medium,"English,Physics",Average
1540,4.7,94,1,50,8,Pass,Medium,None,Good
1541,6,62,6,81,8,Pass,High,English,Good
1542,1.7,60,3,76,6,Pass,Medium,"English,Physics",Average
1543,5,61,5,88,7,Pass,High,English,Good
1544,2.8,51,8,76,7,Pass,Medium,"English,Physics",Average
1545,7.7,56,7,85,9,Pass,High,English,Good
1546,4.4,78,4,42,8,Pass,Medium,Math,Good
1547,6.6,54,8,73,6,Pass,High,English,Good
1548,4.9,49,10,64,8,Pass,High,English,Good
1549,1.3,65,2,58,8,Fail,Low,Physics,Poor
1550,5.4,47,7,85,9,Pass,High,English,Good
1551,7.7,63,5,34,9,Pass,High,"Math,English",Good
1552,5.2,89,6,82,9,Pass,High,None,Excellent
1553,6.7,88,3,89,5,Pass,High,None,Excellent
1554,7.2,79,10,35,5,Pass,High,Math,Good
1555,2.6,50,7,77,6,Pass,Medium,"English,Physics",Average
1556,2.5,58,7,64,6,Pass,Medium,"English,Physics",Average
1557,5.3,48,2,47,9,Pass,Medium,"Math,English",Average
1558,3.9,89,1,40,7,Pass,Medium,Math,Good
1559,6.9,95,10,80,6,Pass,High,None,Excellent
1560,7.3,62,2,52,5,Pass,Medium,English,Average
1561,3.5,73,8,76,5,Pass,High,None,Good
1562,2.7,79,10,88,8,Pass,High,Physics,Good
1563,6.5,96,3,86,9,Pass,High,None,Excellent
1564,2.9,82,4,85,7,Pass,Medium,Physics,Good
1565,6.8,60,8,56,9,Pass,High,English,Good
1566,4,64,3,64,5,Pass,Medium,English,Average
1567,5.7,68,6,84,7,Pass,High,None,Good
1568,1.7,79,2,38,6,Fail,Low,"Math,Physics",Good
1569,5.4,88,3,47,8,Pass,Medium,Math,Good
1570,4.2,95,1,73,5,Pass,Medium,None,Good
1571,5.1,63,9,50,8,Pass,High,English,Good
1572,2.2,100,4,85,9,Pass,High,Physics,Excellent
1573,6.2,48,6,77,7,Pass,High,English,Good
1574,7,77,7,30,9,Pass,High,Math,Good
1575,2.5,46,2,56,8,Fail,Low,"English,Physics",Poor
1576,1.7,57,8,74,5,Pass,Medium,"English,Physics",Average
1577,1.2,89,9,92,8,Pass,High,Physics,Excellent
1578,5.5,74,10,87,5,Pass,High,None,Good
1579,5.2,78,2,69,8,Pass,High,None,Good
1580,4.8,74,5,92,9,Pass,High,None,Good
1581,2.6,95,2,67,8,Pass,Medium,Physics,Good
1582,3.7,98,5,58,6,Pass,Medium,None,Good
1583,5.2,68,7,69,9,Pass,High,None,Good
1584,4.5,92,6,48,8,Pass,High,Math,Excellent
1585,7.9,88,4,85,8,Pass,High,None,Excellent
1586,2,77,2,73,7,Pass,Medium,Physics,Good
1587,5.9,85,7,94,9,Pass,High,None,Excellent
1588,3.8,93,10,42,7,Pass,High,Math,Excellent
1589,4,54,9,59,9,Pass,High,English,Good
1590,6,62,1,78,5,Pass,Medium,English,Average
1591,5.8,63,3,92,9,Pass,High,English,Good
1592,7.9,51,7,64,9,Pass,High,English,Good
1593,1.9,63,9,40,8,Pass,Medium,"Math,English,Physics",Average
1594,1.7,68,5,78,6,Pass,Medium,Physics,Average
1595,6.1,59,7,69,9,Pass,High,English,Good
1596,5,85,10,50,7,Pass,High,None,Excellent
1597,2.9,86,7,76,6,Pass,High,Physics,Excellent
1598,1.6,67,4,32,9,Fail,Low,"Math,Physics",Poor
1599,1.6,96,5,59,6,Pass,Medium,Physics,Good
1600,7.3,96,2,91,5,Pass,High,None,Excellent
1601,2.3,48,8,66,6,Pass,Medium,"English,Physics",Average
1602,3.3,82,1,51,5,Fail,Low,None,Good
1603,2.6,48,2,60,6,Fail,Low,"English,Physics",Poor
1604,3.5,49,3,75,6,Pass,Medium,English,Average
1605,1.5,85,7,74,7,Pass,Medium,Physics,Good
1606,4.6,88,6,43,7,Pass,Medium,Math,Good
1607,1.5,67,7,41,8,Fail,Low,"Math,Physics",Poor
1608,6.6,84,5,92,6,Pass,High,None,Excellent
1609,2.6,97,4,67,5,Pass,Medium,Physics,Good
1610,4.8,81,7,76,6,Pass,High,None,Excellent
1611,7.2,55,3,83,9,Pass,High,English,Good
1612,5.6,99,10,84,5,Pass,High,None,Excellent
1613,4.7,55,7,77,9,Pass,High,English,Good
1614,3.3,57,2,44,8,Fail,Low,"Math,English",Poor
1615,3.3,58,8,45,9,Pass,Medium,"Math,English",Average
1616,5.7,52,6,72,8,Pass,High,English,Good
1617,8,69,3,36,8,Pass,High,Math,Good
1618,5.6,62,3,72,8,Pass,High,English,Good
1619,4.9,95,5,57,9,Pass,High,None,Excellent
1620,6.1,88,3,95,8,Pass,High,None,Excellent
1621,4.3,88,6,89,8,Pass,High,None,Excellent
1622,1.4,62,2,32,7,Fail,Low,"Math,English,Physics",Poor
1623,4.9,54,8,30,6,Pass,Medium,"Math,English",Average
1624,7.7,51,9,60,8,Pass,High,English,Good
1625,2.2,94,7,85,5,Pass,High,Physics,Excellent
1626,5.8,88,3,75,5,Pass,High,None,Excellent
1627,2.4,58,10,61,7,Pass,Medium,"English,Physics",Average
1628,4.8,59,4,47,9,Pass,Medium,"Math,English",Average
1629,1.7,60,10,64,9,Pass,Medium,"English,Physics",Average
1630,4.2,46,2,52,9,Pass,Medium,English,Average
1631,6.3,74,9,42,8,Pass,High,Math,Good
1632,3.4,74,5,43,9,Pass,Medium,Math,Average
1633,5.7,62,2,66,9,Pass,Medium,English,Average
1634,6.6,75,10,34,6,Pass,High,Math,Good
1635,7.5,88,6,51,8,Pass,High,None,Excellent
1636,2.6,92,7,57,8,Pass,Medium,Physics,Good
1637,3.8,57,2,33,5,Fail,Low,"Math,English",Poor
1638,2.1,64,1,79,5,Fail,Low,"English,Physics",Poor
1639,7.9,93,7,58,6,Pass,High,None,Excellent
1640,7.5,94,1,66,7,Pass,High,None,Excellent
1641,4.8,79,3,64,8,Pass,Medium,None,Good
1642,6.9,67,4,49,5,Pass,Medium,Math,Average
1643,4.6,86,2,64,9,Pass,Medium,None,Good
1644,5.4,77,7,31,8,Pass,Medium,Math,Good
1645,1.6,82,5,87,8,Pass,Medium,Physics,Good
1646,6.3,79,1,47,8,Pass,Medium,Math,Good
1647,1.9,95,8,85,5,Pass,High,Physics,Excellent
1648,6.8,80,10,93,6,Pass,High,None,Excellent
1649,6.5,64,7,81,5,Pass,High,English,Good
1650,6,99,4,51,9,Pass,High,None,Excellent
1651,1.3,47,2,89,9,Pass,Medium,"English,Physics",Average
1652,3.1,52,7,39,7,Pass,Medium,"Math,English",Average
1653,2.8,84,2,35,5,Fail,Low,"Math,Physics",Good
1654,3.5,76,6,35,5,Pass,Medium,Math,Good
1655,1.6,73,1,57,7,Fail,Low,Physics,Poor
1656,7.6,51,7,71,7,Pass,High,English,Good
1657,4.9,46,7,70,8,Pass,High,English,Good
1658,3.1,65,4,92,8,Pass,Medium,None,Average
1659,3.8,50,4,51,9,Pass,Medium,English,Average
1660,4.1,72,10,58,6,Pass,High,None,Good
1661,5.2,92,5,63,9,Pass,High,None,Excellent
1662,4.6,86,2,31,5,Pass,Medium,Math,Good
1663,7.4,80,9,55,6,Pass,High,None,Excellent
1664,4.5,76,10,48,8,Pass,High,Math,Good
1665,7.9,89,4,49,7,Pass,High,Math,Excellent
1666,7,86,9,62,7,Pass,High,None,Excellent
1667,2.5,97,3,33,9,Pass,Medium,"Math,Physics",Good
1668,7.5,90,9,61,5,Pass,High,None,Excellent
1669,1.8,53,1,48,5,Fail,Low,"Math,English,Physics",Poor
1670,6.7,55,7,32,7,Pass,Medium,"Math,English",Average
1671,3.7,67,4,90,9,Pass,High,None,Good
1672,7.1,94,7,67,9,Pass,High,None,Excellent
1673,7.1,55,10,35,8,Pass,High,"Math,English",Good
1674,6.6,93,6,85,8,Pass,High,None,Excellent
1675,6.5,46,4,69,8,Pass,High,English,Good
1676,3.1,47,4,71,6,Pass,Medium,English,Average
1677,1.6,55,8,31,9,Fail,Low,"Math,English,Physics",Poor
1678,3.8,94,7,57,9,Pass,High,None,Excellent
1679,2.2,79,4,46,8,Pass,Medium,"Math,Physics",Good
1680,5.9,59,6,68,7,Pass,High,English,Good
1681,3.4,87,6,36,8,Pass,Medium,Math,Good
1682,7.8,55,1,61,6,Pass,High,English,Good
1683,5.5,75,2,33,7,Pass,Medium,Math,Good
1684,6.8,72,4,50,9,Pass,High,None,Good
1685,1.9,72,6,61,6,Pass,Medium,Physics,Average
1686,7,76,6,43,6,Pass,High,Math,Good
1687,7.5,69,1,75,7,Pass,High,None,Good
1688,4.4,64,8,49,8,Pass,Medium,"Math,English",Average
1689,5.2,72,2,87,8,Pass,High,None,Good
1690,6.4,69,5,77,5,Pass,High,None,Good
1691,2.2,55,4,36,7,Fail,Low,"Math,English,Physics",Poor
1692,4.5,63,5,69,8,Pass,Medium,English,Average
1693,3.8,72,5,88,6,Pass,High,None,Good
1694,2,45,10,65,8,Pass,Medium,"English,Physics",Average
1695,3.6,49,8,73,8,Pass,Medium,English,Average
1696,1.5,54,10,60,6,Pass,Medium,"English,Physics",Average
1697,1.2,86,7,71,7,Pass,Medium,Physics,Good
1698,1.9,90,9,73,5,Pass,Medium,Physics,Good
1699,7.7,78,1,72,8,Pass,High,None,Good
1700,4.8,80,6,72,8,Pass,High,None,Excellent
1701,7.8,46,6,76,8,Pass,High,English,Good
1702,4,62,2,35,7,Fail,Low,"Math,English",Poor
1703,3.2,57,8,95,6,Pass,High,English,Good
1704,4.5,95,6,38,6,Pass,Medium,Math,Good
1705,4.1,49,10,40,6,Pass,Medium,"Math,English",Average
1706,1.7,64,9,47,6,Pass,Medium,"Math,English,Physics",Average
1707,5.5,46,10,54,6,Pass,High,English,Good
1708,2.5,55,5,87,6,Pass,Medium,"English,Physics",Average
1709,5.3,74,7,59,8,Pass,High,None,Good
1710,5.6,76,6,30,8,Pass,Medium,Math,Good
1711,2.1,76,5,92,6,Pass,Medium,Physics,Good
1712,1.4,94,6,58,6,Pass,Medium,Physics,Good
1713,6.5,82,4,95,7,Pass,High,None,Excellent
1714,4.2,99,3,82,7,Pass,High,None,Excellent
1715,1.4,72,1,48,9,Fail,Low,"Math,Physics",Poor
1716,8,54,1,95,8,Pass,High,English,Good
1717,1.4,66,6,81,6,Pass,Medium,Physics,Average
1718,5.9,99,9,60,8,Pass,High,None,Excellent
1719,7.9,61,8,89,9,Pass,High,English,Good
1720,2.7,66,2,59,7,Pass,Medium,Physics,Average
1721,2,87,9,42,9,Pass,Medium,"Math,Physics",Good
1722,1.8,63,8,44,5,Fail,Low,"Math,English,Physics",Poor
1723,3.1,61,9,49,7,Pass,Medium,"Math,English",Average
1724,1.7,68,4,63,8,Pass,Medium,Physics,Average
1725,5.8,80,9,49,7,Pass,High,Math,Excellent
1726,1.4,76,2,79,9,Pass,Medium,Physics,Good
1727,4.6,100,1,56,6,Pass,Medium,None,Good
1728,8,90,9,59,9,Pass,High,None,Excellent
1729,6.7,96,10,85,9,Pass,High,None,Excellent
1730,5.3,80,8,94,6,Pass,High,None,Excellent
1731,3.1,72,7,84,8,Pass,High,None,Good
1732,5.4,58,8,53,8,Pass,High,English,Good
1733,4.7,80,1,54,7,Pass,Medium,None,Good
1734,4,50,9,82,9,Pass,High,English,Good
1735,1.9,53,10,40,7,Pass,Medium,"Math,English,Physics",Average
1736,7.2,65,9,89,6,Pass,High,None,Good
1737,4.1,56,9,76,5,Pass,High,English,Good
1738,2.4,74,6,54,8,Pass,Medium,Physics,Average
1739,3.6,75,4,54,6,Pass,Medium,None,Good
1740,3.9,84,2,46,8,Pass,Medium,Math,Good
1741,6.8,100,4,41,7,Pass,High,Math,Excellent
1742,6.1,48,7,81,5,Pass,High,English,Good
1743,6.4,75,1,40,9,Pass,Medium,Math,Good
1744,1.1,71,9,39,8,Pass,Medium,"Math,Physics",Average
1745,3.9,69,3,89,9,Pass,High,None,Good
1746,4.4,49,4,83,7,Pass,Medium,English,Average
1747,1.1,50,5,92,8,Pass,Medium,"English,Physics",Average
1748,2.8,49,3,49,7,Fail,Low,"Math,English,Physics",Poor
1749,6.3,95,4,34,9,Pass,High,Math,Excellent
1750,2,71,5,70,7,Pass,Medium,Physics,Average
1751,4.7,52,1,92,7,Pass,Medium,English,Average
1752,2.5,53,9,85,7,Pass,Medium,"English,Physics",Average
1753,1.1,59,10,61,6,Pass,Medium,"English,Physics",Average
1754,2.7,80,10,56,6,Pass,Medium,Physics,Good
1755,7.8,85,4,77,8,Pass,High,None,Excellent
1756,6.6,51,9,36,7,Pass,High,"Math,English",Good
1757,7.7,76,4,75,7,Pass,High,None,Good
1758,4.4,52,1,47,7,Fail,Low,"Math,English",Poor
1759,1.8,91,5,67,6,Pass,Medium,Physics,Good
1760,4.8,95,9,94,9,Pass,High,None,Excellent
1761,4.2,59,3,46,7,Pass,Medium,"Math,English",Average
1762,6.9,81,5,67,5,Pass,High,None,Excellent
1763,1.7,63,3,92,8,Pass,Medium,"English,Physics",Average
1764,4.4,83,3,71,6,Pass,Medium,None,Good
1765,2.1,50,1,37,9,Fail,Low,"Math,English,Physics",Poor
1766,3.3,63,2,59,5,Fail,Low,English,Poor
1767,6.2,72,2,93,7,Pass,High,None,Good
1768,4.3,61,9,38,6,Pass,Medium,"Math,English",Average
1769,3.6,86,7,86,7,Pass,High,None,Excellent
1770,3.8,63,8,88,8,Pass,High,English,Good
1771,4.2,75,2,34,6,Fail,Low,Math,Good
1772,6.5,55,9,33,5,Pass,Medium,"Math,English",Average
1773,7.2,59,3,37,9,Pass,Medium,"Math,English",Average
1774,7.7,54,10,71,9,Pass,High,English,Good
1775,6.5,87,2,64,8,Pass,High,None,Excellent
1776,3.2,67,1,42,9,Fail,Low,Math,Poor
1777,5.8,47,9,34,9,Pass,Medium,"Math,English",Average
1778,4.1,47,8,69,8,Pass,Medium,English,Average
1779,2.8,62,4,48,5,Fail,Low,"Math,English,Physics",Poor
1780,6.9,69,7,33,6,Pass,High,Math,Good
1781,1.3,87,3,88,6,Pass,Medium,Physics,Good
1782,7.3,64,3,47,8,Pass,High,"Math,English",Good
1783,4.2,73,4,53,7,Pass,Medium,None,Average
1784,5.5,66,2,60,8,Pass,Medium,None,Average
1785,5.6,94,10,87,8,Pass,High,None,Excellent
1786,7.3,59,4,57,8,Pass,High,English,Good
1787,5.5,83,10,38,8,Pass,High,Math,Excellent
1788,5.3,54,3,74,9,Pass,High,English,Good
1789,1.5,65,8,78,9,Pass,Medium,Physics,Average
1790,4.6,99,2,31,5,Pass,Medium,Math,Good
1791,2.1,96,9,35,8,Pass,Medium,"Math,Physics",Good
1792,6.2,73,3,58,6,Pass,Medium,None,Average
1793,4.6,76,4,55,7,Pass,Medium,None,Good
1794,5.8,54,10,57,9,Pass,High,English,Good
1795,1.3,57,10,36,6,Fail,Low,"Math,English,Physics",Poor
1796,1.6,91,3,63,9,Pass,Medium,Physics,Good
1797,6,67,3,85,5,Pass,High,None,Good
1798,1.5,94,8,39,7,Pass,Medium,"Math,Physics",Good
1799,1.5,67,8,86,9,Pass,Medium,Physics,Average
1800,1.1,75,6,76,7,Pass,Medium,Physics,Good
1801,7.7,48,4,56,7,Pass,High,English,Good
1802,6.2,96,1,68,6,Pass,High,None,Excellent
1803,3.5,93,4,51,9,Pass,Medium,None,Good
1804,3.1,47,8,48,7,Pass,Medium,"Math,English",Average
1805,3.4,65,6,38,8,Pass,Medium,Math,Average
1806,6.4,97,2,48,7,Pass,High,Math,Excellent
1807,5.6,46,3,31,7,Pass,Medium,"Math,English",Average
1808,2.3,48,7,90,9,Pass,Medium,"English,Physics",Average
1809,2.2,45,4,88,8,Pass,Medium,"English,Physics",Average
1810,1.7,59,4,62,7,Fail,Low,"English,Physics",Poor
1811,5.6,77,5,94,9,Pass,High,None,Good
1812,6.4,50,8,54,9,Pass,High,English,Good
1813,2.9,51,7,57,7,Pass,Medium,"English,Physics",Average
1814,1.1,63,9,47,5,Fail,Low,"Math,English,Physics",Poor
1815,1.6,88,5,92,5,Pass,Medium,Physics,Good
1816,7.8,45,1,78,6,Pass,High,English,Good
1817,3.1,83,4,95,5,Pass,High,None,Excellent
1818,6.4,63,6,69,5,Pass,High,English,Good
1819,5.4,89,6,95,9,Pass,High,None,Excellent
1820,3.7,70,9,33,9,Pass,Medium,Math,Average
1821,2.4,88,10,63,7,Pass,High,Physics,Excellent
1822,1.8,56,5,34,7,Fail,Low,"Math,English,Physics",Poor
1823,5.3,66,5,51,9,Pass,Medium,None,Average
1824,6.4,57,6,49,7,Pass,High,"Math,English",Good
1825,5.5,72,6,76,9,Pass,High,None,Good
1826,4.7,58,3,63,5,Pass,Medium,English,Average
1827,1.3,66,6,73,7,Pass,Medium,Physics,Average
1828,7.8,74,8,35,5,Pass,High,Math,Good
1829,6.6,88,6,85,6,Pass,High,None,Excellent
1830,3,64,5,58,7,Pass,Medium,English,Average
1831,7.9,88,3,82,9,Pass,High,None,Excellent
1832,5.2,71,1,30,9,Pass,Medium,Math,Average
1833,5.1,82,5,88,6,Pass,High,None,Excellent
1834,6.2,86,6,77,9,Pass,High,None,Excellent
1835,6.7,96,6,36,5,Pass,High,Math,Excellent
1836,5.6,100,6,61,9,Pass,High,None,Excellent
1837,1.9,85,3,90,6,Pass,Medium,Physics,Good
1838,3.4,78,4,86,8,Pass,High,None,Good
1839,7.5,83,3,80,8,Pass,High,None,Excellent
1840,2.6,85,2,48,5,Fail,Low,"Math,Physics",Good
1841,3.6,88,8,56,8,Pass,High,None,Excellent
1842,4,81,7,92,9,Pass,High,None,Excellent
1843,4.1,45,8,89,6,Pass,High,English,Good
1844,5.3,98,6,90,5,Pass,High,None,Excellent
1845,7.6,59,7,90,8,Pass,High,English,Good
1846,2.7,76,1,74,9,Pass,Medium,Physics,Good
1847,1.9,52,10,50,9,Pass,Medium,"English,Physics",Average
1848,2.4,77,5,73,7,Pass,Medium,Physics,Good
1849,7.2,62,4,30,7,Pass,Medium,"Math,English",Average
1850,5.5,89,10,73,6,Pass,High,None,Excellent
1851,3,73,3,91,5,Pass,Medium,None,Average
1852,6.7,76,2,90,8,Pass,High,None,Good
1853,7,77,9,79,8,Pass,High,None,Good
1854,6.9,49,8,70,9,Pass,High,English,Good
1855,7.4,62,10,62,8,Pass,High,English,Good
1856,2.8,92,2,41,6,Fail,Low,"Math,Physics",Good
1857,6.3,54,6,31,7,Pass,Medium,"Math,English",Average
1858,4.2,80,3,50,9,Pass,Medium,None,Good
1859,6.9,77,3,43,5,Pass,Medium,Math,Good
1860,6.1,67,5,63,9,Pass,High,None,Good
1861,6.4,84,7,93,8,Pass,High,None,Excellent
1862,5.6,49,7,52,6,Pass,Medium,English,Average
1863,2.2,78,10,79,5,Pass,High,Physics,Good
1864,4.8,68,1,43,9,Pass,Medium,Math,Average
1865,7.9,61,7,75,8,Pass,High,English,Good
1866,7.6,75,7,34,9,Pass,High,Math,Good
1867,1.3,51,6,95,5,Pass,Medium,"English,Physics",Average
1868,2.2,61,6,51,8,Pass,Medium,"English,Physics",Average
1869,1.9,72,2,31,7,Fail,Low,"Math,Physics",Poor
1870,6.1,82,3,58,5,Pass,Medium,None,Good
1871,6.7,66,3,90,7,Pass,High,None,Good
1872,2.5,59,3,45,7,Fail,Low,"Math,English,Physics",Poor
1873,4.5,81,2,93,8,Pass,High,None,Excellent
1874,6.9,59,9,43,9,Pass,High,"Math,English",Good
1875,6.1,94,6,72,9,Pass,High,None,Excellent
1876,4.8,94,2,72,6,Pass,High,None,Excellent
1877,5.1,69,3,84,5,Pass,High,None,Good
1878,4.6,97,10,60,5,Pass,High,None,Excellent
1879,3.1,65,6,69,8,Pass,Medium,None,Average
1880,5,99,4,56,8,Pass,High,None,Excellent
1881,5.8,82,7,81,6,Pass,High,None,Excellent
1882,7.1,46,6,36,6,Pass,Medium,"Math,English",Average
1883,5.5,71,6,75,7,Pass,High,None,Good
1884,6.3,93,3,62,6,Pass,High,None,Excellent
1885,2.1,76,8,37,9,Pass,Medium,"Math,Physics",Good
1886,4.2,65,9,34,7,Pass,Medium,Math,Average
1887,1.1,48,6,90,6,Pass,Medium,"English,Physics",Average
1888,2.7,88,2,89,9,Pass,Medium,Physics,Good
1889,6.1,63,1,53,9,Pass,Medium,English,Average
1890,7.9,46,3,36,7,Pass,Medium,"Math,English",Average
1891,1.7,70,3,90,7,Pass,Medium,Physics,Average
1892,3.8,78,8,65,9,Pass,High,None,Good
1893,6.6,58,5,56,8,Pass,High,English,Good
1894,2.4,59,1,58,7,Fail,Low,"English,Physics",Poor
1895,4.9,64,4,49,5,Pass,Medium,"Math,English",Average
1896,6.1,78,7,32,8,Pass,High,Math,Good
1897,5.3,80,5,68,5,Pass,High,None,Excellent
1898,2.3,63,10,74,6,Pass,Medium,"English,Physics",Average
1899,3.5,53,6,60,7,Pass,Medium,English,Average
1900,6.5,51,10,67,7,Pass,High,English,Good
1901,4.9,74,4,35,9,Pass,Medium,Math,Average
1902,1,57,2,37,7,Fail,Low,"Math,English,Physics",Poor
1903,6.3,71,9,57,5,Pass,High,None,Good
1904,1.2,88,2,44,8,Fail,Low,"Math,Physics",Good
1905,6.2,79,2,37,6,Pass,Medium,Math,Good
1906,2.4,57,2,83,8,Pass,Medium,"English,Physics",Average
1907,7.7,59,1,35,5,Pass,Medium,"Math,English",Average
1908,3.6,90,3,58,6,Pass,Medium,None,Good
1909,3.3,100,6,63,9,Pass,High,None,Excellent
1910,2,53,7,36,7,Fail,Low,"Math,English,Physics",Poor
1911,3.1,89,1,69,7,Pass,Medium,None,Good
1912,7.1,67,5,42,9,Pass,High,Math,Good
1913,8,98,5,91,5,Pass,High,None,Excellent
1914,3.6,80,1,94,9,Pass,High,None,Excellent
1915,4.1,97,4,70,5,Pass,Medium,None,Good
1916,6.1,84,10,71,6,Pass,High,None,Excellent
1917,7.2,47,1,95,8,Pass,High,English,Good
1918,5.2,78,1,40,8,Pass,Medium,Math,Good
1919,3.7,63,7,79,9,Pass,High,English,Good
1920,3.9,72,7,64,7,Pass,Medium,None,Average
1921,5.9,67,3,49,9,Pass,Medium,Math,Average
1922,1,84,7,57,7,Pass,Medium,Physics,Good
1923,5.3,93,3,66,9,Pass,High,None,Excellent
1924,3.5,89,2,32,9,Pass,Medium,Math,Good
1925,6.6,51,10,88,8,Pass,High,English,Good
1926,1.7,85,4,56,7,Pass,Medium,Physics,Good
1927,5.1,56,10,61,8,Pass,High,English,Good
1928,4.4,58,3,77,7,Pass,Medium,English,Average
1929,5.5,90,7,75,6,Pass,High,None,Excellent
1930,1.5,59,1,76,6,Fail,Low,"English,Physics",Poor
1931,5.1,47,6,69,6,Pass,Medium,English,Average
1932,4.9,59,2,32,5,Fail,Low,"Math,English",Poor
1933,4.9,95,8,58,8,Pass,High,None,Excellent
1934,5.2,68,5,87,8,Pass,High,None,Good
1935,5.7,96,3,79,6,Pass,High,None,Excellent
1936,6.6,90,10,39,9,Pass,High,Math,Excellent
1937,2.9,52,7,90,8,Pass,High,"English,Physics",Good
1938,6.8,49,2,90,7,Pass,High,English,Good
1939,4.5,95,5,52,8,Pass,High,None,Excellent
1940,1.5,48,8,35,8,Fail,Low,"Math,English,Physics",Poor
1941,1.4,58,1,89,7,Pass,Medium,"English,Physics",Average
1942,3.3,60,1,56,6,Fail,Low,English,Poor
1943,6.5,64,3,84,6,Pass,High,English,Good
1944,6,68,3,60,7,Pass,Medium,None,Average
1945,6.5,50,7,59,8,Pass,High,English,Good
1946,4.6,99,6,42,8,Pass,High,Math,Excellent
1947,4.1,75,7,88,6,Pass,High,None,Good
1948,2,50,4,83,5,Pass,Medium,"English,Physics",Average
1949,3.3,79,2,50,6,Pass,Medium,None,Good
1950,4,59,2,72,7,Pass,Medium,English,Average
1951,1.6,73,10,40,5,Pass,Medium,"Math,Physics",Average
1952,2.5,47,1,67,5,Fail,Low,"English,Physics",Poor
1953,5.2,55,9,53,7,Pass,High,English,Good
1954,6.1,47,7,80,9,Pass,High,English,Good
1955,8,72,10,90,6,Pass,High,None,Good
1956,7.5,54,3,75,8,Pass,High,English,Good
1957,5.5,94,2,72,6,Pass,High,None,Excellent
1958,3.9,77,3,56,7,Pass,Medium,None,Good
1959,5.5,92,7,59,8,Pass,High,None,Excellent
1960,6.5,60,5,92,9,Pass,High,English,Good
1961,1.8,54,3,39,7,Fail,Low,"Math,English,Physics",Poor
1962,3.9,77,9,32,6,Pass,Medium,Math,Good
1963,6.9,80,2,89,5,Pass,High,None,Excellent
1964,3.7,47,7,56,7,Pass,Medium,English,Average
1965,5,49,10,74,7,Pass,High,English,Good
1966,5.1,56,6,91,6,Pass,High,English,Good
1967,2.3,88,6,53,9,Pass,Medium,Physics,Good
1968,3.5,57,7,75,6,Pass,Medium,English,Average
1969,3.3,68,6,73,6,Pass,Medium,None,Average
1970,1.2,88,2,92,9,Pass,Medium,Physics,Good
1971,1.2,76,5,33,9,Fail,Low,"Math,Physics",Good
1972,6.8,60,3,45,7,Pass,Medium,"Math,English",Average
1973,2.9,76,9,80,5,Pass,High,Physics,Good
1974,4.6,89,8,77,6,Pass,High,None,Excellent
1975,3.1,81,10,94,5,Pass,High,None,Excellent
1976,7.6,100,2,74,9,Pass,High,None,Excellent
1977,2.8,80,1,32,9,Fail,Low,"Math,Physics",Good
1978,4,65,4,46,6,Pass,Medium,Math,Average
1979,7.1,91,4,66,7,Pass,High,None,Excellent
1980,6.9,56,10,34,6,Pass,High,"Math,English",Good
1981,2.3,95,2,76,7,Pass,Medium,Physics,Good
1982,6.6,65,7,73,8,Pass,High,None,Good
1983,4.2,95,3,62,7,Pass,Medium,None,Good
1984,4.4,65,7,50,6,Pass,Medium,None,Average
1985,1.9,87,7,61,6,Pass,Medium,Physics,Good
1986,1.6,97,1,53,7,Fail,Low,Physics,Good
1987,6.1,50,6,64,5,Pass,Medium,English,Average
1988,4.5,53,4,47,7,Pass,Medium,"Math,English",Average
1989,4.1,45,8,83,8,Pass,High,English,Good
1990,6.1,56,8,55,8,Pass,High,English,Good
1991,6.4,58,3,89,5,Pass,High,English,Good
1992,2.1,50,4,94,8,Pass,Medium,"English,Physics",Average
1993,5.3,45,1,80,6,Pass,Medium,English,Average
1994,1.9,66,10,89,5,Pass,Medium,Physics,Average
1995,6.3,78,2,88,5,Pass,High,None,Good
1996,5.6,100,7,46,5,Pass,High,Math,Excellent
1997,7.7,55,7,50,7,Pass,High,English,Good
1998,1.5,47,9,57,7,Pass,Medium,"English,Physics",Average
1999,1.4,86,10,73,5,Pass,Medium,Physics,Good
2000,3,50,9,91,8,Pass,High,English,Good
2001,2.8,50,9,71,6,Pass,Medium,"English,Physics",Average
2002,2.7,64,6,51,6,Pass,Medium,"English,Physics",Average
2003,7.3,65,8,67,7,Pass,High,None,Good
2004,2.7,46,9,43,9,Pass,Medium,"Math,English,Physics",Average
2005,2.9,70,7,55,5,Pass,Medium,Physics,Average
2006,6.3,75,4,69,9,Pass,High,None,Good
2007,4.1,70,4,83,6,Pass,Medium,None,Average
2008,6.4,100,6,42,7,Pass,High,Math,Excellent
2009,1.5,76,4,48,7,Fail,Low,"Math,Physics",Good
2010,4.4,54,7,71,7,Pass,Medium,English,Average
2011,1.2,67,8,70,7,Pass,Medium,Physics,Average
2012,1.4,50,8,79,7,Pass,Medium,"English,Physics",Average
2013,7.3,67,8,32,5,Pass,High,Math,Good
2014,2,72,2,60,9,Pass,Medium,Physics,Average
2015,4.7,93,10,44,6,Pass,High,Math,Excellent
2016,3.9,74,2,83,6,Pass,Medium,None,Average
2017,3.4,58,2,82,7,Pass,Medium,English,Average
2018,7.3,81,2,74,7,Pass,High,None,Excellent
2019,1.2,99,4,67,7,Pass,Medium,Physics,Good
2020,5.6,76,5,79,8,Pass,High,None,Good
2021,7.7,93,4,53,6,Pass,High,None,Excellent
2022,4.9,78,5,46,7,Pass,Medium,Math,Good
2023,7.6,85,4,47,9,Pass,High,Math,Excellent
2024,1.4,88,7,71,8,Pass,Medium,Physics,Good
2025,3.9,95,10,46,5,Pass,High,Math,Excellent
2026,2.8,66,1,45,8,Fail,Low,"Math,Physics",Poor
2027,6.1,75,1,81,8,Pass,High,None,Good
2028,7.9,51,2,65,8,Pass,High,English,Good
2029,2.8,85,1,68,9,Pass,Medium,Physics,Good
2030,5.6,65,10,54,6,Pass,High,None,Good
2031,2.4,60,10,71,7,Pass,Medium,"English,Physics",Average
2032,5,64,3,50,9,Pass,Medium,English,Average
2033,4.2,87,6,88,9,Pass,High,None,Excellent
2034,7.8,88,10,59,7,Pass,High,None,Excellent
2035,5.3,91,6,86,8,Pass,High,None,Excellent
2036,3.4,94,1,62,5,Pass,Medium,None,Good
2037,1.8,63,6,82,8,Pass,Medium,"English,Physics",Average
2038,2.1,92,5,45,8,Pass,Medium,"Math,Physics",Good
2039,2.6,76,7,78,6,Pass,Medium,Physics,Good
2040,2.8,59,6,34,8,Fail,Low,"Math,English,Physics",Poor
2041,7,49,7,89,5,Pass,High,English,Good
2042,4.9,55,2,84,9,Pass,High,English,Good
2043,4.7,59,1,64,8,Pass,Medium,English,Average
2044,1.8,73,7,71,9,Pass,Medium,Physics,Average
2045,7,94,9,53,6,Pass,High,None,Excellent
2046,6.1,89,2,84,5,Pass,High,None,Excellent
2047,1.5,48,7,43,7,Fail,Low,"Math,English,Physics",Poor
2048,6,93,3,84,7,Pass,High,None,Excellent
2049,4.8,80,6,44,6,Pass,Medium,Math,Good
2050,1.6,92,3,34,5,Fail,Low,"Math,Physics",Good
2051,4.2,67,10,33,9,Pass,Medium,Math,Average
2052,4.4,59,5,59,6,Pass,Medium,English,Average
2053,2.2,90,2,82,8,Pass,Medium,Physics,Good
2054,7.6,88,8,59,9,Pass,High,None,Excellent
2055,6.9,47,8,90,8,Pass,High,English,Good
2056,5.7,76,7,84,8,Pass,High,None,Good
2057,4.2,54,6,71,9,Pass,Medium,English,Average
2058,3.9,84,1,58,8,Pass,Medium,None,Good
2059,5.6,82,8,64,7,Pass,High,None,Excellent
2060,4.8,66,1,74,9,Pass,Medium,None,Average
2061,1.4,58,8,58,6,Pass,Medium,"English,Physics",Average
2062,4.6,61,2,32,7,Fail,Low,"Math,English",Poor
2063,6.6,65,8,86,6,Pass,High,None,Good
2064,4.2,95,10,95,5,Pass,High,None,Excellent
2065,1.4,92,4,51,6,Fail,Low,Physics,Good
2066,6.5,59,7,56,9,Pass,High,English,Good
2067,2.4,59,5,51,6,Fail,Low,"English,Physics",Poor
2068,2.8,45,8,78,5,Pass,Medium,"English,Physics",Average
2069,2.2,68,6,53,8,Pass,Medium,Physics,Average
2070,3.3,99,5,56,9,Pass,Medium,None,Good
2071,6.3,99,1,65,7,Pass,High,None,Excellent
2072,4.6,56,3,46,7,Pass,Medium,"Math,English",Average
2073,2.4,54,10,85,6,Pass,Medium,"English,Physics",Average
2074,7.1,90,9,39,7,Pass,High,Math,Excellent
2075,7.2,86,9,83,5,Pass,High,None,Excellent
2076,7.1,86,5,67,7,Pass,High,None,Excellent
2077,2.7,96,3,33,6,Fail,Low,"Math,Physics",Good
2078,4.2,75,6,79,7,Pass,High,None,Good
2079,7.9,55,5,90,8,Pass,High,English,Good
2080,6.4,98,1,50,8,Pass,High,None,Excellent
2081,1.2,60,2,65,7,Fail,Low,"English,Physics",Poor
2082,1.5,53,5,75,9,Pass,Medium,"English,Physics",Average
2083,4.2,91,9,73,7,Pass,High,None,Excellent
2084,7.4,58,4,93,8,Pass,High,English,Good
2085,4.8,63,9,47,8,Pass,High,"Math,English",Good
2086,4.5,75,3,42,5,Pass,Medium,Math,Good
2087,1.7,53,1,42,6,Fail,Low,"Math,English,Physics",Poor
2088,5.6,80,6,54,5,Pass,High,None,Excellent
2089,6.8,97,10,34,9,Pass,High,Math,Excellent
2090,3.7,83,7,68,6,Pass,High,None,Excellent
2091,6.4,98,4,58,7,Pass,High,None,Excellent
2092,7.8,70,10,86,7,Pass,High,None,Good
2093,2.4,52,5,75,9,Pass,Medium,"English,Physics",Average
2094,4.7,68,4,62,8,Pass,Medium,None,Average
2095,3,52,3,39,7,Fail,Low,"Math,English",Poor
2096,6.5,63,1,87,5,Pass,High,English,Good
2097,5,91,6,54,8,Pass,High,None,Excellent
2098,5.4,92,10,68,7,Pass,High,None,Excellent
2099,6.6,74,5,45,8,Pass,High,Math,Good
2100,3.8,66,1,89,6,Pass,Medium,None,Average
2101,7.4,99,5,57,7,Pass,High,None,Excellent
2102,4.7,53,6,73,7,Pass,Medium,English,Average
2103,2.1,88,10,87,8,Pass,High,Physics,Excellent
2104,5.9,92,5,61,6,Pass,High,None,Excellent
2105,6.6,48,1,92,5,Pass,High,English,Good
2106,3.2,81,5,74,6,Pass,Medium,None,Good
2107,7,52,10,82,5,Pass,High,English,Good
2108,7.3,45,1,90,9,Pass,High,English,Good
2109,2.9,72,3,79,6,Pass,Medium,Physics,Average
2110,7.9,50,2,56,5,Pass,Medium,English,Average
2111,2,91,1,55,8,Pass,Medium,Physics,Good
2112,2.4,80,4,32,5,Fail,Low,"Math,Physics",Good
2113,2.3,97,2,68,9,Pass,Medium,Physics,Good
2114,7.3,55,5,94,5,Pass,High,English,Good
2115,5.6,49,10,64,6,Pass,High,English,Good
2116,2.1,94,1,82,5,Pass,Medium,Physics,Good
2117,4.1,68,10,75,6,Pass,High,None,Good
2118,5.3,91,1,51,9,Pass,Medium,None,Good
2119,1.6,62,10,89,5,Pass,Medium,"English,Physics",Average
2120,7.2,64,4,35,5,Pass,Medium,"Math,English",Average
2121,6.6,72,7,81,9,Pass,High,None,Good
2122,4.5,57,2,58,5,Pass,Medium,English,Average
2123,7.8,49,2,72,6,Pass,High,English,Good
2124,3.9,74,1,63,7,Pass,Medium,None,Average
2125,7.9,45,5,60,7,Pass,High,English,Good
2126,5.7,66,6,75,6,Pass,High,None,Good
2127,5.4,62,6,33,5,Pass,Medium,"Math,English",Average
2128,2.2,90,2,31,6,Fail,Low,"Math,Physics",Good
2129,7.2,49,7,34,9,Pass,High,"Math,English",Good
2130,4,75,6,75,6,Pass,High,None,Good
2131,2.1,50,8,48,7,Pass,Medium,"Math,English,Physics",Average
2132,1.1,71,6,67,8,Pass,Medium,Physics,Average
2133,4.9,100,9,88,9,Pass,High,None,Excellent
2134,4.7,69,10,49,5,Pass,High,Math,Good
2135,6,73,2,82,6,Pass,High,None,Good
2136,7.2,72,7,84,9,Pass,High,None,Good
2137,1.6,60,5,68,7,Pass,Medium,"English,Physics",Average
2138,6.1,98,1,65,5,Pass,High,None,Excellent
2139,2.3,97,3,87,6,Pass,Medium,Physics,Good
2140,7,56,4,44,6,Pass,Medium,"Math,English",Average
2141,6.7,64,2,30,5,Pass,Medium,"Math,English",Average
2142,4.8,62,7,38,8,Pass,Medium,"Math,English",Average
2143,6,78,1,52,8,Pass,Medium,None,Good
2144,3.2,99,3,81,9,Pass,High,None,Excellent
2145,4.3,97,9,55,6,Pass,High,None,Excellent
2146,6.8,67,2,89,9,Pass,High,None,Good
2147,4.2,89,5,47,5,Pass,Medium,Math,Good
2148,3.5,71,4,87,9,Pass,High,None,Good
2149,4.5,93,3,94,6,Pass,High,None,Excellent
2150,6.8,61,5,43,8,Pass,High,"Math,English",Good
2151,3.3,92,6,75,8,Pass,High,None,Excellent
2152,2.2,65,1,61,5,Fail,Low,Physics,Poor
2153,6,94,2,80,7,Pass,High,None,Excellent
2154,6.8,84,1,44,9,Pass,High,Math,Excellent
2155,1.7,75,3,82,5,Pass,Medium,Physics,Good
2156,2.7,47,8,44,8,Pass,Medium,"Math,English,Physics",Average
2157,2,61,8,59,6,Pass,Medium,"English,Physics",Average
2158,3.4,94,4,53,6,Pass,Medium,None,Good
2159,4.2,70,6,64,7,Pass,Medium,None,Average
2160,6.2,67,9,41,7,Pass,High,Math,Good
2161,5.6,50,7,75,8,Pass,High,English,Good
2162,5.3,72,2,65,7,Pass,Medium,None,Average
2163,3.5,52,2,77,7,Pass,Medium,English,Average
2164,6.9,99,3,83,6,Pass,High,None,Excellent
2165,4.3,89,8,65,9,Pass,High,None,Excellent
2166,7.9,52,10,81,6,Pass,High,English,Good
2167,5.4,63,9,51,6,Pass,High,English,Good
2168,1.9,82,3,67,8,Pass,Medium,Physics,Good
2169,5.7,73,9,91,8,Pass,High,None,Good
2170,3.3,67,10,94,9,Pass,High,None,Good
2171,5.8,91,8,32,5,Pass,High,Math,Excellent
2172,1.5,76,5,37,7,Fail,Low,"Math,Physics",Good
2173,2.2,54,10,68,7,Pass,Medium,"English,Physics",Average
2174,7,71,3,47,6,Pass,Medium,Math,Average
2175,2.6,93,7,32,6,Pass,Medium,"Math,Physics",Good
2176,6.9,45,9,47,9,Pass,High,"Math,English",Good
2177,3,83,6,30,7,Pass,Medium,Math,Good
2178,5.5,73,3,55,6,Pass,Medium,None,Average
2179,5.9,89,5,81,6,Pass,High,None,Excellent
2180,4.6,47,7,41,8,Pass,Medium,"Math,English",Average
2181,3.1,95,8,67,5,Pass,High,None,Excellent
2182,2.5,91,4,70,9,Pass,Medium,Physics,Good
2183,1.2,81,2,82,5,Pass,Medium,Physics,Good
2184,3.1,75,10,42,5,Pass,Medium,Math,Good
2185,5.6,55,2,42,9,Pass,Medium,"Math,English",Average
2186,7.6,66,3,47,7,Pass,High,Math,Good
2187,7.1,62,8,48,6,Pass,High,"Math,English",Good
2188,6.4,79,1,48,9,Pass,Medium,Math,Good
2189,6.5,50,7,77,6,Pass,High,English,Good
2190,5.7,47,6,57,8,Pass,Medium,English,Average
2191,2.8,49,2,48,5,Fail,Low,"Math,English,Physics",Poor
2192,7.4,53,9,77,8,Pass,High,English,Good
2193,5.7,72,5,58,5,Pass,Medium,None,Average
2194,4.9,63,2,77,7,Pass,Medium,English,Average
2195,1.8,72,3,48,9,Fail,Low,"Math,Physics",Poor
2196,4.1,71,7,76,7,Pass,High,None,Good
2197,4.2,57,7,89,5,Pass,High,English,Good
2198,7.1,82,10,77,8,Pass,High,None,Excellent
2199,4.8,87,1,49,5,Pass,Medium,Math,Good
2200,3.7,97,10,48,7,Pass,High,Math,Excellent
2201,7.8,65,4,71,7,Pass,High,None,Good
2202,1.8,71,6,78,8,Pass,Medium,Physics,Average
2203,4,90,8,44,8,Pass,High,Math,Excellent
2204,1.3,50,3,89,7,Pass,Medium,"English,Physics",Average
2205,6.2,82,3,56,5,Pass,Medium,None,Good
2206,7.4,93,8,84,5,Pass,High,None,Excellent
2207,3,55,8,44,9,Pass,Medium,"Math,English",Average
2208,7,91,8,81,7,Pass,High,None,Excellent
2209,3,85,1,60,9,Pass,Medium,None,Good
2210,7.4,97,8,36,7,Pass,High,Math,Excellent
2211,6.3,61,8,42,9,Pass,High,"Math,English",Good
2212,6.6,100,2,83,6,Pass,High,None,Excellent
2213,1.1,83,9,42,5,Pass,Medium,"Math,Physics",Good
2214,7.7,51,7,49,5,Pass,High,"Math,English",Good
2215,6.1,74,8,39,6,Pass,High,Math,Good
2216,3.1,65,2,81,8,Pass,Medium,None,Average
2217,6.8,45,4,66,6,Pass,High,English,Good
2218,3,69,7,81,5,Pass,Medium,None,Average
2219,7.1,76,6,56,7,Pass,High,None,Good
2220,1.8,52,7,63,9,Pass,Medium,"English,Physics",Average
2221,5.9,49,1,91,5,Pass,Medium,English,Average
2222,4.8,74,8,45,6,Pass,Medium,Math,Average
2223,1.7,95,7,88,7,Pass,High,Physics,Excellent
2224,2.7,52,4,50,5,Fail,Low,"English,Physics",Poor
2225,1.1,93,1,45,6,Fail,Low,"Math,Physics",Good
2226,4.3,63,8,42,5,Pass,Medium,"Math,English",Average
2227,3.1,88,10,62,6,Pass,High,None,Excellent
2228,5.2,99,7,83,6,Pass,High,None,Excellent
2229,3.1,74,8,56,5,Pass,Medium,None,Average
2230,3.1,59,10,81,7,Pass,High,English,Good
2231,6.2,80,1,94,5,Pass,High,None,Excellent
2232,1.3,99,5,73,5,Pass,Medium,Physics,Good
2233,7.3,88,9,59,7,Pass,High,None,Excellent
2234,7,71,5,52,5,Pass,High,None,Good
2235,5.7,57,10,45,9,Pass,High,"Math,English",Good
2236,5.2,58,3,84,9,Pass,High,English,Good
2237,7.2,81,9,47,9,Pass,High,Math,Excellent
2238,2.3,98,9,46,6,Pass,Medium,"Math,Physics",Good
2239,1.6,92,4,81,8,Pass,Medium,Physics,Good
2240,2.7,74,4,74,5,Pass,Medium,Physics,Average
2241,6.6,83,8,85,8,Pass,High,None,Excellent
2242,1.2,91,7,83,9,Pass,High,Physics,Excellent
2243,5.1,57,5,38,7,Pass,Medium,"Math,English",Average
2244,8,60,6,46,9,Pass,High,"Math,English",Good
2245,7,88,3,56,5,Pass,High,None,Excellent
2246,4.7,51,6,66,8,Pass,Medium,English,Average
2247,1.4,92,8,51,8,Pass,Medium,Physics,Good
2248,6.8,99,10,67,6,Pass,High,None,Excellent
2249,5.2,99,9,73,7,Pass,High,None,Excellent
2250,1.8,71,3,65,9,Pass,Medium,Physics,Average
2251,1.7,89,8,54,7,Pass,Medium,Physics,Good
2252,7.4,99,3,71,5,Pass,High,None,Excellent
2253,5.7,79,2,42,6,Pass,Medium,Math,Good
2254,6.8,59,5,85,9,Pass,High,English,Good
2255,7.2,72,4,80,5,Pass,High,None,Good
2256,5,79,5,79,7,Pass,High,None,Good
2257,4.6,51,6,81,6,Pass,High,English,Good
2258,4,94,3,62,9,Pass,Medium,None,Good
2259,3.2,90,1,54,7,Pass,Medium,None,Good
2260,4,94,4,87,9,Pass,High,None,Excellent
2261,6.4,95,6,69,6,Pass,High,None,Excellent
2262,5.2,90,2,67,6,Pass,Medium,None,Good
2263,7.2,64,2,32,7,Pass,Medium,"Math,English",Average
2264,4.1,76,1,45,9,Pass,Medium,Math,Good
2265,5.2,82,9,31,8,Pass,High,Math,Excellent
2266,5.4,84,3,52,5,Pass,Medium,None,Good
2267,5.1,76,2,59,6,Pass,Medium,None,Good
2268,5.9,70,4,39,9,Pass,Medium,Math,Average
2269,2.7,83,6,94,7,Pass,High,Physics,Excellent
2270,4.6,64,1,51,7,Pass,Medium,English,Average
2271,1.7,62,9,81,6,Pass,Medium,"English,Physics",Average
2272,3.7,94,9,85,6,Pass,High,None,Excellent
2273,4.4,59,8,62,8,Pass,High,English,Good
2274,5.6,96,6,59,7,Pass,High,None,Excellent
2275,7.7,66,4,53,9,Pass,High,None,Good
2276,5.2,95,2,34,5,Pass,Medium,Math,Good
2277,6.2,66,8,82,5,Pass,High,None,Good
2278,4.5,97,7,84,8,Pass,High,None,Excellent
2279,5.4,65,4,52,9,Pass,Medium,None,Average
2280,1.5,46,3,39,5,Fail,Low,"Math,English,Physics",Poor
2281,2.8,84,6,62,5,Pass,Medium,Physics,Good
2282,3.5,97,1,91,9,Pass,High,None,Excellent
2283,4.3,87,2,56,9,Pass,Medium,None,Good
2284,1.3,62,7,36,6,Fail,Low,"Math,English,Physics",Poor
2285,2,67,3,56,5,Fail,Low,Physics,Poor
2286,2.9,57,1,39,5,Fail,Low,"Math,English,Physics",Poor
2287,7.8,85,2,86,8,Pass,High,None,Excellent
2288,3.3,53,10,59,6,Pass,Medium,English,Average
2289,4.4,93,10,32,6,Pass,High,Math,Excellent
2290,2.4,51,9,58,5,Pass,Medium,"English,Physics",Average
2291,5.3,85,7,43,7,Pass,High,Math,Excellent
2292,3,98,7,54,7,Pass,Medium,None,Good
2293,2.4,45,10,39,9,Pass,Medium,"Math,English,Physics",Average
2294,4.6,46,8,78,6,Pass,High,English,Good
2295,1,48,8,67,5,Fail,Low,"English,Physics",Poor
2296,1.1,58,9,43,5,Fail,Low,"Math,English,Physics",Poor
2297,2.5,76,2,59,5,Fail,Low,Physics,Good
2298,1.3,80,8,69,8,Pass,Medium,Physics,Good
2299,1.8,46,8,41,7,Fail,Low,"Math,English,Physics",Poor
2300,3.4,84,5,43,8,Pass,Medium,Math,Good
2301,6.6,94,5,30,5,Pass,Medium,Math,Good
2302,5,95,4,78,5,Pass,High,None,Excellent
2303,4.6,58,5,47,6,Pass,Medium,"Math,English",Average
2304,3.1,64,2,65,6,Pass,Medium,English,Average
2305,7.5,69,2,93,7,Pass,High,None,Good
2306,3.8,86,5,57,9,Pass,Medium,None,Good
2307,1.6,93,3,61,5,Pass,Medium,Physics,Good
2308,5.3,52,1,54,6,Pass,Medium,English,Average
2309,1.8,72,9,76,7,Pass,Medium,Physics,Average
2310,3.4,90,2,49,8,Pass,Medium,Math,Good
2311,4.6,65,10,62,5,Pass,High,None,Good
2312,7.1,67,2,59,9,Pass,High,None,Good
2313,4.5,76,4,66,7,Pass,Medium,None,Good
2314,5.9,52,2,82,9,Pass,High,English,Good
2315,7.9,75,7,37,5,Pass,High,Math,Good
2316,1.9,81,10,30,7,Pass,Medium,"Math,Physics",Good
2317,2.9,60,1,36,6,Fail,Low,"Math,English,Physics",Poor
2318,3.8,84,2,91,9,Pass,High,None,Excellent
2319,4,86,5,87,8,Pass,High,None,Excellent
2320,3.9,71,2,37,8,Pass,Medium,Math,Average
2321,7.4,84,9,93,9,Pass,High,None,Excellent
2322,6,85,4,37,5,Pass,Medium,Math,Good
2323,5.3,62,9,32,5,Pass,Medium,"Math,English",Average
2324,3.2,79,1,87,5,Pass,Medium,None,Good
2325,6.8,93,1,61,8,Pass,High,None,Excellent
2326,7.7,96,1,78,8,Pass,High,None,Excellent
2327,6.7,59,4,67,6,Pass,High,English,Good
2328,1,97,9,31,5,Pass,Medium,"Math,Physics",Good
2329,5.5,71,8,38,8,Pass,High,Math,Good
2330,1.4,61,7,75,8,Pass,Medium,"English,Physics",Average
2331,2.8,84,1,94,5,Pass,Medium,Physics,Good
2332,1.4,46,3,78,5,Fail,Low,"English,Physics",Poor
2333,5.2,93,9,58,8,Pass,High,None,Excellent
2334,5.8,94,9,58,9,Pass,High,None,Excellent
2335,1.8,75,5,62,8,Pass,Medium,Physics,Good
2336,3.7,81,6,57,6,Pass,Medium,None,Good
2337,4.2,85,6,55,7,Pass,Medium,None,Good
2338,3.6,85,10,58,5,Pass,High,None,Excellent
2339,1.8,78,4,40,6,Fail,Low,"Math,Physics",Good
2340,3.9,78,1,63,9,Pass,Medium,None,Good
2341,6.3,95,5,77,7,Pass,High,None,Excellent
2342,1.5,99,1,56,8,Pass,Medium,Physics,Good
2343,1.6,47,1,69,5,Fail,Low,"English,Physics",Poor
2344,3.5,61,5,60,8,Pass,Medium,English,Average
2345,7.6,58,5,94,6,Pass,High,English,Good
2346,5.7,58,7,68,5,Pass,High,English,Good
2347,5.8,90,2,53,8,Pass,High,None,Excellent
2348,3.5,82,6,52,5,Pass,Medium,None,Good
2349,5.2,79,2,90,6,Pass,High,None,Good
2350,1.1,45,10,56,8,Pass,Medium,"English,Physics",Average
2351,5.5,92,5,45,7,Pass,High,Math,Excellent
2352,7.4,73,4,74,9,Pass,High,None,Good
2353,5.3,48,10,56,8,Pass,High,English,Good
2354,7.1,77,5,34,5,Pass,Medium,Math,Good
2355,6.1,61,2,88,8,Pass,High,English,Good
2356,1.8,72,8,64,5,Pass,Medium,Physics,Average
2357,7.3,94,8,75,6,Pass,High,None,Excellent
2358,1.5,70,6,85,9,Pass,Medium,Physics,Average
2359,4.7,52,3,53,5,Pass,Medium,English,Average
2360,2,78,4,39,8,Fail,Low,"Math,Physics",Good
2361,1.1,62,1,67,6,Fail,Low,"English,Physics",Poor
2362,4,75,9,77,7,Pass,High,None,Good
2363,3.1,71,10,38,8,Pass,Medium,Math,Average
2364,4.4,60,5,79,9,Pass,High,English,Good
2365,5,54,8,77,6,Pass,High,English,Good
2366,1.3,84,3,68,8,Pass,Medium,Physics,Good
2367,1.9,56,4,34,5,Fail,Low,"Math,English,Physics",Poor
2368,4.9,66,4,40,5,Pass,Medium,Math,Average
2369,3.4,60,8,89,5,Pass,High,English,Good
2370,6.1,56,9,56,8,Pass,High,English,Good
2371,5.6,55,3,36,9,Pass,Medium,"Math,English",Average
2372,6.9,64,7,89,5,Pass,High,English,Good
2373,5.8,95,9,79,8,Pass,High,None,Excellent
2374,4,45,2,84,8,Pass,Medium,English,Average
2375,5.7,71,4,45,9,Pass,Medium,Math,Average
2376,2.9,47,3,41,6,Fail,Low,"Math,English,Physics",Poor
2377,3.1,56,8,56,6,Pass,Medium,English,Average
2378,6.5,74,4,62,8,Pass,High,None,Good
2379,4.1,53,9,84,6,Pass,High,English,Good
2380,6.6,97,1,81,7,Pass,High,None,Excellent
2381,6.8,98,1,66,9,Pass,High,None,Excellent
2382,7,81,4,44,8,Pass,High,Math,Excellent
2383,7.4,45,3,94,6,Pass,High,English,Good
2384,4,86,3,32,6,Pass,Medium,Math,Good
2385,3.2,93,10,34,9,Pass,Medium,Math,Good
2386,5.1,48,2,38,5,Fail,Low,"Math,English",Poor
2387,3.6,59,10,30,6,Pass,Medium,"Math,English",Average
2388,5.2,95,10,59,9,Pass,High,None,Excellent
2389,5.9,71,2,49,5,Pass,Medium,Math,Average
2390,5.8,52,8,56,8,Pass,High,English,Good
2391,3.6,67,1,92,5,Pass,Medium,None,Average
2392,2.2,59,8,60,6,Pass,Medium,"English,Physics",Average
2393,4,71,10,48,8,Pass,High,Math,Good
2394,2,75,3,91,8,Pass,Medium,Physics,Good
2395,7.2,83,2,36,5,Pass,Medium,Math,Good
2396,3.4,91,9,66,8,Pass,High,None,Excellent
2397,2.1,52,5,37,5,Fail,Low,"Math,English,Physics",Poor
2398,1.2,74,5,86,5,Pass,Medium,Physics,Average
2399,5.5,99,6,57,5,Pass,High,None,Excellent
2400,5.5,86,4,46,9,Pass,High,Math,Excellent
2401,3.4,62,7,40,6,Pass,Medium,"Math,English",Average
2402,1.5,48,7,44,8,Fail,Low,"Math,English,Physics",Poor
2403,3.9,91,9,59,7,Pass,High,None,Excellent
2404,3.2,87,6,35,6,Pass,Medium,Math,Good
2405,5.7,66,1,41,7,Pass,Medium,Math,Average
2406,5.2,47,9,90,5,Pass,High,English,Good
2407,3.6,59,10,65,8,Pass,High,English,Good
2408,2.5,79,9,64,6,Pass,Medium,Physics,Good
2409,7.9,91,5,92,7,Pass,High,None,Excellent
2410,4.2,82,7,69,7,Pass,High,None,Excellent
2411,5.8,77,1,60,7,Pass,Medium,None,Good
2412,2,58,4,66,6,Fail,Low,"English,Physics",Poor
2413,4.4,92,10,34,9,Pass,High,Math,Excellent
2414,1.2,45,4,33,5,Fail,Low,"Math,English,Physics",Poor
2415,4.5,97,5,55,8,Pass,High,None,Excellent
2416,7.7,93,6,53,7,Pass,High,None,Excellent
2417,3.7,70,4,68,6,Pass,Medium,None,Average
2418,1.3,52,6,85,7,Pass,Medium,"English,Physics",Average
2419,1.2,94,10,83,6,Pass,High,Physics,Excellent
2420,3.7,60,7,67,9,Pass,Medium,English,Average
2421,2.1,82,3,83,7,Pass,Medium,Physics,Good
2422,1.2,54,9,48,7,Fail,Low,"Math,English,Physics",Poor
2423,6.3,86,8,55,8,Pass,High,None,Excellent
2424,4.2,81,1,81,6,Pass,Medium,None,Good
2425,3,70,2,90,6,Pass,Medium,None,Average
2426,7.3,72,2,51,9,Pass,High,None,Good
2427,1.8,56,10,46,7,Pass,Medium,"Math,English,Physics",Average
2428,7.7,64,9,40,8,Pass,High,"Math,English",Good
2429,3.2,93,9,68,5,Pass,High,None,Excellent
2430,7.2,58,9,90,8,Pass,High,English,Good
2431,5.2,90,1,78,8,Pass,High,None,Excellent
2432,6.8,79,7,90,8,Pass,High,None,Good
2433,7.9,73,3,41,8,Pass,High,Math,Good
2434,3,56,9,42,7,Pass,Medium,"Math,English",Average
2435,7.7,96,8,87,8,Pass,High,None,Excellent
2436,3.7,62,3,40,6,Fail,Low,"Math,English",Poor
2437,3.7,88,1,93,6,Pass,Medium,None,Good
2438,3.4,46,9,60,8,Pass,Medium,English,Average
2439,4.8,46,10,40,6,Pass,Medium,"Math,English",Average
2440,2.1,61,1,72,7,Fail,Low,"English,Physics",Poor
2441,4.9,54,3,65,5,Pass,Medium,English,Average
2442,4.8,62,6,31,8,Pass,Medium,"Math,English",Average
2443,6.3,66,6,90,6,Pass,High,None,Good
2444,6.8,63,10,65,6,Pass,High,English,Good
2445,4.1,97,4,78,7,Pass,High,None,Excellent
2446,3.1,45,2,56,7,Fail,Low,English,Poor
2447,2.8,68,10,41,5,Pass,Medium,"Math,Physics",Average
2448,2.4,80,6,87,9,Pass,High,Physics,Excellent
2449,1.4,69,10,35,9,Pass,Medium,"Math,Physics",Average
2450,3.4,80,5,73,9,Pass,High,None,Excellent
2451,2.9,75,6,76,5,Pass,Medium,Physics,Good
2452,7.8,75,7,52,8,Pass,High,None,Good
2453,4.9,46,9,55,9,Pass,High,English,Good
2454,3.4,63,7,36,9,Pass,Medium,"Math,English",Average
2455,5.1,97,4,61,6,Pass,High,None,Excellent
2456,2,56,10,62,6,Pass,Medium,"English,Physics",Average
2457,4.1,54,5,49,8,Pass,Medium,"Math,English",Average
2458,5.4,75,6,81,7,Pass,High,None,Good
2459,4.4,89,9,71,5,Pass,High,None,Excellent
2460,3.8,66,5,30,9,Pass,Medium,Math,Average
2461,8,67,5,92,5,Pass,High,None,Good
2462,7.2,96,7,36,6,Pass,High,Math,Excellent
2463,5.4,67,2,87,5,Pass,High,None,Good
2464,5,59,3,79,6,Pass,Medium,English,Average
2465,5.3,70,2,63,5,Pass,Medium,None,Average
2466,2.4,47,10,80,6,Pass,Medium,"English,Physics",Average
2467,3.8,67,10,39,5,Pass,Medium,Math,Average
2468,1.3,64,2,55,9,Fail,Low,"English,Physics",Poor
2469,4.3,89,3,61,9,Pass,Medium,None,Good
2470,4.8,84,6,71,8,Pass,High,None,Excellent
2471,2.6,83,5,91,5,Pass,Medium,Physics,Good
2472,7.7,100,5,41,7,Pass,High,Math,Excellent
2473,7.4,52,2,69,8,Pass,High,English,Good
2474,6.1,62,2,63,5,Pass,Medium,English,Average
2475,4.7,85,1,56,7,Pass,Medium,None,Good
2476,7.1,50,3,37,9,Pass,Medium,"Math,English",Average
2477,1.9,71,7,76,9,Pass,Medium,Physics,Average
2478,6.5,80,5,55,9,Pass,High,None,Excellent
2479,1.9,59,7,86,7,Pass,Medium,"English,Physics",Average
2480,6.6,81,9,36,6,Pass,High,Math,Excellent
2481,2.9,49,6,55,5,Pass,Medium,"English,Physics",Average
2482,7.1,83,2,88,8,Pass,High,None,Excellent
2483,7.6,53,1,76,8,Pass,High,English,Good
2484,2,51,1,64,9,Fail,Low,"English,Physics",Poor
2485,4.2,85,10,59,6,Pass,High,None,Excellent
2486,7.9,64,9,79,5,Pass,High,English,Good
2487,4.4,54,6,53,5,Pass,Medium,English,Average
2488,7,70,6,59,8,Pass,High,None,Good
2489,5.1,48,4,83,8,Pass,High,English,Good
2490,3.6,82,2,61,8,Pass,Medium,None,Good
2491,3,68,10,37,5,Pass,Medium,Math,Average
2492,2.4,58,3,79,8,Pass,Medium,"English,Physics",Average
2493,6.3,85,3,76,5,Pass,High,None,Excellent
2494,3.7,45,8,75,9,Pass,High,English,Good
2495,4.6,61,6,64,6,Pass,Medium,English,Average
2496,4.4,89,7,90,8,Pass,High,None,Excellent
2497,5,68,9,80,5,Pass,High,None,Good
2498,7.1,71,1,92,9,Pass,High,None,Good
2499,7.9,51,2,37,7,Pass,Medium,"Math,English",Average
2500,3.9,53,9,63,9,Pass,High,English,Good
2501,6.8,87,5,54,6,Pass,High,None,Excellent
2502,6.4,79,4,73,9,Pass,High,None,Good
2503,5,56,1,72,8,Pass,Medium,English,Average
2504,7.7,65,9,79,8,Pass,High,None,Good
2505,2.4,47,9,42,7,Pass,Medium,"Math,English,Physics",Average
2506,1.8,59,4,75,5,Pass,Medium,"English,Physics",Average
2507,7,65,9,82,9,Pass,High,None,Good
2508,4.1,54,10,92,7,Pass,High,English,Good
2509,6.9,77,1,31,8,Pass,Medium,Math,Good
2510,7.3,90,5,69,5,Pass,High,None,Excellent
2511,1.4,96,1,52,5,Fail,Low,Physics,Good
2512,7.2,50,4,88,6,Pass,High,English,Good
2513,4.1,46,5,63,8,Pass,Medium,English,Average
2514,4.6,73,3,56,5,Pass,Medium,None,Average
2515,5.4,99,2,84,6,Pass,High,None,Excellent
2516,7.5,84,6,33,6,Pass,High,Math,Excellent
2517,1.1,77,3,56,8,Fail,Low,Physics,Good
2518,4.3,48,10,76,5,Pass,High,English,Good
2519,5.8,48,1,69,5,Pass,Medium,English,Average
2520,6.1,73,5,56,9,Pass,High,None,Good
2521,5.8,81,2,36,5,Pass,Medium,Math,Good
2522,1.9,64,2,52,6,Fail,Low,"English,Physics",Poor
2523,3.1,85,4,93,7,Pass,High,None,Excellent
2524,3.5,67,4,58,8,Pass,Medium,None,Average
2525,6.6,89,4,90,7,Pass,High,None,Excellent
2526,3,62,7,73,5,Pass,Medium,English,Average
2527,2.5,93,1,56,6,Pass,Medium,Physics,Good
2528,7.7,69,8,41,7,Pass,High,Math,Good
2529,1.1,45,10,46,8,Fail,Low,"Math,English,Physics",Poor
2530,8,98,9,66,9,Pass,High,None,Excellent
2531,5.7,59,10,63,7,Pass,High,English,Good
2532,6.8,78,6,65,9,Pass,High,None,Good
2533,3.1,92,4,35,5,Pass,Medium,Math,Good
2534,1.1,64,6,61,5,Fail,Low,"English,Physics",Poor
2535,6.2,98,10,51,8,Pass,High,None,Excellent
2536,6.8,81,7,39,9,Pass,High,Math,Excellent
2537,6.2,71,6,58,9,Pass,High,None,Good
2538,2,66,1,40,8,Fail,Low,"Math,Physics",Poor
2539,6.3,95,5,95,7,Pass,High,None,Excellent
2540,6.4,49,8,85,8,Pass,High,English,Good
2541,5.6,78,8,87,5,Pass,High,None,Good
2542,6.4,83,10,81,9,Pass,High,None,Excellent
2543,6.9,47,9,90,6,Pass,High,English,Good
2544,5.3,61,4,46,6,Pass,Medium,"Math,English",Average
2545,1.6,68,10,59,5,Pass,Medium,Physics,Average
2546,4.4,68,6,66,9,Pass,High,None,Good
2547,1.5,47,7,34,9,Fail,Low,"Math,English,Physics",Poor
2548,3.9,89,5,55,8,Pass,Medium,None,Good
2549,3.8,51,8,30,7,Pass,Medium,"Math,English",Average
2550,1.5,69,3,38,8,Fail,Low,"Math,Physics",Poor
2551,3.4,100,8,93,6,Pass,High,None,Excellent
2552,1.8,47,5,53,9,Fail,Low,"English,Physics",Poor
2553,6.7,59,1,34,7,Pass,Medium,"Math,English",Average
2554,7.6,73,6,80,8,Pass,High,None,Good
2555,1.5,94,2,67,7,Pass,Medium,Physics,Good
2556,7.7,73,7,58,6,Pass,High,None,Good
2557,4.7,54,9,75,7,Pass,High,English,Good
2558,3.1,76,3,81,9,Pass,Medium,None,Good
2559,1.5,67,10,75,7,Pass,Medium,Physics,Average
2560,4.5,83,4,88,7,Pass,High,None,Excellent
2561,6.6,53,4,39,8,Pass,Medium,"Math,English",Average
2562,5.9,81,4,33,7,Pass,Medium,Math,Good
2563,1.4,96,3,81,7,Pass,Medium,Physics,Good
2564,1.5,84,5,47,6,Fail,Low,"Math,Physics",Good
2565,3.8,58,9,80,7,Pass,High,English,Good
2566,3.1,48,8,52,8,Pass,Medium,English,Average
2567,2.6,64,10,54,8,Pass,Medium,"English,Physics",Average
2568,3,72,2,89,9,Pass,Medium,None,Average
2569,6.6,58,9,66,6,Pass,High,English,Good
2570,7.5,88,10,47,5,Pass,High,Math,Excellent
2571,3.8,78,2,58,9,Pass,Medium,None,Good
2572,7.3,57,7,59,7,Pass,High,English,Good
2573,3.3,75,5,36,6,Pass,Medium,Math,Good
2574,4.3,77,7,70,9,Pass,High,None,Good
2575,2.6,96,5,66,8,Pass,Medium,Physics,Good
2576,5.5,83,6,56,6,Pass,High,None,Excellent
2577,7.9,72,8,50,6,Pass,High,None,Good
2578,5.2,69,1,72,7,Pass,Medium,None,Average
2579,3.5,76,1,80,6,Pass,Medium,None,Good
2580,5.5,53,5,42,6,Pass,Medium,"Math,English",Average
2581,1.9,72,1,82,5,Pass,Medium,Physics,Average
2582,7.2,75,3,92,7,Pass,High,None,Good
2583,4.5,61,10,86,6,Pass,High,English,Good
2584,4.1,97,9,54,6,Pass,High,None,Excellent
2585,5.1,67,7,42,5,Pass,Medium,Math,Average
2586,5.4,57,6,66,5,Pass,Medium,English,Average
2587,1.5,99,8,59,8,Pass,Medium,Physics,Good
2588,5.8,54,8,41,7,Pass,Medium,"Math,English",Average
2589,2.7,60,6,94,5,Pass,Medium,"English,Physics",Average
2590,6,50,4,47,6,Pass,Medium,"Math,English",Average
2591,6.8,92,4,91,5,Pass,High,None,Excellent
2592,6.6,55,4,53,9,Pass,High,English,Good
2593,4.9,96,6,89,8,Pass,High,None,Excellent
2594,4.6,47,1,46,8,Fail,Low,"Math,English",Poor
2595,2,72,2,89,7,Pass,Medium,Physics,Average
2596,6.4,85,6,38,8,Pass,High,Math,Excellent
2597,2.9,59,1,81,7,Pass,Medium,"English,Physics",Average
2598,4.5,57,9,44,9,Pass,Medium,"Math,English",Average
2599,3,86,6,57,6,Pass,Medium,None,Good
2600,1.9,96,7,38,9,Pass,Medium,"Math,Physics",Good
2601,5.4,100,1,85,7,Pass,High,None,Excellent
2602,1.4,89,8,65,7,Pass,Medium,Physics,Good
2603,6.2,61,5,85,7,Pass,High,English,Good
2604,3.2,51,5,49,6,Fail,Low,"Math,English",Poor
2605,1,72,6,84,7,Pass,Medium,Physics,Average
2606,4.6,82,7,89,9,Pass,High,None,Excellent
2607,1.3,57,7,64,6,Pass,Medium,"English,Physics",Average
2608,2.9,61,5,30,9,Fail,Low,"Math,English,Physics",Poor
2609,5.9,59,1,74,6,Pass,Medium,English,Average
2610,1.4,80,9,69,7,Pass,Medium,Physics,Good
2611,6.9,72,6,67,6,Pass,High,None,Good
2612,1,59,9,53,5,Fail,Low,"English,Physics",Poor
2613,2.7,90,4,33,9,Pass,Medium,"Math,Physics",Good
2614,6.2,97,2,42,5,Pass,Medium,Math,Good
2615,3.2,55,3,50,5,Fail,Low,English,Poor
2616,1.7,100,4,61,7,Pass,Medium,Physics,Good
2617,3.5,75,10,67,7,Pass,High,None,Good
2618,2.9,48,8,61,5,Pass,Medium,"English,Physics",Average
2619,6.9,79,3,86,6,Pass,High,None,Good
2620,3.2,78,8,77,7,Pass,High,None,Good
2621,6.5,96,6,59,9,Pass,High,None,Excellent
2622,7.2,71,4,67,5,Pass,High,None,Good
2623,4,54,7,73,9,Pass,High,English,Good
2624,7.4,74,5,55,9,Pass,High,None,Good
2625,3.6,89,5,31,9,Pass,Medium,Math,Good
2626,7.7,64,9,72,5,Pass,High,English,Good
2627,1.6,73,3,72,8,Pass,Medium,Physics,Average
2628,5.8,97,10,92,7,Pass,High,None,Excellent
2629,4.5,73,4,87,9,Pass,High,None,Good
2630,3.7,67,5,77,5,Pass,Medium,None,Average
2631,5.4,94,1,34,8,Pass,Medium,Math,Good
2632,5.9,65,7,64,5,Pass,High,None,Good
2633,1,92,8,45,7,Pass,Medium,"Math,Physics",Good
2634,2.2,87,6,78,5,Pass,Medium,Physics,Good
2635,6,54,9,89,6,Pass,High,English,Good
2636,5.7,85,3,80,6,Pass,High,None,Excellent
2637,7.8,56,2,88,9,Pass,High,English,Good
2638,6.3,74,5,93,5,Pass,High,None,Good
2639,7.7,95,9,42,5,Pass,High,Math,Excellent
2640,5.9,77,1,55,9,Pass,Medium,None,Good
2641,3.1,62,1,32,9,Fail,Low,"Math,English",Poor
2642,1.7,58,10,41,8,Pass,Medium,"Math,English,Physics",Average
2643,6.5,66,3,70,5,Pass,High,None,Good
2644,5.5,65,10,94,7,Pass,High,None,Good
2645,1.3,45,3,92,7,Pass,Medium,"English,Physics",Average
2646,3.5,93,5,79,7,Pass,High,None,Excellent
2647,7.7,87,4,76,9,Pass,High,None,Excellent
2648,4.5,96,6,37,9,Pass,Medium,Math,Good
2649,4,59,8,60,9,Pass,High,English,Good
2650,4.2,80,8,40,7,Pass,Medium,Math,Good
2651,2.5,91,4,46,8,Pass,Medium,"Math,Physics",Good
2652,3.6,98,1,56,6,Pass,Medium,None,Good
2653,3.6,66,7,56,5,Pass,Medium,None,Average
2654,1.4,76,6,85,6,Pass,Medium,Physics,Good
2655,6.4,90,5,76,5,Pass,High,None,Excellent
2656,3.9,98,4,48,9,Pass,Medium,Math,Good
2657,6.8,77,6,86,7,Pass,High,None,Good
2658,7,85,8,60,6,Pass,High,None,Excellent
2659,2.5,83,6,45,9,Pass,Medium,"Math,Physics",Good
2660,5.6,67,3,74,5,Pass,Medium,None,Average
2661,4.3,87,9,56,6,Pass,High,None,Excellent
2662,7.2,99,3,90,6,Pass,High,None,Excellent
2663,2.5,46,4,55,6,Fail,Low,"English,Physics",Poor
2664,5.7,46,5,58,6,Pass,Medium,English,Average
2665,5.3,82,2,73,6,Pass,High,None,Excellent
2666,3.1,99,10,58,9,Pass,High,None,Excellent
2667,2,95,10,31,5,Pass,Medium,"Math,Physics",Good
2668,5.6,73,2,35,5,Pass,Medium,Math,Average
2669,6.2,96,6,38,8,Pass,High,Math,Excellent
2670,3.2,90,2,44,7,Pass,Medium,Math,Good
2671,5.5,47,10,87,6,Pass,High,English,Good
2672,3.8,83,1,31,5,Fail,Low,Math,Good
2673,6,51,8,32,7,Pass,Medium,"Math,English",Average
2674,2.4,80,10,81,7,Pass,High,Physics,Excellent
2675,7.2,73,10,84,9,Pass,High,None,Good
2676,3,99,1,82,6,Pass,Medium,None,Good
2677,3.6,81,10,69,8,Pass,High,None,Excellent
2678,1.4,93,6,68,7,Pass,Medium,Physics,Good
2679,1.8,80,1,72,9,Pass,Medium,Physics,Good
2680,4.6,67,8,42,6,Pass,Medium,Math,Average
2681,2.9,89,5,66,5,Pass,Medium,Physics,Good
2682,6.8,60,3,84,8,Pass,High,English,Good
2683,1.1,92,5,61,6,Pass,Medium,Physics,Good
2684,3.7,75,1,43,9,Pass,Medium,Math,Good
2685,3.4,78,1,94,9,Pass,Medium,None,Good
2686,1.1,94,4,56,9,Pass,Medium,Physics,Good
2687,1.9,45,9,53,9,Pass,Medium,"English,Physics",Average
2688,3.9,62,9,51,9,Pass,Medium,English,Average
2689,4.5,84,1,74,8,Pass,Medium,None,Good
2690,3.8,87,3,37,7,Pass,Medium,Math,Good
2691,4.7,100,4,93,7,Pass,High,None,Excellent
2692,5.2,100,2,76,5,Pass,High,None,Excellent
2693,1.1,59,7,50,7,Fail,Low,"English,Physics",Poor
2694,4.2,92,3,61,9,Pass,Medium,None,Good
2695,7.7,93,1,74,7,Pass,High,None,Excellent
2696,4.6,61,1,73,7,Pass,Medium,English,Average
2697,5.7,88,3,70,9,Pass,High,None,Excellent
2698,3.2,54,6,81,8,Pass,Medium,English,Average
2699,6.4,64,4,40,9,Pass,Medium,"Math,English",Average
2700,6.4,50,1,47,7,Pass,Medium,"Math,English",Average
2701,4.6,52,7,40,7,Pass,Medium,"Math,English",Average
2702,7.8,89,2,56,5,Pass,High,None,Excellent
2703,1.9,78,5,72,9,Pass,Medium,Physics,Good
2704,1.1,76,8,94,5,Pass,Medium,Physics,Good
2705,6.4,95,7,83,5,Pass,High,None,Excellent
2706,6.7,98,8,58,6,Pass,High,None,Excellent
2707,1.8,86,10,50,5,Pass,Medium,Physics,Good
2708,2.9,48,6,58,7,Pass,Medium,"English,Physics",Average
2709,1.1,88,7,38,7,Pass,Medium,"Math,Physics",Good
2710,3.1,94,9,90,6,Pass,High,None,Excellent
2711,6.4,83,6,91,6,Pass,High,None,Excellent
2712,4.6,64,9,34,9,Pass,Medium,"Math,English",Average
2713,3.4,68,2,44,6,Fail,Low,Math,Poor
2714,3.6,68,2,86,8,Pass,Medium,None,Average
2715,1,99,2,34,7,Fail,Low,"Math,Physics",Good
2716,3.1,70,6,49,7,Pass,Medium,Math,Average
2717,5.5,69,2,33,6,Pass,Medium,Math,Average
2718,7.8,80,3,85,6,Pass,High,None,Excellent
2719,6.9,51,8,63,7,Pass,High,English,Good
2720,1.2,54,8,69,6,Pass,Medium,"English,Physics",Average
2721,7.3,91,4,51,9,Pass,High,None,Excellent
2722,6.5,56,9,43,6,Pass,High,"Math,English",Good
2723,6.5,45,8,37,6,Pass,Medium,"Math,English",Average
2724,4.2,96,1,75,9,Pass,High,None,Excellent
2725,3.8,94,8,58,9,Pass,High,None,Excellent
2726,3.1,69,1,41,9,Fail,Low,Math,Poor
2727,1.5,60,4,81,7,Pass,Medium,"English,Physics",Average
2728,2.6,49,10,87,6,Pass,Medium,"English,Physics",Average
2729,2.7,63,6,31,9,Pass,Medium,"Math,English,Physics",Average
2730,4.4,48,7,30,9,Pass,Medium,"Math,English",Average
2731,6.2,50,10,84,7,Pass,High,English,Good
2732,4.3,70,4,63,8,Pass,Medium,None,Average
2733,1.4,93,8,93,6,Pass,High,Physics,Excellent
2734,7.7,83,8,41,8,Pass,High,Math,Excellent
2735,7.6,100,9,79,8,Pass,High,None,Excellent
2736,6.5,99,6,50,9,Pass,High,None,Excellent
2737,7.9,83,4,39,7,Pass,High,Math,Excellent
2738,4.8,53,2,43,6,Pass,Medium,"Math,English",Average
2739,7.7,89,7,69,6,Pass,High,None,Excellent
2740,1.5,96,10,59,6,Pass,Medium,Physics,Good
2741,3.6,58,3,43,8,Pass,Medium,"Math,English",Average
2742,2.6,92,3,81,5,Pass,Medium,Physics,Good
2743,2.4,99,3,46,7,Pass,Medium,"Math,Physics",Good
2744,2,53,4,91,5,Pass,Medium,"English,Physics",Average
2745,5.4,59,2,51,8,Pass,Medium,English,Average
2746,6.5,81,5,82,9,Pass,High,None,Excellent
2747,5,94,3,61,5,Pass,Medium,None,Good
2748,2,97,10,84,5,Pass,High,Physics,Excellent
2749,6.7,64,5,51,7,Pass,High,English,Good
2750,5.5,52,7,67,8,Pass,High,English,Good
2751,3.7,76,9,79,7,Pass,High,None,Good
2752,5.7,91,2,95,9,Pass,High,None,Excellent
2753,2.8,65,9,74,6,Pass,Medium,Physics,Average
2754,3.4,85,10,37,8,Pass,Medium,Math,Good
2755,7.4,63,6,94,9,Pass,High,English,Good
2756,3,73,6,69,9,Pass,Medium,None,Average
2757,4.3,75,3,34,5,Pass,Medium,Math,Good
2758,7.2,98,10,74,7,Pass,High,None,Excellent
2759,6,50,9,75,5,Pass,High,English,Good
2760,1.4,48,4,65,5,Fail,Low,"English,Physics",Poor
2761,2,87,5,46,6,Pass,Medium,"Math,Physics",Good
2762,1.1,73,3,70,7,Fail,Low,Physics,Poor
2763,5.4,86,5,59,6,Pass,High,None,Excellent
2764,4.1,47,8,81,9,Pass,High,English,Good
2765,1.9,45,8,49,6,Fail,Low,"Math,English,Physics",Poor
2766,7.7,88,8,65,9,Pass,High,None,Excellent
2767,4.7,99,6,95,5,Pass,High,None,Excellent
2768,2.7,59,1,74,6,Pass,Medium,"English,Physics",Average
2769,4.5,91,10,33,7,Pass,High,Math,Excellent
2770,5.8,65,6,79,6,Pass,High,None,Good
2771,1.5,90,10,84,9,Pass,High,Physics,Excellent
2772,2.9,75,7,88,8,Pass,High,Physics,Good
2773,6.6,51,9,71,7,Pass,High,English,Good
2774,4.2,61,8,31,9,Pass,Medium,"Math,English",Average
2775,4.8,100,8,75,8,Pass,High,None,Excellent
2776,4,63,7,31,7,Pass,Medium,"Math,English",Average
2777,1.3,83,2,79,8,Pass,Medium,Physics,Good
2778,2.2,47,1,30,5,Fail,Low,"Math,English,Physics",Poor
2779,4.1,74,2,42,5,Pass,Medium,Math,Average
2780,2.5,79,6,51,6,Pass,Medium,Physics,Good
2781,1.3,73,2,46,6,Fail,Low,"Math,Physics",Poor
2782,6.9,94,10,88,6,Pass,High,None,Excellent
2783,7.9,96,4,32,6,Pass,High,Math,Excellent
2784,6.6,98,10,78,8,Pass,High,None,Excellent
2785,7,58,3,79,7,Pass,High,English,Good
2786,2.7,79,6,64,7,Pass,Medium,Physics,Good
2787,7.7,72,8,52,6,Pass,High,None,Good
2788,2.4,74,6,36,5,Fail,Low,"Math,Physics",Poor
2789,7.7,70,2,79,9,Pass,High,None,Good
2790,8,51,5,39,6,Pass,High,"Math,English",Good
2791,6,83,6,84,6,Pass,High,None,Excellent
2792,7.9,75,9,48,5,Pass,High,Math,Good
2793,5,49,6,52,9,Pass,Medium,English,Average
2794,2.8,79,10,93,8,Pass,High,Physics,Good
2795,4.1,94,5,62,8,Pass,High,None,Excellent
2796,5.2,91,1,95,9,Pass,High,None,Excellent
2797,1.5,96,10,38,9,Pass,Medium,"Math,Physics",Good
2798,5.4,58,5,58,8,Pass,Medium,English,Average
2799,7.9,80,5,47,6,Pass,High,Math,Excellent
2800,2.3,71,6,58,6,Pass,Medium,Physics,Average
2801,6.5,68,7,90,5,Pass,High,None,Good
2802,7.4,84,4,34,9,Pass,High,Math,Excellent
2803,7.6,73,7,85,6,Pass,High,None,Good
2804,7.7,97,5,81,6,Pass,High,None,Excellent
2805,4.7,89,6,44,5,Pass,Medium,Math,Good
2806,7.8,66,4,49,9,Pass,High,Math,Good
2807,6.3,52,8,45,5,Pass,Medium,"Math,English",Average
2808,2.1,59,9,54,5,Pass,Medium,"English,Physics",Average
2809,4.3,93,2,86,8,Pass,High,None,Excellent
2810,6,49,4,50,5,Pass,Medium,English,Average
2811,2.7,96,8,34,9,Pass,Medium,"Math,Physics",Good
2812,5.5,48,8,38,6,Pass,Medium,"Math,English",Average
2813,5.7,55,9,40,6,Pass,Medium,"Math,English",Average
2814,2.1,62,3,94,8,Pass,Medium,"English,Physics",Average
2815,5,86,1,92,9,Pass,High,None,Excellent
2816,6.4,93,9,55,6,Pass,High,None,Excellent
2817,4.5,74,1,48,5,Pass,Medium,Math,Average
2818,1.1,59,3,45,7,Fail,Low,"Math,English,Physics",Poor
2819,1.1,50,3,85,7,Fail,Low,"English,Physics",Poor
2820,3.5,99,9,59,7,Pass,High,None,Excellent
2821,7.5,97,1,36,7,Pass,High,Math,Excellent
2822,2.6,60,7,41,5,Fail,Low,"Math,English,Physics",Poor
2823,5.4,91,2,53,6,Pass,Medium,None,Good
2824,2.6,84,7,51,8,Pass,Medium,Physics,Good
2825,3.3,53,1,76,5,Pass,Medium,English,Average
2826,6.9,87,10,59,6,Pass,High,None,Excellent
2827,6.1,78,10,89,9,Pass,High,None,Good
2828,1.7,71,8,68,6,Pass,Medium,Physics,Average
2829,4,57,10,49,6,Pass,Medium,"Math,English",Average
2830,1.2,80,10,55,6,Pass,Medium,Physics,Good
2831,4.4,71,2,78,5,Pass,Medium,None,Average
2832,5.6,53,3,71,6,Pass,Medium,English,Average
2833,1.8,49,8,35,6,Fail,Low,"Math,English,Physics",Poor
2834,3,95,3,82,9,Pass,High,None,Excellent
2835,3.8,66,1,63,9,Pass,Medium,None,Average
2836,7.4,75,9,39,7,Pass,High,Math,Good
2837,8,47,8,57,5,Pass,High,English,Good
2838,1.3,74,4,32,6,Fail,Low,"Math,Physics",Poor
2839,6.3,65,8,77,7,Pass,High,None,Good
2840,3.6,79,5,95,7,Pass,High,None,Good
2841,3.7,50,3,64,5,Pass,Medium,English,Average
2842,6.3,72,1,81,7,Pass,High,None,Good
2843,7.4,76,10,91,7,Pass,High,None,Good
2844,7.7,86,5,81,5,Pass,High,None,Excellent
2845,5,81,6,76,8,Pass,High,None,Excellent
2846,3.5,69,4,83,7,Pass,Medium,None,Average
2847,6.5,76,7,57,9,Pass,High,None,Good
2848,2.8,79,3,52,7,Pass,Medium,Physics,Good
2849,4.9,66,7,64,5,Pass,Medium,None,Average
2850,3.5,68,1,61,5,Pass,Medium,None,Average
2851,5.6,83,7,31,8,Pass,High,Math,Excellent
2852,2.7,98,1,45,8,Pass,Medium,"Math,Physics",Good
2853,2.3,74,1,45,9,Fail,Low,"Math,Physics",Poor
2854,7.4,94,2,80,9,Pass,High,None,Excellent
2855,1.7,76,2,83,7,Pass,Medium,Physics,Good
2856,4.5,75,4,49,8,Pass,Medium,Math,Good
2857,2.5,67,1,62,9,Pass,Medium,Physics,Average
2858,1.3,84,4,37,7,Fail,Low,"Math,Physics",Good
2859,1.3,77,2,53,6,Fail,Low,Physics,Good
2860,2.2,69,4,82,7,Pass,Medium,Physics,Average
2861,7.1,80,4,93,9,Pass,High,None,Excellent
2862,3,68,9,87,7,Pass,High,None,Good
2863,7.7,75,9,66,6,Pass,High,None,Good
2864,5.1,83,1,41,9,Pass,Medium,Math,Good
2865,4.1,90,5,33,7,Pass,Medium,Math,Good
2866,5.1,57,7,60,9,Pass,High,English,Good
2867,4.6,54,4,67,7,Pass,Medium,English,Average
2868,6.3,67,5,66,5,Pass,High,None,Good
2869,3,62,2,43,9,Fail,Low,"Math,English",Poor
2870,3.5,76,3,53,9,Pass,Medium,None,Good
2871,7.3,77,7,39,9,Pass,High,Math,Good
2872,7.6,80,10,67,9,Pass,High,None,Excellent
2873,7.2,72,7,72,7,Pass,High,None,Good
2874,3.9,60,4,66,8,Pass,Medium,English,Average
2875,6.5,60,1,71,7,Pass,Medium,English,Average
2876,4.3,62,1,61,6,Pass,Medium,English,Average
2877,4.5,52,4,43,5,Pass,Medium,"Math,English",Average
2878,2.4,86,4,33,7,Fail,Low,"Math,Physics",Good
2879,5.1,60,6,53,7,Pass,Medium,English,Average
2880,2.3,99,7,39,9,Pass,Medium,"Math,Physics",Good
2881,3.3,100,9,45,6,Pass,Medium,Math,Good
2882,7,55,9,68,9,Pass,High,English,Good
2883,2.4,50,10,47,9,Pass,Medium,"Math,English,Physics",Average
2884,1.5,45,5,54,8,Fail,Low,"English,Physics",Poor
2885,1.5,56,10,36,5,Fail,Low,"Math,English,Physics",Poor
2886,7.6,82,3,85,8,Pass,High,None,Excellent
2887,4.5,72,3,76,9,Pass,High,None,Good
2888,3.9,89,6,32,5,Pass,Medium,Math,Good
2889,6.7,61,1,30,7,Pass,Medium,"Math,English",Average
2890,6.9,45,7,62,6,Pass,High,English,Good
2891,3.3,76,3,88,8,Pass,Medium,None,Good
2892,5.9,52,5,61,6,Pass,Medium,English,Average
2893,6.4,98,7,46,9,Pass,High,Math,Excellent
2894,5.6,84,7,46,5,Pass,High,Math,Excellent
2895,2.1,100,9,50,7,Pass,Medium,Physics,Good
2896,7.1,87,1,84,5,Pass,High,None,Excellent
2897,4.8,90,3,35,6,Pass,Medium,Math,Good
2898,3,68,9,78,6,Pass,High,None,Good
2899,4,54,8,55,7,Pass,Medium,English,Average
2900,1.3,91,2,61,7,Pass,Medium,Physics,Good
2901,1.9,83,8,73,5,Pass,Medium,Physics,Good
2902,6.4,83,8,88,8,Pass,High,None,Excellent
2903,1,54,2,58,5,Fail,Low,"English,Physics",Poor
2904,3.9,80,8,46,6,Pass,Medium,Math,Good
2905,4.7,69,3,47,5,Pass,Medium,Math,Average
2906,1.4,94,7,69,9,Pass,Medium,Physics,Good
2907,7.8,54,9,92,5,Pass,High,English,Good
2908,2.6,63,4,74,5,Pass,Medium,"English,Physics",Average
2909,3.1,90,6,32,9,Pass,Medium,Math,Good
2910,3.1,89,9,32,6,Pass,Medium,Math,Good
2911,2.6,59,5,67,7,Pass,Medium,"English,Physics",Average
2912,1,60,1,69,5,Fail,Low,"English,Physics",Poor
2913,6.1,46,3,83,8,Pass,High,English,Good
2914,7.8,73,9,49,7,Pass,High,Math,Good
2915,2.6,48,3,44,8,Fail,Low,"Math,English,Physics",Poor
2916,5.6,97,10,34,5,Pass,High,Math,Excellent
2917,6.2,94,2,68,8,Pass,High,None,Excellent
2918,6.9,73,4,69,7,Pass,High,None,Good
2919,4,75,5,36,8,Pass,Medium,Math,Good
2920,3.1,61,7,62,8,Pass,Medium,English,Average
2921,3.3,54,7,66,7,Pass,Medium,English,Average
2922,6,71,9,61,7,Pass,High,None,Good
2923,6.7,97,8,72,7,Pass,High,None,Excellent
2924,2.3,85,2,92,7,Pass,Medium,Physics,Good
2925,3.6,59,8,65,9,Pass,High,English,Good
2926,7.3,88,8,78,5,Pass,High,None,Excellent
2927,6.6,75,5,54,7,Pass,High,None,Good
2928,7.9,65,3,95,6,Pass,High,None,Good
2929,6.3,85,9,38,8,Pass,High,Math,Excellent
2930,3.8,90,7,47,7,Pass,Medium,Math,Good
2931,5.1,89,1,51,7,Pass,Medium,None,Good
2932,5.6,70,8,44,5,Pass,Medium,Math,Average
2933,1.5,82,10,36,7,Pass,Medium,"Math,Physics",Good
2934,4.8,95,5,42,9,Pass,High,Math,Excellent
2935,6,80,6,65,6,Pass,High,None,Excellent
2936,2.2,96,9,45,6,Pass,Medium,"Math,Physics",Good
2937,6.5,61,10,70,7,Pass,High,English,Good
2938,5.1,95,8,50,5,Pass,High,None,Excellent
2939,7.7,47,3,57,7,Pass,High,English,Good
2940,1.3,58,5,46,8,Fail,Low,"Math,English,Physics",Poor
2941,2.9,93,4,94,6,Pass,High,Physics,Excellent
2942,5.2,57,1,42,8,Pass,Medium,"Math,English",Average
2943,3.1,85,5,65,9,Pass,Medium,None,Good
2944,6,71,10,87,6,Pass,High,None,Good
2945,6.3,45,7,49,6,Pass,Medium,"Math,English",Average
2946,1.7,61,1,81,9,Pass,Medium,"English,Physics",Average
2947,4.6,92,4,35,8,Pass,Medium,Math,Good
2948,4.6,94,6,52,7,Pass,High,None,Excellent
2949,3.6,78,9,71,5,Pass,High,None,Good
2950,7.5,58,8,53,8,Pass,High,English,Good
2951,6.8,98,2,34,9,Pass,High,Math,Excellent
2952,5.9,99,3,61,9,Pass,High,None,Excellent
2953,6,61,10,75,9,Pass,High,English,Good
2954,4.2,47,5,46,6,Pass,Medium,"Math,English",Average
2955,7.4,78,7,56,7,Pass,High,None,Good
2956,5.9,84,3,52,6,Pass,Medium,None,Good
2957,6.1,69,7,63,6,Pass,High,None,Good
2958,7,46,5,50,6,Pass,Medium,English,Average
2959,2.9,78,10,51,9,Pass,High,Physics,Good
2960,6.6,70,6,94,8,Pass,High,None,Good
2961,2.4,75,6,61,5,Pass,Medium,Physics,Good
2962,3.4,53,4,91,5,Pass,Medium,English,Average
2963,3.3,74,8,57,7,Pass,Medium,None,Average
2964,7.8,64,9,36,7,Pass,High,"Math,English",Good
2965,7,65,2,83,9,Pass,High,None,Good
2966,5.9,73,9,43,5,Pass,High,Math,Good
2967,6.1,69,4,84,8,Pass,High,None,Good
2968,4.9,82,6,87,9,Pass,High,None,Excellent
2969,7.6,88,7,73,7,Pass,High,None,Excellent
2970,4.5,69,4,75,9,Pass,High,None,Good
2971,3.7,53,8,43,7,Pass,Medium,"Math,English",Average
2972,2.1,83,10,73,5,Pass,Medium,Physics,Good
2973,6.5,88,8,70,9,Pass,High,None,Excellent
2974,6.1,70,1,31,6,Pass,Medium,Math,Average
2975,3.7,81,8,34,7,Pass,Medium,Math,Good
2976,1.2,60,10,41,6,Fail,Low,"Math,English,Physics",Poor
2977,6.9,81,3,76,7,Pass,High,None,Excellent
2978,1.1,56,5,64,6,Fail,Low,"English,Physics",Poor
2979,5.9,68,10,48,5,Pass,High,Math,Good
2980,7.8,70,8,92,5,Pass,High,None,Good
2981,4.1,64,6,37,8,Pass,Medium,"Math,English",Average
2982,2.6,53,4,52,8,Fail,Low,"English,Physics",Poor
2983,5.9,67,4,42,8,Pass,Medium,Math,Average
2984,6.7,83,4,52,9,Pass,High,None,Excellent
2985,4.8,73,6,60,7,Pass,High,None,Good
2986,7.8,75,7,59,9,Pass,High,None,Good
2987,1.4,63,5,71,8,Pass,Medium,"English,Physics",Average
2988,4.5,64,10,31,7,Pass,Medium,"Math,English",Average
2989,6,67,8,40,9,Pass,High,Math,Good
2990,7,87,7,54,5,Pass,High,None,Excellent
2991,2.3,71,8,58,7,Pass,Medium,Physics,Average
2992,6.6,74,4,51,8,Pass,High,None,Good
2993,4.9,65,8,48,5,Pass,Medium,Math,Average
2994,3.8,88,6,70,7,Pass,High,None,Excellent
2995,1.9,79,3,67,9,Pass,Medium,Physics,Good
2996,7.1,93,8,58,8,Pass,High,None,Excellent
2997,2.1,51,7,51,9,Pass,Medium,"English,Physics",Average
2998,3.2,66,10,37,5,Pass,Medium,Math,Average
2999,3,54,5,76,5,Pass,Medium,English,Average
3000,7.1,67,4,35,5,Pass,Medium,Math,Average
3001,5.7,59,1,36,7,Pass,Medium,"Math,English",Average
3002,6.6,74,10,65,8,Pass,High,None,Good
3003,2.8,78,3,37,5,Fail,Low,"Math,Physics",Good
3004,5.4,57,2,75,9,Pass,High,English,Good
3005,5,48,8,93,8,Pass,High,English,Good
3006,6.8,62,8,60,9,Pass,High,English,Good
3007,7.3,100,5,52,9,Pass,High,None,Excellent
3008,1.1,67,5,90,5,Pass,Medium,Physics,Average
3009,5.7,77,4,79,8,Pass,High,None,Good
3010,1.4,78,1,75,6,Fail,Low,Physics,Good
3011,4.8,78,1,72,7,Pass,Medium,None,Good
3012,3,80,6,39,6,Pass,Medium,Math,Good
3013,3.1,79,4,49,7,Pass,Medium,Math,Good
3014,3.5,61,4,45,8,Pass,Medium,"Math,English",Average
3015,5.3,72,3,32,5,Pass,Medium,Math,Average
3016,3.3,58,9,59,8,Pass,Medium,English,Average
3017,6.1,78,3,47,6,Pass,Medium,Math,Good
3018,3.8,92,8,88,9,Pass,High,None,Excellent
3019,1.5,55,2,64,7,Fail,Low,"English,Physics",Poor
3020,6.5,57,4,48,7,Pass,Medium,"Math,English",Average
3021,3,77,1,55,6,Fail,Low,None,Good
3022,4,99,5,64,5,Pass,Medium,None,Good
3023,5.8,46,2,86,8,Pass,High,English,Good
3024,3.3,78,1,78,6,Pass,Medium,None,Good
3025,1.4,97,1,39,8,Fail,Low,"Math,Physics",Good
3026,3.6,73,2,58,5,Pass,Medium,None,Average
3027,7.6,81,5,53,9,Pass,High,None,Excellent
3028,5.5,48,9,72,8,Pass,High,English,Good
3029,5.7,56,6,68,5,Pass,High,English,Good
3030,5.4,70,4,54,6,Pass,Medium,None,Average
3031,2.4,72,3,63,9,Pass,Medium,Physics,Average
3032,3.9,47,8,82,9,Pass,High,English,Good
3033,6.3,64,3,84,9,Pass,High,English,Good
3034,1.7,54,1,82,7,Fail,Low,"English,Physics",Poor
3035,2.9,96,4,47,5,Pass,Medium,"Math,Physics",Good
3036,2.9,62,5,36,8,Fail,Low,"Math,English,Physics",Poor
3037,4,97,5,92,6,Pass,High,None,Excellent
3038,7.9,97,5,71,9,Pass,High,None,Excellent
3039,1.5,97,8,40,9,Pass,Medium,"Math,Physics",Good
3040,4.6,71,8,38,9,Pass,Medium,Math,Average
3041,2.3,75,4,64,5,Pass,Medium,Physics,Good
3042,7.8,71,9,94,6,Pass,High,None,Good
3043,1.8,86,1,34,5,Fail,Low,"Math,Physics",Good
3044,3.8,45,5,55,6,Pass,Medium,English,Average
3045,6.2,50,5,80,8,Pass,High,English,Good
3046,5.9,55,5,67,7,Pass,High,English,Good
3047,4,78,8,32,6,Pass,Medium,Math,Good
3048,3.4,83,9,88,5,Pass,High,None,Excellent
3049,3.8,64,3,42,5,Fail,Low,"Math,English",Poor
3050,2.8,97,9,64,5,Pass,High,Physics,Excellent
3051,2.4,65,8,32,7,Pass,Medium,"Math,Physics",Average
3052,4.4,65,3,82,6,Pass,Medium,None,Average
3053,2.9,62,2,84,6,Pass,Medium,"English,Physics",Average
3054,3,65,4,74,6,Pass,Medium,None,Average
3055,5.6,63,2,95,6,Pass,High,English,Good
3056,7.8,48,4,73,9,Pass,High,English,Good
3057,5.2,57,5,91,9,Pass,High,English,Good
3058,1.5,62,2,54,5,Fail,Low,"English,Physics",Poor
3059,1.5,96,8,81,9,Pass,High,Physics,Excellent
3060,7.7,73,1,79,6,Pass,High,None,Good
3061,3.1,69,3,30,6,Fail,Low,Math,Poor
3062,1.6,100,7,68,9,Pass,Medium,Physics,Good
3063,5.2,57,10,81,8,Pass,High,English,Good
3064,5.4,71,1,69,5,Pass,Medium,None,Average
3065,5.5,63,2,89,7,Pass,High,English,Good
3066,2.9,93,3,49,5,Pass,Medium,"Math,Physics",Good
3067,1.1,45,2,31,5,Fail,Low,"Math,English,Physics",Poor
3068,7.8,82,2,38,5,Pass,Medium,Math,Good
3069,2.8,63,6,68,9,Pass,Medium,"English,Physics",Average
3070,5.7,96,7,59,5,Pass,High,None,Excellent
3071,5.9,45,6,83,6,Pass,High,English,Good
3072,5.3,84,6,87,5,Pass,High,None,Excellent
3073,3.2,61,9,73,6,Pass,Medium,English,Average
3074,2.9,65,8,72,9,Pass,High,Physics,Good
3075,5.2,66,8,39,9,Pass,High,Math,Good
3076,7.1,59,6,77,5,Pass,High,English,Good
3077,7.6,94,5,46,6,Pass,High,Math,Excellent
3078,1.7,83,9,34,6,Pass,Medium,"Math,Physics",Good
3079,2.1,92,2,93,6,Pass,Medium,Physics,Good
3080,7.6,83,7,95,6,Pass,High,None,Excellent
3081,6.2,76,6,33,7,Pass,Medium,Math,Good
3082,7.2,93,7,57,9,Pass,High,None,Excellent
3083,2.4,48,4,67,6,Fail,Low,"English,Physics",Poor
3084,5.1,88,9,95,7,Pass,High,None,Excellent
3085,5.9,89,7,89,7,Pass,High,None,Excellent
3086,5.8,76,2,76,9,Pass,High,None,Good
3087,3.9,48,4,54,8,Pass,Medium,English,Average
3088,1.1,97,5,95,5,Pass,Medium,Physics,Good
3089,5.1,45,2,69,9,Pass,Medium,English,Average
3090,2.8,77,10,79,8,Pass,High,Physics,Good
3091,4.2,51,8,69,5,Pass,Medium,English,Average
3092,7.7,53,1,66,5,Pass,Medium,English,Average
3093,3.8,45,3,46,5,Fail,Low,"Math,English",Poor
3094,6.9,60,1,91,7,Pass,High,English,Good
3095,2.3,62,5,70,6,Pass,Medium,"English,Physics",Average
3096,5.7,98,8,71,5,Pass,High,None,Excellent
3097,7.8,91,7,60,6,Pass,High,None,Excellent
3098,1.7,50,9,62,5,Pass,Medium,"English,Physics",Average
3099,1.1,46,2,72,7,Fail,Low,"English,Physics",Poor
3100,4,53,8,67,5,Pass,Medium,English,Average
3101,1.6,48,8,70,9,Pass,Medium,"English,Physics",Average
3102,6.2,89,6,92,8,Pass,High,None,Excellent
3103,7.4,67,3,69,5,Pass,High,None,Good
3104,4,98,2,59,8,Pass,Medium,None,Good
3105,2.8,87,8,76,8,Pass,High,Physics,Excellent
3106,4,89,6,51,7,Pass,Medium,None,Good
3107,6.1,87,4,84,8,Pass,High,None,Excellent
3108,1.1,95,5,72,7,Pass,Medium,Physics,Good
3109,5.1,52,5,90,5,Pass,High,English,Good
3110,5.3,83,9,61,6,Pass,High,None,Excellent
3111,5.5,69,9,33,7,Pass,Medium,Math,Average
3112,2.7,60,8,74,8,Pass,Medium,"English,Physics",Average
3113,6,79,8,49,8,Pass,High,Math,Good
3114,1.6,61,2,94,5,Pass,Medium,"English,Physics",Average
3115,2.4,62,3,89,7,Pass,Medium,"English,Physics",Average
3116,7.1,71,8,55,5,Pass,High,None,Good
3117,6.2,59,5,52,7,Pass,Medium,English,Average
3118,1.1,61,7,69,6,Pass,Medium,"English,Physics",Average
3119,2.7,87,8,31,9,Pass,Medium,"Math,Physics",Good
3120,2.5,49,6,55,5,Fail,Low,"English,Physics",Poor
3121,2.9,60,5,91,8,Pass,Medium,"English,Physics",Average
3122,2.7,59,8,73,5,Pass,Medium,"English,Physics",Average
3123,1.4,86,1,60,7,Fail,Low,Physics,Good
3124,4.2,90,1,55,5,Pass,Medium,None,Good
3125,6.1,78,1,34,6,Pass,Medium,Math,Good
3126,5.2,92,3,64,7,Pass,High,None,Excellent
3127,5.7,63,10,45,8,Pass,High,"Math,English",Good
3128,1.6,52,6,60,8,Pass,Medium,"English,Physics",Average
3129,7.7,91,6,43,7,Pass,High,Math,Excellent
3130,6.9,54,5,54,6,Pass,High,English,Good
3131,6.6,49,7,47,5,Pass,Medium,"Math,English",Average
3132,6.8,96,5,79,9,Pass,High,None,Excellent
3133,7.5,92,2,49,8,Pass,High,Math,Excellent
3134,4.8,97,4,85,6,Pass,High,None,Excellent
3135,2.4,70,1,31,6,Fail,Low,"Math,Physics",Poor
3136,5.3,66,7,55,6,Pass,High,None,Good
3137,6.2,88,4,52,5,Pass,High,None,Excellent
3138,6.2,67,4,61,6,Pass,High,None,Good
3139,4.7,57,4,42,6,Pass,Medium,"Math,English",Average
3140,1.5,53,3,42,7,Fail,Low,"Math,English,Physics",Poor
3141,3.6,93,8,46,7,Pass,Medium,Math,Good
3142,7.4,64,4,87,6,Pass,High,English,Good
3143,5.1,72,8,56,6,Pass,High,None,Good
3144,4.8,88,9,46,7,Pass,High,Math,Excellent
3145,2.9,81,1,67,5,Pass,Medium,Physics,Good
3146,3.6,68,4,43,7,Pass,Medium,Math,Average
3147,7.3,88,6,43,7,Pass,High,Math,Excellent
3148,5.7,77,8,41,7,Pass,High,Math,Good
3149,6.5,64,6,84,7,Pass,High,English,Good
3150,4.2,92,6,92,9,Pass,High,None,Excellent
3151,5.4,74,10,58,8,Pass,High,None,Good
3152,2.7,88,4,74,5,Pass,Medium,Physics,Good
3153,5.9,53,9,33,5,Pass,Medium,"Math,English",Average
3154,4,89,7,45,6,Pass,Medium,Math,Good
3155,4.1,93,6,95,9,Pass,High,None,Excellent
3156,5.5,61,1,52,6,Pass,Medium,English,Average
3157,7.6,80,2,49,5,Pass,High,Math,Excellent
3158,1.4,58,6,46,5,Fail,Low,"Math,English,Physics",Poor
3159,6.8,63,1,81,6,Pass,High,English,Good
3160,3,51,5,35,8,Fail,Low,"Math,English",Poor
3161,4.1,47,1,68,6,Pass,Medium,English,Average
3162,1.2,77,3,63,8,Pass,Medium,Physics,Good
3163,3.1,88,7,83,8,Pass,High,None,Excellent
3164,4.5,76,5,94,7,Pass,High,None,Good
3165,1.4,91,10,58,5,Pass,Medium,Physics,Good
3166,4.4,55,1,70,7,Pass,Medium,English,Average
3167,7.5,86,1,92,5,Pass,High,None,Excellent
3168,1.7,46,8,61,7,Pass,Medium,"English,Physics",Average
3169,6.4,70,9,95,8,Pass,High,None,Good
3170,3.9,48,7,74,7,Pass,Medium,English,Average
3171,5.6,61,3,46,9,Pass,Medium,"Math,English",Average
3172,2.8,61,6,72,7,Pass,Medium,"English,Physics",Average
3173,2.1,72,3,95,7,Pass,Medium,Physics,Average
3174,2.1,74,10,63,7,Pass,Medium,Physics,Average
3175,1.5,84,4,30,9,Fail,Low,"Math,Physics",Good
3176,2.3,67,4,52,5,Fail,Low,Physics,Poor
3177,5.6,90,3,35,7,Pass,Medium,Math,Good
3178,7.2,68,10,45,5,Pass,High,Math,Good
3179,6.7,73,6,31,6,Pass,Medium,Math,Average
3180,5.8,48,5,56,8,Pass,Medium,English,Average
3181,1.8,82,9,48,6,Pass,Medium,"Math,Physics",Good
3182,3,73,9,57,9,Pass,Medium,None,Average
3183,3.2,63,3,64,9,Pass,Medium,English,Average
3184,2.7,71,9,78,5,Pass,Medium,Physics,Average
3185,4.6,73,3,36,5,Pass,Medium,Math,Average
3186,4.7,100,4,66,7,Pass,High,None,Excellent
3187,3.5,80,1,54,6,Pass,Medium,None,Good
3188,3.5,79,5,70,5,Pass,Medium,None,Good
3189,6.8,96,9,91,5,Pass,High,None,Excellent
3190,6.5,50,2,70,5,Pass,Medium,English,Average
3191,3.2,67,4,43,8,Pass,Medium,Math,Average
3192,7.4,83,10,83,5,Pass,High,None,Excellent
3193,7.7,90,2,31,8,Pass,High,Math,Excellent
3194,3.3,88,8,77,9,Pass,High,None,Excellent
3195,3.5,92,9,80,7,Pass,High,None,Excellent
3196,4.5,96,3,84,6,Pass,High,None,Excellent
3197,7.6,52,9,41,5,Pass,High,"Math,English",Good
3198,7.1,99,6,30,8,Pass,High,Math,Excellent
3199,1.7,46,6,88,5,Pass,Medium,"English,Physics",Average
3200,3.7,57,7,63,5,Pass,Medium,English,Average
3201,4.9,84,5,75,8,Pass,High,None,Excellent
3202,4.5,65,6,88,5,Pass,High,None,Good
3203,2.4,75,1,95,6,Pass,Medium,Physics,Good
3204,7,96,3,48,9,Pass,High,Math,Excellent
3205,5.7,92,9,57,7,Pass,High,None,Excellent
3206,6.9,80,5,69,5,Pass,High,None,Excellent
3207,7,92,5,86,8,Pass,High,None,Excellent
3208,6.2,96,8,80,6,Pass,High,None,Excellent
3209,4.1,82,2,51,5,Pass,Medium,None,Good
3210,5.3,71,7,37,9,Pass,Medium,Math,Average
3211,2.1,80,9,89,9,Pass,High,Physics,Excellent
3212,5.7,92,7,94,8,Pass,High,None,Excellent
3213,2.3,67,5,65,5,Pass,Medium,Physics,Average
3214,5.9,99,6,58,5,Pass,High,None,Excellent
3215,2.6,65,4,94,5,Pass,Medium,Physics,Average
3216,1.8,57,7,85,9,Pass,Medium,"English,Physics",Average
3217,2.2,81,1,33,5,Fail,Low,"Math,Physics",Good
3218,1,91,4,79,5,Pass,Medium,Physics,Good
3219,6,70,3,68,5,Pass,Medium,None,Average
3220,6.1,84,4,64,5,Pass,High,None,Excellent
3221,4.6,51,1,54,8,Pass,Medium,English,Average
3222,2.1,90,2,73,9,Pass,Medium,Physics,Good
3223,1.6,83,9,76,7,Pass,Medium,Physics,Good
3224,1.1,66,7,69,8,Pass,Medium,Physics,Average
3225,2.2,83,6,60,5,Pass,Medium,Physics,Good
3226,7.2,67,2,72,7,Pass,High,None,Good
3227,2.7,74,1,84,6,Pass,Medium,Physics,Average
3228,3.5,62,2,45,7,Fail,Low,"Math,English",Poor
3229,1.7,86,7,71,8,Pass,Medium,Physics,Good
3230,2.6,62,2,70,9,Pass,Medium,"English,Physics",Average
3231,4.6,90,3,79,8,Pass,High,None,Excellent
3232,5.3,54,8,35,9,Pass,Medium,"Math,English",Average
3233,2.7,83,7,82,9,Pass,High,Physics,Excellent
3234,1.4,74,9,46,9,Pass,Medium,"Math,Physics",Average
3235,3.7,70,4,86,6,Pass,Medium,None,Average
3236,2.6,51,7,45,7,Pass,Medium,"Math,English,Physics",Average
3237,2.5,51,1,81,8,Pass,Medium,"English,Physics",Average
3238,7.7,49,2,63,8,Pass,High,English,Good
3239,5.3,45,7,49,9,Pass,Medium,"Math,English",Average
3240,4.9,90,2,85,6,Pass,High,None,Excellent
3241,3.9,62,6,80,6,Pass,Medium,English,Average
3242,4,57,10,82,5,Pass,High,English,Good
3243,4.8,69,9,78,6,Pass,High,None,Good
3244,5.9,84,5,33,9,Pass,High,Math,Excellent
3245,5.9,52,10,47,9,Pass,High,"Math,English",Good
3246,2.2,54,7,65,7,Pass,Medium,"English,Physics",Average
3247,4.5,76,1,64,9,Pass,Medium,None,Good
3248,3.9,61,8,59,7,Pass,Medium,English,Average
3249,7.1,82,9,92,6,Pass,High,None,Excellent
3250,5.4,59,5,50,5,Pass,Medium,English,Average
3251,4.7,59,6,81,8,Pass,High,English,Good
3252,1.8,92,8,70,9,Pass,High,Physics,Excellent
3253,5.2,84,4,83,6,Pass,High,None,Excellent
3254,1.8,95,2,59,9,Pass,Medium,Physics,Good
3255,3.4,64,10,85,7,Pass,High,English,Good
3256,2,59,8,70,6,Pass,Medium,"English,Physics",Average
3257,5.8,79,2,43,8,Pass,Medium,Math,Good
3258,2.4,50,5,50,7,Fail,Low,"English,Physics",Poor
3259,3.7,74,6,54,6,Pass,Medium,None,Average
3260,7.3,52,5,79,8,Pass,High,English,Good
3261,2.4,75,6,82,7,Pass,Medium,Physics,Good
3262,4.6,92,6,77,8,Pass,High,None,Excellent
3263,3.9,91,3,77,6,Pass,Medium,None,Good
3264,1.1,76,3,33,7,Fail,Low,"Math,Physics",Good
3265,6.5,89,9,53,5,Pass,High,None,Excellent
3266,1.5,96,3,60,9,Pass,Medium,Physics,Good
3267,4.3,59,3,58,5,Pass,Medium,English,Average
3268,4.9,62,2,34,8,Pass,Medium,"Math,English",Average
3269,5.4,57,7,82,6,Pass,High,English,Good
3270,5.8,68,10,93,9,Pass,High,None,Good
3271,2.8,84,10,64,6,Pass,High,Physics,Excellent
3272,1.1,58,4,41,8,Fail,Low,"Math,English,Physics",Poor
3273,6.1,72,1,76,6,Pass,High,None,Good
3274,4.7,55,6,84,7,Pass,High,English,Good
3275,6.9,50,5,67,7,Pass,High,English,Good
3276,6.7,100,2,58,8,Pass,High,None,Excellent
3277,6.9,69,6,41,6,Pass,High,Math,Good
3278,4.4,45,1,48,8,Fail,Low,"Math,English",Poor
3279,3.3,69,3,38,9,Pass,Medium,Math,Average
3280,6.5,46,4,58,6,Pass,Medium,English,Average
3281,4.2,76,3,32,7,Pass,Medium,Math,Good
3282,2.3,57,6,59,5,Pass,Medium,"English,Physics",Average
3283,7,77,4,87,7,Pass,High,None,Good
3284,7.2,76,1,82,6,Pass,High,None,Good
3285,4.3,100,5,33,6,Pass,Medium,Math,Good
3286,1.5,68,5,86,6,Pass,Medium,Physics,Average
3287,3.7,71,9,83,6,Pass,High,None,Good
3288,6.6,48,8,57,9,Pass,High,English,Good
3289,7.3,68,8,45,5,Pass,High,Math,Good
3290,2.4,67,5,42,7,Fail,Low,"Math,Physics",Poor
3291,1.5,73,8,85,9,Pass,High,Physics,Good
3292,7.1,78,10,82,8,Pass,High,None,Good
3293,3.7,65,7,77,6,Pass,Medium,None,Average
3294,4.8,74,1,54,7,Pass,Medium,None,Average
3295,7.8,70,7,95,8,Pass,High,None,Good
3296,1.5,64,8,59,5,Pass,Medium,"English,Physics",Average
3297,5.5,60,3,32,7,Pass,Medium,"Math,English",Average
3298,1.5,47,9,52,9,Pass,Medium,"English,Physics",Average
3299,3.6,93,8,58,8,Pass,High,None,Excellent
3300,6.6,81,2,70,7,Pass,High,None,Excellent
3301,4,84,6,40,9,Pass,Medium,Math,Good
3302,8,88,4,50,6,Pass,High,None,Excellent
3303,4.9,69,3,53,7,Pass,Medium,None,Average
3304,3.2,67,6,94,6,Pass,High,None,Good
3305,2.5,88,10,30,8,Pass,Medium,"Math,Physics",Good
3306,3.5,45,9,83,8,Pass,High,English,Good
3307,3.6,77,2,63,8,Pass,Medium,None,Good
3308,1.5,59,10,58,6,Pass,Medium,"English,Physics",Average
3309,3.6,61,10,32,6,Pass,Medium,"Math,English",Average
3310,4.2,78,10,40,9,Pass,High,Math,Good
3311,6.1,61,5,37,7,Pass,Medium,"Math,English",Average
3312,5.6,96,6,91,9,Pass,High,None,Excellent
3313,6,85,4,62,6,Pass,High,None,Excellent
3314,1.1,88,7,37,7,Fail,Low,"Math,Physics",Good
3315,2.5,48,2,54,8,Fail,Low,"English,Physics",Poor
3316,5.6,57,7,55,9,Pass,High,English,Good
3317,4.4,48,2,55,9,Pass,Medium,English,Average
3318,1,51,1,46,9,Fail,Low,"Math,English,Physics",Poor
3319,6.6,90,5,58,6,Pass,High,None,Excellent
3320,6.4,53,2,72,7,Pass,Medium,English,Average
3321,4.8,67,8,34,8,Pass,Medium,Math,Average
3322,1.5,77,8,79,6,Pass,Medium,Physics,Good
3323,6.4,77,1,85,8,Pass,High,None,Good
3324,5.1,64,4,92,5,Pass,High,English,Good
3325,6.5,48,9,86,5,Pass,High,English,Good
3326,6.3,45,5,74,8,Pass,High,English,Good
3327,6.6,98,10,66,5,Pass,High,None,Excellent
3328,4.6,86,6,65,7,Pass,High,None,Excellent
3329,2,78,3,62,7,Pass,Medium,Physics,Good
3330,5.7,71,5,35,6,Pass,Medium,Math,Average
3331,5.3,65,1,74,8,Pass,Medium,None,Average
3332,6.2,68,8,36,6,Pass,High,Math,Good
3333,2.2,59,6,94,7,Pass,Medium,"English,Physics",Average
3334,2.4,79,2,53,7,Fail,Low,Physics,Good
3335,7.2,69,4,74,7,Pass,High,None,Good
3336,6.2,99,4,90,9,Pass,High,None,Excellent
3337,7.4,53,9,48,5,Pass,High,"Math,English",Good
3338,6.3,61,9,61,6,Pass,High,English,Good
3339,5.2,65,5,59,6,Pass,Medium,None,Average
3340,5.6,57,3,94,7,Pass,High,English,Good
3341,7.2,47,1,61,9,Pass,Medium,English,Average
3342,5.1,48,6,86,6,Pass,High,English,Good
3343,5.4,48,8,49,6,Pass,Medium,"Math,English",Average
3344,2.1,87,1,59,9,Pass,Medium,Physics,Good
3345,4.3,72,1,88,7,Pass,Medium,None,Average
3346,6,51,7,91,9,Pass,High,English,Good
3347,2.9,70,7,60,5,Pass,Medium,Physics,Average
3348,2.4,55,2,95,6,Pass,Medium,"English,Physics",Average
3349,3.2,68,3,83,5,Pass,Medium,None,Average
3350,2.7,87,2,39,6,Fail,Low,"Math,Physics",Good
3351,2.5,54,6,67,5,Pass,Medium,"English,Physics",Average
3352,4,81,8,60,6,Pass,High,None,Excellent
3353,7.4,57,8,58,7,Pass,High,English,Good
3354,4.5,88,1,54,8,Pass,Medium,None,Good
3355,2.3,86,9,61,9,Pass,High,Physics,Excellent
3356,1.5,83,8,46,6,Pass,Medium,"Math,Physics",Good
3357,5.9,63,9,74,9,Pass,High,English,Good
3358,3.7,95,9,78,6,Pass,High,None,Excellent
3359,6.8,63,6,47,8,Pass,High,"Math,English",Good
3360,5.6,56,3,81,7,Pass,High,English,Good
3361,6.6,96,1,49,7,Pass,High,Math,Excellent
3362,2.9,66,8,91,9,Pass,High,Physics,Good
3363,5.8,91,10,42,8,Pass,High,Math,Excellent
3364,2.8,81,3,72,9,Pass,Medium,Physics,Good
3365,7.6,100,7,50,7,Pass,High,None,Excellent
3366,5.5,74,10,35,5,Pass,High,Math,Good
3367,3.3,90,6,82,9,Pass,High,None,Excellent
3368,2.9,56,3,81,6,Pass,Medium,"English,Physics",Average
3369,2.3,73,6,38,7,Pass,Medium,"Math,Physics",Average
3370,5.9,65,3,75,6,Pass,High,None,Good
3371,2.5,55,9,59,8,Pass,Medium,"English,Physics",Average
3372,5.2,81,1,72,7,Pass,Medium,None,Good
3373,2.9,92,8,88,7,Pass,High,Physics,Excellent
3374,5.6,62,5,67,9,Pass,High,English,Good
3375,6.7,88,4,63,9,Pass,High,None,Excellent
3376,6.4,71,1,75,6,Pass,High,None,Good
3377,6.3,81,9,61,9,Pass,High,None,Excellent
3378,2.3,92,9,45,5,Pass,Medium,"Math,Physics",Good
3379,1.6,56,5,68,7,Pass,Medium,"English,Physics",Average
3380,5.9,67,9,30,8,Pass,High,Math,Good
3381,3.6,78,10,86,7,Pass,High,None,Good
3382,4,82,9,49,6,Pass,Medium,Math,Good
3383,1.2,67,7,71,9,Pass,Medium,Physics,Average
3384,2.8,97,8,63,7,Pass,High,Physics,Excellent
3385,1.2,69,1,79,9,Pass,Medium,Physics,Average
3386,7.2,48,4,40,6,Pass,Medium,"Math,English",Average
3387,2.7,74,10,72,9,Pass,High,Physics,Good
3388,4.9,74,10,39,8,Pass,High,Math,Good
3389,1.3,57,4,37,6,Fail,Low,"Math,English,Physics",Poor
3390,5.7,86,9,48,7,Pass,High,Math,Excellent
3391,3.3,93,3,94,7,Pass,High,None,Excellent
3392,7.3,58,10,84,8,Pass,High,English,Good
3393,7.2,100,10,81,5,Pass,High,None,Excellent
3394,3.3,91,1,32,9,Pass,Medium,Math,Good
3395,7.3,52,5,82,7,Pass,High,English,Good
3396,8,99,7,73,8,Pass,High,None,Excellent
3397,6.8,68,4,77,9,Pass,High,None,Good
3398,6.9,62,9,83,6,Pass,High,English,Good
3399,2.7,79,6,45,8,Pass,Medium,"Math,Physics",Good
3400,5,69,6,59,6,Pass,Medium,None,Average
3401,1.5,61,3,57,6,Fail,Low,"English,Physics",Poor
3402,1.7,76,10,45,6,Pass,Medium,"Math,Physics",Good
3403,8,100,10,80,9,Pass,High,None,Excellent
3404,3.3,68,5,62,5,Pass,Medium,None,Average
3405,6.2,51,10,54,6,Pass,High,English,Good
3406,6.6,57,6,47,7,Pass,High,"Math,English",Good
3407,7,71,4,55,9,Pass,High,None,Good
3408,8,92,3,35,9,Pass,High,Math,Excellent
3409,2.7,49,5,67,6,Pass,Medium,"English,Physics",Average
3410,1.3,80,7,73,7,Pass,Medium,Physics,Good
3411,3.9,70,6,72,8,Pass,High,None,Good
3412,1.9,86,2,35,9,Fail,Low,"Math,Physics",Good
3413,1.2,89,1,93,6,Pass,Medium,Physics,Good
3414,3.5,75,5,42,6,Pass,Medium,Math,Good
3415,6.5,54,5,94,5,Pass,High,English,Good
3416,5,90,6,67,5,Pass,High,None,Excellent
3417,3.2,70,3,93,8,Pass,Medium,None,Average
3418,5.6,66,1,43,8,Pass,Medium,Math,Average
3419,2.6,56,4,46,8,Fail,Low,"Math,English,Physics",Poor
3420,1.1,76,4,42,8,Fail,Low,"Math,Physics",Good
3421,6.4,71,10,35,6,Pass,High,Math,Good
3422,5.4,77,2,35,6,Pass,Medium,Math,Good
3423,6.3,97,8,66,6,Pass,High,None,Excellent
3424,1.3,96,6,86,7,Pass,Medium,Physics,Good
3425,6.9,64,3,82,8,Pass,High,English,Good
3426,5.3,83,1,75,7,Pass,High,None,Excellent
3427,4.9,85,3,33,9,Pass,Medium,Math,Good
3428,5.4,84,8,63,9,Pass,High,None,Excellent
3429,7.1,57,4,95,6,Pass,High,English,Good
3430,5.1,58,3,92,9,Pass,High,English,Good
3431,5.1,88,4,90,6,Pass,High,None,Excellent
3432,7.9,84,4,71,8,Pass,High,None,Excellent
3433,6.3,97,2,93,7,Pass,High,None,Excellent
3434,4.1,66,4,46,6,Pass,Medium,Math,Average
3435,6,62,9,90,5,Pass,High,English,Good
3436,3.7,92,4,59,5,Pass,Medium,None,Good
3437,2.6,73,1,72,8,Pass,Medium,Physics,Average
3438,5.2,87,1,36,7,Pass,Medium,Math,Good
3439,7.5,60,1,75,6,Pass,High,English,Good
3440,7.5,90,5,52,8,Pass,High,None,Excellent
3441,3.4,79,6,65,7,Pass,Medium,None,Good
3442,4.7,97,6,43,5,Pass,Medium,Math,Good
3443,2.5,78,6,49,6,Pass,Medium,"Math,Physics",Good
3444,8,47,9,85,7,Pass,High,English,Good
3445,7.9,48,1,61,9,Pass,High,English,Good
3446,5.5,98,10,54,6,Pass,High,None,Excellent
3447,6.6,49,6,78,9,Pass,High,English,Good
3448,6,54,8,86,8,Pass,High,English,Good
3449,5.2,96,8,56,7,Pass,High,None,Excellent
3450,1.4,73,3,56,7,Fail,Low,Physics,Poor
3451,4.2,76,5,75,7,Pass,High,None,Good
3452,5.7,75,10,74,7,Pass,High,None,Good
3453,5.7,46,4,55,6,Pass,Medium,English,Average
3454,3.6,56,1,43,9,Fail,Low,"Math,English",Poor
3455,7.6,71,9,77,9,Pass,High,None,Good
3456,2.2,49,5,44,8,Fail,Low,"Math,English,Physics",Poor
3457,4.5,81,2,80,8,Pass,High,None,Excellent
3458,5.8,71,2,83,7,Pass,High,None,Good
3459,5.9,67,7,40,5,Pass,Medium,Math,Average
3460,5.5,77,4,57,5,Pass,Medium,None,Good
3461,2.9,48,1,84,7,Pass,Medium,"English,Physics",Average
3462,2.1,65,5,55,9,Pass,Medium,Physics,Average
3463,5.5,68,2,61,8,Pass,Medium,None,Average
3464,5.2,88,7,77,6,Pass,High,None,Excellent
3465,2.3,75,9,41,5,Pass,Medium,"Math,Physics",Good
3466,5.9,88,1,90,8,Pass,High,None,Excellent
3467,4.2,92,2,63,5,Pass,Medium,None,Good
3468,5.7,68,6,74,9,Pass,High,None,Good
3469,6.9,93,8,89,9,Pass,High,None,Excellent
3470,2.2,97,7,94,7,Pass,High,Physics,Excellent
3471,1.1,54,9,42,7,Fail,Low,"Math,English,Physics",Poor
3472,6.5,93,2,77,5,Pass,High,None,Excellent
3473,5.3,93,9,78,5,Pass,High,None,Excellent
3474,5.9,94,4,87,8,Pass,High,None,Excellent
3475,6.9,46,3,90,7,Pass,High,English,Good
3476,6.6,75,7,55,9,Pass,High,None,Good
3477,7.7,69,5,68,8,Pass,High,None,Good
3478,4.8,48,5,87,8,Pass,High,English,Good
3479,4.4,95,2,56,6,Pass,Medium,None,Good
3480,3.8,55,6,69,9,Pass,Medium,English,Average
3481,2.1,61,6,60,8,Pass,Medium,"English,Physics",Average
3482,5,88,4,32,6,Pass,Medium,Math,Good
3483,2.9,46,5,44,7,Fail,Low,"Math,English,Physics",Poor
3484,7.4,50,7,83,9,Pass,High,English,Good
3485,5.1,53,8,40,7,Pass,Medium,"Math,English",Average
3486,5.1,49,6,59,6,Pass,Medium,English,Average
3487,3.5,64,5,64,9,Pass,Medium,English,Average
3488,1.4,73,3,72,5,Fail,Low,Physics,Poor
3489,1.2,65,7,90,5,Pass,Medium,Physics,Average
3490,4,53,8,69,5,Pass,Medium,English,Average
3491,1.6,72,3,71,8,Pass,Medium,Physics,Average
3492,5.2,99,5,71,5,Pass,High,None,Excellent
3493,7.2,52,2,32,8,Pass,Medium,"Math,English",Average
3494,7.2,75,10,50,8,Pass,High,None,Good
3495,5.6,64,10,82,6,Pass,High,English,Good
3496,2.5,71,4,73,5,Pass,Medium,Physics,Average
3497,7,52,4,75,9,Pass,High,English,Good
3498,7.2,98,8,66,8,Pass,High,None,Excellent
3499,2.4,65,3,67,6,Pass,Medium,Physics,Average
3500,6.2,72,5,67,8,Pass,High,None,Good
3501,3,67,5,40,9,Pass,Medium,Math,Average
3502,6.6,50,2,74,9,Pass,High,English,Good
3503,8,47,9,93,5,Pass,High,English,Good
3504,1.2,49,4,73,8,Fail,Low,"English,Physics",Poor
3505,7.3,53,9,91,9,Pass,High,English,Good
3506,5.4,51,9,90,7,Pass,High,English,Good
3507,7.8,48,2,41,9,Pass,Medium,"Math,English",Average
3508,4.3,83,9,38,9,Pass,High,Math,Excellent
3509,6.9,49,9,31,8,Pass,High,"Math,English",Good
3510,1.4,55,2,37,9,Fail,Low,"Math,English,Physics",Poor
3511,3.3,59,6,72,6,Pass,Medium,English,Average
3512,1.5,78,9,47,9,Pass,Medium,"Math,Physics",Good
3513,7.8,57,4,81,7,Pass,High,English,Good
3514,6.7,98,2,68,9,Pass,High,None,Excellent
3515,7,92,7,60,5,Pass,High,None,Excellent
3516,7.6,51,9,43,8,Pass,High,"Math,English",Good
3517,1.6,84,6,93,7,Pass,Medium,Physics,Good
3518,3.7,50,4,73,6,Pass,Medium,English,Average
3519,1.5,100,1,89,9,Pass,Medium,Physics,Good
3520,2.5,83,4,31,9,Pass,Medium,"Math,Physics",Good
3521,2.6,94,3,61,6,Pass,Medium,Physics,Good
3522,4.3,74,7,65,9,Pass,High,None,Good
3523,2.9,66,10,84,5,Pass,High,Physics,Good
3524,1.7,69,5,92,7,Pass,Medium,Physics,Average
3525,2.2,72,3,69,9,Pass,Medium,Physics,Average
3526,2,98,2,53,6,Pass,Medium,Physics,Good
3527,7.8,64,2,87,6,Pass,High,English,Good
3528,6.3,83,5,57,7,Pass,High,None,Excellent
3529,7.8,47,8,91,5,Pass,High,English,Good
3530,4.1,49,8,54,7,Pass,Medium,English,Average
3531,2.9,45,5,36,9,Fail,Low,"Math,English,Physics",Poor
3532,6.6,59,2,67,5,Pass,Medium,English,Average
3533,3.3,70,4,74,5,Pass,Medium,None,Average
3534,3.1,47,7,61,6,Pass,Medium,English,Average
3535,2.6,84,6,61,5,Pass,Medium,Physics,Good
3536,1.9,85,10,30,9,Pass,Medium,"Math,Physics",Good
3537,2.8,91,7,74,9,Pass,High,Physics,Excellent
3538,3.5,86,5,93,9,Pass,High,None,Excellent
3539,5.7,78,2,36,8,Pass,Medium,Math,Good
3540,1.4,96,8,67,5,Pass,Medium,Physics,Good
3541,2.5,49,2,82,5,Fail,Low,"English,Physics",Poor
3542,6.7,75,8,59,9,Pass,High,None,Good
3543,2,95,7,51,6,Pass,Medium,Physics,Good
3544,3.4,57,3,87,5,Pass,Medium,English,Average
3545,7.1,87,4,84,8,Pass,High,None,Excellent
3546,2.1,45,7,75,5,Pass,Medium,"English,Physics",Average
3547,1.6,66,4,55,7,Fail,Low,Physics,Poor
3548,4.4,59,9,93,8,Pass,High,English,Good
3549,3.1,70,7,38,6,Pass,Medium,Math,Average
3550,4.9,62,1,44,8,Pass,Medium,"Math,English",Average
3551,6.6,92,1,48,8,Pass,High,Math,Excellent
3552,2,53,4,45,5,Fail,Low,"Math,English,Physics",Poor
3553,5.1,45,9,54,8,Pass,High,English,Good
3554,4.5,87,4,80,9,Pass,High,None,Excellent
3555,2,53,5,75,8,Pass,Medium,"English,Physics",Average
3556,5.4,67,1,36,5,Pass,Medium,Math,Average
3557,2.9,87,2,63,9,Pass,Medium,Physics,Good
3558,4.4,89,4,87,6,Pass,High,None,Excellent
3559,1.6,46,4,52,7,Fail,Low,"English,Physics",Poor
3560,4.2,58,10,52,8,Pass,High,English,Good
3561,3.1,82,6,46,9,Pass,Medium,Math,Good
3562,6.8,84,6,42,9,Pass,High,Math,Excellent
3563,1.4,62,8,56,6,Pass,Medium,"English,Physics",Average
3564,3.9,60,9,95,6,Pass,High,English,Good
3565,4.2,97,1,59,7,Pass,Medium,None,Good
3566,6.1,73,1,33,7,Pass,Medium,Math,Average
3567,5,88,6,43,5,Pass,Medium,Math,Good
3568,5.7,55,4,40,7,Pass,Medium,"Math,English",Average
3569,6.4,50,4,69,7,Pass,High,English,Good
3570,7,47,1,32,9,Pass,Medium,"Math,English",Average
3571,3.2,58,9,30,8,Pass,Medium,"Math,English",Average
3572,4.8,46,3,38,8,Pass,Medium,"Math,English",Average
3573,6.9,76,5,30,7,Pass,Medium,Math,Good
3574,7.9,75,10,45,5,Pass,High,Math,Good
3575,7.2,55,1,75,5,Pass,High,English,Good
3576,3.6,66,8,39,8,Pass,Medium,Math,Average
3577,2.4,47,3,62,6,Fail,Low,"English,Physics",Poor
3578,4.4,94,1,70,9,Pass,High,None,Excellent
3579,6.2,75,10,80,7,Pass,High,None,Good
3580,4.4,77,6,51,9,Pass,Medium,None,Good
3581,4.4,68,1,45,7,Pass,Medium,Math,Average
3582,6.9,45,3,91,7,Pass,High,English,Good
3583,3.5,88,5,82,8,Pass,High,None,Excellent
3584,7,59,4,43,9,Pass,High,"Math,English",Good
3585,3.8,81,7,88,9,Pass,High,None,Excellent
3586,3.3,71,6,55,6,Pass,Medium,None,Average
3587,4.2,82,3,73,6,Pass,Medium,None,Good
3588,6.3,92,8,49,9,Pass,High,Math,Excellent
3589,1.9,71,8,34,6,Fail,Low,"Math,Physics",Poor
3590,2.4,88,2,94,6,Pass,Medium,Physics,Good
3591,7.7,56,7,40,7,Pass,High,"Math,English",Good
3592,2.2,47,1,76,8,Fail,Low,"English,Physics",Poor
3593,5,74,2,39,7,Pass,Medium,Math,Average
3594,5.1,76,8,90,6,Pass,High,None,Good
3595,4.4,67,1,74,7,Pass,Medium,None,Average
3596,5.5,46,2,76,7,Pass,Medium,English,Average
3597,2.6,51,1,63,5,Fail,Low,"English,Physics",Poor
3598,4.9,78,5,42,7,Pass,Medium,Math,Good
3599,3.6,76,7,52,7,Pass,Medium,None,Good
3600,5.6,97,6,65,8,Pass,High,None,Excellent
3601,2,83,6,92,9,Pass,High,Physics,Excellent
3602,5,76,6,76,5,Pass,High,None,Good
3603,2.3,87,8,95,5,Pass,High,Physics,Excellent
3604,3,87,5,43,5,Pass,Medium,Math,Good
3605,2.5,58,10,82,5,Pass,Medium,"English,Physics",Average
3606,2.3,47,7,95,8,Pass,Medium,"English,Physics",Average
3607,6.8,90,3,78,9,Pass,High,None,Excellent
3608,3,76,9,45,8,Pass,Medium,Math,Good
3609,7.5,87,10,72,5,Pass,High,None,Excellent
3610,7.8,80,3,94,9,Pass,High,None,Excellent
3611,5,61,6,38,8,Pass,Medium,"Math,English",Average
3612,2,92,3,50,9,Pass,Medium,Physics,Good
3613,3.6,47,1,72,8,Pass,Medium,English,Average
3614,6.6,54,1,95,9,Pass,High,English,Good
3615,3.6,97,3,33,8,Pass,Medium,Math,Good
3616,1.6,91,4,36,5,Fail,Low,"Math,Physics",Good
3617,4.9,84,2,87,5,Pass,High,None,Excellent
3618,6.9,62,9,33,5,Pass,High,"Math,English",Good
3619,6.6,47,8,49,8,Pass,High,"Math,English",Good
3620,2.2,83,3,64,9,Pass,Medium,Physics,Good
3621,5.7,54,7,88,9,Pass,High,English,Good
3622,2.5,96,4,74,6,Pass,Medium,Physics,Good
3623,2.5,53,5,43,7,Fail,Low,"Math,English,Physics",Poor
3624,7.1,90,4,51,5,Pass,High,None,Excellent
3625,2.7,99,9,77,5,Pass,High,Physics,Excellent
3626,2.8,90,7,59,5,Pass,Medium,Physics,Good
3627,1,55,4,58,6,Fail,Low,"English,Physics",Poor
3628,7.1,77,8,65,6,Pass,High,None,Good
3629,6.5,80,2,71,6,Pass,High,None,Excellent
3630,5.4,70,7,58,5,Pass,High,None,Good
3631,6.3,71,1,36,9,Pass,Medium,Math,Average
3632,2.1,82,8,61,5,Pass,Medium,Physics,Good
3633,4.2,66,6,42,6,Pass,Medium,Math,Average
3634,3.5,70,5,42,6,Pass,Medium,Math,Average
3635,1.7,66,9,83,7,Pass,Medium,Physics,Average
3636,4.4,49,9,43,8,Pass,Medium,"Math,English",Average
3637,7.4,79,3,35,7,Pass,High,Math,Good
3638,1.3,46,9,45,7,Fail,Low,"Math,English,Physics",Poor
3639,3,79,9,70,5,Pass,Medium,None,Good
3640,2.5,53,2,81,8,Pass,Medium,"English,Physics",Average
3641,2.7,95,5,45,8,Pass,Medium,"Math,Physics",Good
3642,7.4,95,2,34,5,Pass,Medium,Math,Good
3643,4.3,93,1,53,9,Pass,Medium,None,Good
3644,4.3,62,7,72,5,Pass,Medium,English,Average
3645,6.3,87,4,94,9,Pass,High,None,Excellent
3646,2.1,56,5,39,9,Fail,Low,"Math,English,Physics",Poor
3647,4.4,47,4,88,8,Pass,Medium,English,Average
3648,4,62,6,64,5,Pass,Medium,English,Average
3649,5.2,100,2,60,5,Pass,Medium,None,Good
3650,8,82,8,40,8,Pass,High,Math,Excellent
3651,6.4,51,4,38,7,Pass,Medium,"Math,English",Average
3652,3.8,77,8,95,5,Pass,High,None,Good
3653,6.8,50,3,73,6,Pass,High,English,Good
3654,2.2,62,5,45,6,Fail,Low,"Math,English,Physics",Poor
3655,1.2,89,3,77,5,Pass,Medium,Physics,Good
3656,2.4,66,7,82,9,Pass,Medium,Physics,Average
3657,3.4,95,3,94,8,Pass,High,None,Excellent
3658,4.6,83,8,77,9,Pass,High,None,Excellent
3659,5.3,95,9,75,6,Pass,High,None,Excellent
3660,7.4,53,2,62,6,Pass,Medium,English,Average
3661,4.6,79,3,81,8,Pass,High,None,Good
3662,4.5,67,7,84,6,Pass,High,None,Good
3663,1.4,56,5,80,7,Pass,Medium,"English,Physics",Average
3664,1.2,96,10,69,6,Pass,Medium,Physics,Good
3665,4.9,68,7,54,9,Pass,High,None,Good
3666,4.1,94,2,92,9,Pass,High,None,Excellent
3667,6.9,84,4,51,7,Pass,High,None,Excellent
3668,2.1,53,1,67,9,Fail,Low,"English,Physics",Poor
3669,1.2,57,5,38,9,Fail,Low,"Math,English,Physics",Poor
3670,4.1,84,8,66,9,Pass,High,None,Excellent
3671,2.7,98,1,34,5,Fail,Low,"Math,Physics",Good
3672,1.3,86,7,51,7,Pass,Medium,Physics,Good
3673,6.1,61,7,41,7,Pass,Medium,"Math,English",Average
3674,1.8,51,7,89,6,Pass,Medium,"English,Physics",Average
3675,5.3,61,1,73,7,Pass,Medium,English,Average
3676,3,99,3,51,8,Pass,Medium,None,Good
3677,2.2,94,2,35,7,Fail,Low,"Math,Physics",Good
3678,3.7,68,5,56,8,Pass,Medium,None,Average
3679,6.6,46,2,84,9,Pass,High,English,Good
3680,3.7,79,5,44,8,Pass,Medium,Math,Good
3681,6.3,72,5,93,5,Pass,High,None,Good
3682,1.9,63,4,46,9,Fail,Low,"Math,English,Physics",Poor
3683,6.4,77,7,32,8,Pass,High,Math,Good
3684,2.7,65,10,39,9,Pass,Medium,"Math,Physics",Average
3685,5.7,97,6,92,5,Pass,High,None,Excellent
3686,5,54,2,92,9,Pass,High,English,Good
3687,7.5,97,4,91,9,Pass,High,None,Excellent
3688,3.7,90,7,38,7,Pass,Medium,Math,Good
3689,1.5,89,9,53,6,Pass,Medium,Physics,Good
3690,1.1,53,9,61,8,Pass,Medium,"English,Physics",Average
3691,6.8,82,3,32,6,Pass,Medium,Math,Good
3692,4.7,50,1,62,5,Pass,Medium,English,Average
3693,6.4,95,9,72,5,Pass,High,None,Excellent
3694,2.6,97,8,41,9,Pass,Medium,"Math,Physics",Good
3695,3.4,86,7,61,6,Pass,Medium,None,Good
3696,1.2,99,6,49,8,Pass,Medium,"Math,Physics",Good
3697,7.7,79,10,46,8,Pass,High,Math,Good
3698,5.7,62,7,48,9,Pass,High,"Math,English",Good
3699,7.5,97,9,33,8,Pass,High,Math,Excellent
3700,2.9,63,6,46,7,Pass,Medium,"Math,English,Physics",Average
3701,5.3,49,10,93,6,Pass,High,English,Good
3702,5.7,69,3,51,5,Pass,Medium,None,Average
3703,3.2,55,3,95,8,Pass,Medium,English,Average
3704,6.9,54,4,71,8,Pass,High,English,Good
3705,7.6,61,10,74,8,Pass,High,English,Good
3706,7.2,80,10,40,9,Pass,High,Math,Excellent
3707,6.2,70,8,82,5,Pass,High,None,Good
3708,2.9,75,10,89,6,Pass,High,Physics,Good
3709,3,76,9,58,8,Pass,Medium,None,Good
3710,7.7,65,8,49,7,Pass,High,Math,Good
3711,1.1,62,10,34,9,Pass,Medium,"Math,English,Physics",Average
3712,6,62,2,54,6,Pass,Medium,English,Average
3713,5.9,45,4,63,8,Pass,Medium,English,Average
3714,5.4,58,4,41,6,Pass,Medium,"Math,English",Average
3715,7.9,52,2,57,9,Pass,High,English,Good
3716,3.2,46,8,35,7,Pass,Medium,"Math,English",Average
3717,3.4,95,3,48,8,Pass,Medium,Math,Good
3718,1.6,59,2,41,7,Fail,Low,"Math,English,Physics",Poor
3719,4.1,78,7,54,9,Pass,High,None,Good
3720,2.8,80,1,42,7,Fail,Low,"Math,Physics",Good
3721,3.4,45,6,32,9,Fail,Low,"Math,English",Poor
3722,6.8,95,3,53,7,Pass,High,None,Excellent
3723,7.5,65,3,37,6,Pass,Medium,Math,Average
3724,2.3,86,5,74,6,Pass,Medium,Physics,Good
3725,3.6,45,3,30,9,Fail,Low,"Math,English",Poor
3726,7.5,76,4,32,6,Pass,Medium,Math,Good
3727,1.4,64,3,94,7,Pass,Medium,"English,Physics",Average
3728,1.6,98,7,44,7,Pass,Medium,"Math,Physics",Good
3729,2.1,91,3,79,8,Pass,Medium,Physics,Good
3730,5.2,80,10,49,9,Pass,High,Math,Excellent
3731,2.1,83,4,32,6,Fail,Low,"Math,Physics",Good
3732,7.8,74,2,90,9,Pass,High,None,Good
3733,4.1,51,2,44,6,Fail,Low,"Math,English",Poor
3734,4.5,66,9,88,8,Pass,High,None,Good
3735,2.7,94,1,83,7,Pass,Medium,Physics,Good
3736,4.3,89,1,89,7,Pass,High,None,Excellent
3737,5.6,54,10,66,5,Pass,High,English,Good
3738,6.3,100,1,50,9,Pass,High,None,Excellent
3739,6.3,52,3,52,6,Pass,Medium,English,Average
3740,5,71,2,47,5,Pass,Medium,Math,Average
3741,7.3,54,3,46,9,Pass,High,"Math,English",Good
3742,6.7,58,5,60,6,Pass,High,English,Good
3743,6.3,90,9,93,8,Pass,High,None,Excellent
3744,1.4,96,2,77,9,Pass,Medium,Physics,Good
3745,1,98,1,55,6,Fail,Low,Physics,Good
3746,2.5,55,6,51,7,Pass,Medium,"English,Physics",Average
3747,5.6,50,3,74,9,Pass,High,English,Good
3748,3.9,65,7,65,6,Pass,Medium,None,Average
3749,3.8,77,6,93,7,Pass,High,None,Good
3750,7.2,63,7,64,7,Pass,High,English,Good
3751,7.3,83,5,56,5,Pass,High,None,Excellent
3752,7.4,68,1,46,6,Pass,Medium,Math,Average
3753,3.2,62,3,40,5,Fail,Low,"Math,English",Poor
3754,5.8,79,3,34,5,Pass,Medium,Math,Good
3755,2.9,96,7,87,8,Pass,High,Physics,Excellent
3756,2.3,87,3,86,5,Pass,Medium,Physics,Good
3757,2.3,81,5,43,5,Fail,Low,"Math,Physics",Good
3758,3.4,63,4,30,8,Fail,Low,"Math,English",Poor
3759,4,97,4,45,8,Pass,Medium,Math,Good
3760,6.8,68,7,55,9,Pass,High,None,Good
3761,1.8,100,1,78,5,Pass,Medium,Physics,Good
3762,6.1,78,7,71,7,Pass,High,None,Good
3763,4.7,66,8,95,8,Pass,High,None,Good
3764,3,48,3,82,6,Pass,Medium,English,Average
3765,4.4,54,3,38,9,Pass,Medium,"Math,English",Average
3766,3.1,46,4,69,9,Pass,Medium,English,Average
3767,5.2,52,6,85,5,Pass,High,English,Good
3768,4,77,7,34,7,Pass,Medium,Math,Good
3769,2.2,82,1,85,8,Pass,Medium,Physics,Good
3770,1.8,87,4,34,6,Fail,Low,"Math,Physics",Good
3771,4.8,72,7,81,5,Pass,High,None,Good
3772,7.3,54,2,62,7,Pass,High,English,Good
3773,3.4,89,1,51,5,Pass,Medium,None,Good
3774,6.1,45,1,44,5,Pass,Medium,"Math,English",Average
3775,5.6,78,10,94,9,Pass,High,None,Good
3776,7.5,47,6,52,6,Pass,High,English,Good
3777,6.7,53,5,35,6,Pass,Medium,"Math,English",Average
3778,5,49,1,87,6,Pass,Medium,English,Average
3779,5.6,86,10,55,6,Pass,High,None,Excellent
3780,7.3,54,3,41,8,Pass,Medium,"Math,English",Average
3781,3.8,56,7,31,8,Pass,Medium,"Math,English",Average
3782,3.3,62,9,61,6,Pass,Medium,English,Average
3783,1.1,65,9,79,7,Pass,Medium,Physics,Average
3784,6.8,65,6,90,8,Pass,High,None,Good
3785,6.6,45,3,40,8,Pass,Medium,"Math,English",Average
3786,1.7,47,1,63,7,Fail,Low,"English,Physics",Poor
3787,5,49,3,37,6,Pass,Medium,"Math,English",Average
3788,4.2,69,10,37,5,Pass,Medium,Math,Average
3789,1.8,93,2,44,8,Fail,Low,"Math,Physics",Good
3790,7.9,52,5,34,5,Pass,Medium,"Math,English",Average
3791,2.5,61,8,48,5,Pass,Medium,"Math,English,Physics",Average
3792,1.5,53,5,38,7,Fail,Low,"Math,English,Physics",Poor
3793,5.2,76,1,86,6,Pass,High,None,Good
3794,6.2,50,3,83,5,Pass,High,English,Good
3795,1.2,93,5,58,6,Pass,Medium,Physics,Good
3796,5.6,84,7,48,9,Pass,High,Math,Excellent
3797,4.7,65,5,75,6,Pass,High,None,Good
3798,1.7,51,10,91,7,Pass,Medium,"English,Physics",Average
3799,2.2,51,5,89,7,Pass,Medium,"English,Physics",Average
3800,5,91,7,34,9,Pass,High,Math,Excellent
3801,3.1,83,8,62,7,Pass,Medium,None,Good
3802,7.6,98,8,84,6,Pass,High,None,Excellent
3803,6.7,71,7,48,6,Pass,High,Math,Good
3804,7.9,52,3,46,6,Pass,Medium,"Math,English",Average
3805,2.8,53,2,71,7,Pass,Medium,"English,Physics",Average
3806,7.8,72,1,51,6,Pass,High,None,Good
3807,4,59,6,68,8,Pass,Medium,English,Average
3808,3.4,46,9,56,9,Pass,Medium,English,Average
3809,1.4,51,3,75,8,Fail,Low,"English,Physics",Poor
3810,1.4,91,5,57,6,Pass,Medium,Physics,Good
3811,5.8,62,9,81,7,Pass,High,English,Good
3812,4.2,66,9,94,9,Pass,High,None,Good
3813,2.6,94,7,68,8,Pass,High,Physics,Excellent
3814,5.3,54,4,47,6,Pass,Medium,"Math,English",Average
3815,2.8,98,2,51,7,Pass,Medium,Physics,Good
3816,5,94,2,40,6,Pass,Medium,Math,Good
3817,3.5,77,4,93,8,Pass,High,None,Good
3818,6.8,51,1,86,8,Pass,High,English,Good
3819,6.7,47,4,64,9,Pass,High,English,Good
3820,4.3,58,6,66,7,Pass,Medium,English,Average
3821,3.5,88,6,79,5,Pass,High,None,Excellent
3822,3.5,90,7,59,6,Pass,Medium,None,Good
3823,6.6,80,5,46,7,Pass,High,Math,Excellent
3824,3.3,57,9,62,5,Pass,Medium,English,Average
3825,2.5,60,2,45,7,Fail,Low,"Math,English,Physics",Poor
3826,1.6,60,2,44,6,Fail,Low,"Math,English,Physics",Poor
3827,4.3,98,4,42,6,Pass,Medium,Math,Good
3828,4.4,49,4,32,9,Pass,Medium,"Math,English",Average
3829,6.9,96,4,53,8,Pass,High,None,Excellent
3830,2.5,69,1,52,8,Fail,Low,Physics,Poor
3831,3.7,82,4,88,8,Pass,High,None,Excellent
3832,6.7,82,5,84,9,Pass,High,None,Excellent
3833,6.8,94,9,94,8,Pass,High,None,Excellent
3834,3.7,82,3,61,7,Pass,Medium,None,Good
3835,4.2,83,3,89,8,Pass,High,None,Excellent
3836,3.1,100,5,59,8,Pass,Medium,None,Good
3837,7.5,100,10,95,6,Pass,High,None,Excellent
3838,1.8,92,6,47,9,Pass,Medium,"Math,Physics",Good
3839,7.5,85,3,88,9,Pass,High,None,Excellent
3840,5.8,70,1,82,8,Pass,High,None,Good
3841,4.7,57,10,93,5,Pass,High,English,Good
3842,1.2,88,8,59,6,Pass,Medium,Physics,Good
3843,4.3,95,1,47,8,Pass,Medium,Math,Good
3844,3.9,70,2,34,5,Fail,Low,Math,Poor
3845,2.1,99,3,37,7,Fail,Low,"Math,Physics",Good
3846,5.6,99,6,38,6,Pass,High,Math,Excellent
3847,7.8,45,4,61,9,Pass,High,English,Good
3848,4.9,52,4,43,5,Pass,Medium,"Math,English",Average
3849,6,48,9,42,8,Pass,High,"Math,English",Good
3850,1.5,65,6,47,5,Fail,Low,"Math,Physics",Poor
3851,3.9,66,2,51,9,Pass,Medium,None,Average
3852,1.8,95,7,49,7,Pass,Medium,"Math,Physics",Good
3853,5.3,97,3,44,5,Pass,Medium,Math,Good
3854,7.6,81,9,36,8,Pass,High,Math,Excellent
3855,5.6,93,6,59,5,Pass,High,None,Excellent
3856,1.5,47,8,34,7,Fail,Low,"Math,English,Physics",Poor
3857,3.5,63,1,30,5,Fail,Low,"Math,English",Poor
3858,4.9,45,2,89,7,Pass,Medium,English,Average
3859,3.8,73,6,60,7,Pass,Medium,None,Average
3860,6.8,67,3,49,6,Pass,Medium,Math,Average
3861,6.7,77,1,93,6,Pass,High,None,Good
3862,5.3,99,6,93,8,Pass,High,None,Excellent
3863,3.6,96,5,58,8,Pass,Medium,None,Good
3864,2.8,85,9,39,8,Pass,Medium,"Math,Physics",Good
3865,1.7,67,6,58,7,Pass,Medium,Physics,Average
3866,3.5,49,5,60,7,Pass,Medium,English,Average
3867,3.9,51,1,59,6,Fail,Low,English,Poor
3868,5.7,50,1,54,7,Pass,Medium,English,Average
3869,5.6,93,1,87,6,Pass,High,None,Excellent
3870,1.5,66,7,86,5,Pass,Medium,Physics,Average
3871,3.8,93,6,92,8,Pass,High,None,Excellent
3872,2.3,57,5,66,8,Pass,Medium,"English,Physics",Average
3873,2.1,56,4,87,9,Pass,Medium,"English,Physics",Average
3874,6.8,48,8,57,6,Pass,High,English,Good
3875,1.3,52,8,56,9,Pass,Medium,"English,Physics",Average
3876,3.9,81,5,66,8,Pass,Medium,None,Good
3877,2.2,75,4,35,9,Fail,Low,"Math,Physics",Good
3878,7.2,81,2,91,5,Pass,High,None,Excellent
3879,4.9,89,7,62,9,Pass,High,None,Excellent
3880,2.6,70,5,69,5,Pass,Medium,Physics,Average
3881,4.5,87,3,70,8,Pass,High,None,Excellent
3882,6.1,52,9,71,7,Pass,High,English,Good
3883,7.7,84,9,38,6,Pass,High,Math,Excellent
3884,2.5,77,10,47,9,Pass,Medium,"Math,Physics",Good
3885,7.2,89,8,44,5,Pass,High,Math,Excellent
3886,7.5,73,1,33,8,Pass,Medium,Math,Average
3887,7.4,49,3,63,8,Pass,High,English,Good
3888,5.4,72,2,91,7,Pass,High,None,Good
3889,5.4,97,4,67,8,Pass,High,None,Excellent
3890,3.8,84,2,52,8,Pass,Medium,None,Good
3891,6.3,61,8,49,7,Pass,High,"Math,English",Good
3892,4.7,99,1,85,8,Pass,High,None,Excellent
3893,5.7,67,4,82,5,Pass,High,None,Good
3894,4,89,5,31,9,Pass,Medium,Math,Good
3895,6.1,53,10,50,9,Pass,High,English,Good
3896,6.8,46,4,71,5,Pass,High,English,Good
3897,2,76,8,86,9,Pass,High,Physics,Good
3898,6.8,95,2,78,8,Pass,High,None,Excellent
3899,4.8,96,9,39,9,Pass,High,Math,Excellent
3900,6.9,93,2,90,9,Pass,High,None,Excellent
3901,4,75,2,50,8,Pass,Medium,None,Good
3902,3.7,51,2,89,9,Pass,Medium,English,Average
3903,7.4,74,10,42,8,Pass,High,Math,Good
3904,2.8,47,8,77,7,Pass,Medium,"English,Physics",Average
3905,6.9,95,3,69,7,Pass,High,None,Excellent
3906,4.4,95,10,92,9,Pass,High,None,Excellent
3907,4.6,100,10,38,7,Pass,High,Math,Excellent
3908,3.2,53,8,86,9,Pass,High,English,Good
3909,5,54,7,80,7,Pass,High,English,Good
3910,3.3,90,10,69,9,Pass,High,None,Excellent
3911,1.3,94,4,93,6,Pass,Medium,Physics,Good
3912,2.9,91,7,93,5,Pass,High,Physics,Excellent
3913,1,70,8,54,7,Pass,Medium,Physics,Average
3914,7.8,45,6,57,8,Pass,High,English,Good
3915,7.8,74,6,39,5,Pass,High,Math,Good
3916,3.8,82,3,57,9,Pass,Medium,None,Good
3917,6.1,59,5,65,5,Pass,High,English,Good
3918,3.4,69,10,40,8,Pass,Medium,Math,Average
3919,5.7,50,2,50,8,Pass,Medium,English,Average
3920,6.6,62,5,55,9,Pass,High,English,Good
3921,7.6,45,5,47,7,Pass,High,"Math,English",Good
3922,3.8,100,7,70,7,Pass,High,None,Excellent
3923,6.5,47,4,44,6,Pass,Medium,"Math,English",Average
3924,2.9,61,6,52,8,Pass,Medium,"English,Physics",Average
3925,7.9,92,9,70,6,Pass,High,None,Excellent
3926,1.2,52,4,35,8,Fail,Low,"Math,English,Physics",Poor
3927,5.2,93,6,89,6,Pass,High,None,Excellent
3928,5.6,84,9,81,7,Pass,High,None,Excellent
3929,5.8,61,10,38,8,Pass,High,"Math,English",Good
3930,1.8,69,1,59,7,Fail,Low,Physics,Poor
3931,7.6,85,8,73,5,Pass,High,None,Excellent
3932,2.3,56,1,91,7,Pass,Medium,"English,Physics",Average
3933,5.4,73,4,72,8,Pass,High,None,Good
3934,2.6,69,3,57,5,Fail,Low,Physics,Poor
3935,3.2,95,4,37,6,Pass,Medium,Math,Good
3936,4.8,80,7,80,9,Pass,High,None,Excellent
3937,3.9,97,9,59,8,Pass,High,None,Excellent
3938,2.1,98,9,40,9,Pass,Medium,"Math,Physics",Good
3939,2.2,69,10,49,9,Pass,Medium,"Math,Physics",Average
3940,3.9,73,1,60,5,Pass,Medium,None,Average
3941,6.3,55,10,63,6,Pass,High,English,Good
3942,7.3,48,1,41,7,Pass,Medium,"Math,English",Average
3943,1.6,58,9,77,5,Pass,Medium,"English,Physics",Average
3944,3.8,90,4,57,6,Pass,Medium,None,Good
3945,1.7,82,3,92,7,Pass,Medium,Physics,Good
3946,1.1,61,9,77,7,Pass,Medium,"English,Physics",Average
3947,5.6,46,5,71,6,Pass,Medium,English,Average
3948,5.2,52,6,81,7,Pass,High,English,Good
3949,2.1,80,1,34,8,Fail,Low,"Math,Physics",Good
3950,2.6,54,1,41,8,Fail,Low,"Math,English,Physics",Poor
3951,1.2,51,7,88,5,Pass,Medium,"English,Physics",Average
3952,6.8,80,10,94,7,Pass,High,None,Excellent
3953,7.8,60,8,81,7,Pass,High,English,Good
3954,1.9,58,8,72,6,Pass,Medium,"English,Physics",Average
3955,2.6,60,7,92,8,Pass,High,"English,Physics",Good
3956,7.1,69,9,79,9,Pass,High,None,Good
3957,7.5,85,1,68,5,Pass,High,None,Excellent
3958,3.9,48,2,71,8,Pass,Medium,English,Average
3959,1.4,73,3,46,6,Fail,Low,"Math,Physics",Poor
3960,1.3,100,5,72,5,Pass,Medium,Physics,Good
3961,5,50,4,78,9,Pass,High,English,Good
3962,3.8,45,4,34,5,Fail,Low,"Math,English",Poor
3963,1.2,83,8,30,8,Pass,Medium,"Math,Physics",Good
3964,5.1,45,8,53,9,Pass,Medium,English,Average
3965,1.1,95,7,58,6,Pass,Medium,Physics,Good
3966,6.5,84,1,44,5,Pass,Medium,Math,Good
3967,3.1,47,10,33,8,Pass,Medium,"Math,English",Average
3968,1.3,45,4,73,6,Fail,Low,"English,Physics",Poor
3969,5.1,45,1,94,9,Pass,High,English,Good
3970,3.8,83,5,60,5,Pass,Medium,None,Good
3971,7.8,65,3,49,7,Pass,High,Math,Good
3972,4.8,89,3,39,8,Pass,Medium,Math,Good
3973,2.9,74,4,40,8,Pass,Medium,"Math,Physics",Average
3974,6,76,2,57,7,Pass,Medium,None,Good
3975,2.9,77,7,67,6,Pass,Medium,Physics,Good
3976,7.3,92,4,53,8,Pass,High,None,Excellent
3977,3.6,66,5,68,6,Pass,Medium,None,Average
3978,4.8,74,2,80,9,Pass,High,None,Good
3979,1.4,98,6,79,7,Pass,Medium,Physics,Good
3980,4,90,9,36,6,Pass,Medium,Math,Good
3981,6.8,48,8,82,9,Pass,High,English,Good
3982,6.6,67,8,66,5,Pass,High,None,Good
3983,2.6,99,2,83,8,Pass,Medium,Physics,Good
3984,2.6,88,4,84,7,Pass,Medium,Physics,Good
3985,6.7,69,8,60,5,Pass,High,None,Good
3986,7.5,56,1,94,5,Pass,High,English,Good
3987,1.7,61,8,88,5,Pass,Medium,"English,Physics",Average
3988,4.2,97,3,76,6,Pass,High,None,Excellent
3989,3.4,59,8,78,8,Pass,High,English,Good
3990,7.1,54,6,47,7,Pass,High,"Math,English",Good
3991,1.6,79,7,32,8,Fail,Low,"Math,Physics",Good
3992,2.5,99,2,47,8,Pass,Medium,"Math,Physics",Good
3993,6.3,96,1,87,8,Pass,High,None,Excellent
3994,1.4,96,6,54,9,Pass,Medium,Physics,Good
3995,4.4,73,3,47,9,Pass,Medium,Math,Average
3996,4.1,56,4,81,9,Pass,Medium,English,Average
3997,3.3,45,9,72,9,Pass,Medium,English,Average
3998,3.8,45,3,36,8,Fail,Low,"Math,English",Poor
3999,4.7,54,2,73,8,Pass,Medium,English,Average
4000,2.1,62,2,73,7,Pass,Medium,"English,Physics",Average
4001,5,91,2,80,7,Pass,High,None,Excellent
4002,6.6,46,6,50,7,Pass,Medium,English,Average
4003,6.3,93,2,66,7,Pass,High,None,Excellent
4004,2.1,52,7,57,7,Pass,Medium,"English,Physics",Average
4005,2,66,7,61,9,Pass,Medium,Physics,Average
4006,2.9,66,7,86,8,Pass,High,Physics,Good
4007,3.5,70,2,70,7,Pass,Medium,None,Average
4008,3.9,70,7,83,6,Pass,High,None,Good
4009,5.8,53,10,56,7,Pass,High,English,Good
4010,1.4,65,8,69,7,Pass,Medium,Physics,Average
4011,1.2,75,8,70,8,Pass,Medium,Physics,Good
4012,3.7,96,2,53,9,Pass,Medium,None,Good
4013,5.9,87,5,47,5,Pass,High,Math,Excellent
4014,2.4,50,6,85,8,Pass,Medium,"English,Physics",Average
4015,5.5,100,9,44,9,Pass,High,Math,Excellent
4016,2.8,58,6,64,6,Pass,Medium,"English,Physics",Average
4017,7.2,77,10,56,5,Pass,High,None,Good
4018,7.3,51,6,32,9,Pass,High,"Math,English",Good
4019,3.1,68,10,50,9,Pass,Medium,None,Average
4020,2.6,53,10,68,8,Pass,Medium,"English,Physics",Average
4021,3.9,55,6,61,9,Pass,Medium,English,Average
4022,2.7,100,9,79,7,Pass,High,Physics,Excellent
4023,5.7,67,10,38,9,Pass,High,Math,Good
4024,6.8,92,7,79,5,Pass,High,None,Excellent
4025,5.7,95,1,30,9,Pass,Medium,Math,Good
4026,6.8,46,1,33,6,Pass,Medium,"Math,English",Average
4027,3.8,59,4,33,7,Fail,Low,"Math,English",Poor
4028,2.1,79,2,63,5,Fail,Low,Physics,Good
4029,6.2,80,3,56,5,Pass,Medium,None,Good
4030,3.5,96,7,44,8,Pass,Medium,Math,Good
4031,5.7,98,7,61,8,Pass,High,None,Excellent
4032,2.9,72,3,70,7,Pass,Medium,Physics,Average
4033,1.6,83,2,90,5,Pass,Medium,Physics,Good
4034,7.9,88,1,92,6,Pass,High,None,Excellent
4035,2.1,48,9,90,9,Pass,High,"English,Physics",Good
4036,7.9,54,10,43,9,Pass,High,"Math,English",Good
4037,7.8,50,3,52,9,Pass,High,English,Good
4038,6.6,74,9,94,8,Pass,High,None,Good
4039,5.6,98,4,61,5,Pass,High,None,Excellent
4040,5,90,10,70,5,Pass,High,None,Excellent
4041,7.1,79,6,55,6,Pass,High,None,Good
4042,3,93,7,77,8,Pass,High,None,Excellent
4043,4.3,87,10,45,6,Pass,High,Math,Excellent
4044,5.3,54,6,60,5,Pass,Medium,English,Average
4045,3.9,97,1,95,9,Pass,High,None,Excellent
4046,4,76,6,61,8,Pass,Medium,None,Good
4047,3.3,86,6,39,8,Pass,Medium,Math,Good
4048,4.9,86,5,54,8,Pass,High,None,Excellent
4049,7,47,3,74,9,Pass,High,English,Good
4050,2.4,100,10,53,8,Pass,High,Physics,Excellent
4051,7.5,70,3,32,7,Pass,Medium,Math,Average
4052,5.8,59,10,91,8,Pass,High,English,Good
4053,6.8,61,7,84,9,Pass,High,English,Good
4054,4.9,71,8,39,8,Pass,Medium,Math,Average
4055,6.5,62,3,84,7,Pass,High,English,Good
4056,1.1,95,3,51,7,Fail,Low,Physics,Good
4057,6.7,63,7,43,8,Pass,High,"Math,English",Good
4058,1.3,56,10,37,5,Fail,Low,"Math,English,Physics",Poor
4059,7.2,68,7,44,5,Pass,High,Math,Good
4060,7.9,49,9,44,6,Pass,High,"Math,English",Good
4061,3.1,68,6,81,7,Pass,Medium,None,Average
4062,2.5,71,7,83,5,Pass,Medium,Physics,Average
4063,6.4,92,10,71,6,Pass,High,None,Excellent
4064,2.8,74,1,48,5,Fail,Low,"Math,Physics",Poor
4065,7.1,59,7,69,8,Pass,High,English,Good
4066,1.7,91,2,56,7,Pass,Medium,Physics,Good
4067,1.9,82,7,72,5,Pass,Medium,Physics,Good
4068,7.9,88,3,81,8,Pass,High,None,Excellent
4069,5.7,78,9,75,6,Pass,High,None,Good
4070,6.9,71,5,43,8,Pass,High,Math,Good
4071,3.3,64,7,93,6,Pass,High,English,Good
4072,5.7,85,8,90,5,Pass,High,None,Excellent
4073,5.2,76,2,87,9,Pass,High,None,Good
4074,5.2,48,1,78,8,Pass,Medium,English,Average
4075,5.8,49,7,58,9,Pass,High,English,Good
4076,5,97,6,55,7,Pass,High,None,Excellent
4077,4,52,6,56,9,Pass,Medium,English,Average
4078,2.9,66,2,64,7,Pass,Medium,Physics,Average
4079,6.4,86,3,89,5,Pass,High,None,Excellent
4080,2.6,51,4,90,5,Pass,Medium,"English,Physics",Average
4081,5.8,66,3,32,8,Pass,Medium,Math,Average
4082,2.6,90,2,62,9,Pass,Medium,Physics,Good
4083,5.4,74,3,71,7,Pass,High,None,Good
4084,6.2,81,6,42,7,Pass,High,Math,Excellent
4085,2.5,60,9,58,9,Pass,Medium,"English,Physics",Average
4086,1.4,59,4,38,5,Fail,Low,"Math,English,Physics",Poor
4087,1.9,49,6,61,5,Fail,Low,"English,Physics",Poor
4088,5.2,47,1,51,7,Pass,Medium,English,Average
4089,6.9,67,6,87,8,Pass,High,None,Good
4090,1.3,54,3,86,5,Fail,Low,"English,Physics",Poor
4091,6.1,49,9,39,6,Pass,Medium,"Math,English",Average
4092,3.4,67,4,54,7,Pass,Medium,None,Average
4093,4.3,59,7,91,9,Pass,High,English,Good
4094,7.5,62,4,92,9,Pass,High,English,Good
4095,3.3,69,6,32,7,Pass,Medium,Math,Average
4096,4.3,52,7,76,7,Pass,High,English,Good
4097,1.1,75,2,84,5,Pass,Medium,Physics,Good
4098,1.6,65,10,55,7,Pass,Medium,Physics,Average
4099,2.8,46,6,42,7,Fail,Low,"Math,English,Physics",Poor
4100,1.2,66,8,36,6,Fail,Low,"Math,Physics",Poor
4101,5.4,52,6,63,9,Pass,High,English,Good
4102,4,67,2,51,5,Pass,Medium,None,Average
4103,4.8,76,4,52,8,Pass,Medium,None,Good
4104,2.2,52,1,77,5,Fail,Low,"English,Physics",Poor
4105,3.1,48,7,43,9,Pass,Medium,"Math,English",Average
4106,5.6,74,8,81,8,Pass,High,None,Good
4107,7.8,63,10,68,7,Pass,High,English,Good
4108,1.4,67,2,70,6,Fail,Low,Physics,Poor
4109,7.2,62,10,65,6,Pass,High,English,Good
4110,5,97,5,35,9,Pass,High,Math,Excellent
4111,4.9,73,8,52,9,Pass,High,None,Good
4112,4.5,67,8,39,6,Pass,Medium,Math,Average
4113,1.5,77,5,89,8,Pass,Medium,Physics,Good
4114,1.6,96,8,59,8,Pass,Medium,Physics,Good
4115,5.2,91,6,34,5,Pass,Medium,Math,Good
4116,3.4,62,5,86,7,Pass,Medium,English,Average
4117,7.4,98,4,72,8,Pass,High,None,Excellent
4118,3.8,88,5,81,7,Pass,High,None,Excellent
4119,2,77,4,35,9,Fail,Low,"Math,Physics",Good
4120,6,51,1,31,8,Pass,Medium,"Math,English",Average
4121,3.1,95,3,46,8,Pass,Medium,Math,Good
4122,4.7,72,8,41,8,Pass,Medium,Math,Average
4123,5.9,45,7,73,5,Pass,High,English,Good
4124,7.3,100,7,83,9,Pass,High,None,Excellent
4125,6.5,83,3,36,6,Pass,Medium,Math,Good
4126,5.7,78,9,61,5,Pass,High,None,Good
4127,5.8,83,6,58,5,Pass,High,None,Excellent
4128,7.6,63,8,75,8,Pass,High,English,Good
4129,3.1,75,8,82,5,Pass,High,None,Good
4130,1,57,3,54,6,Fail,Low,"English,Physics",Poor
4131,2.9,68,4,82,5,Pass,Medium,Physics,Average
4132,2.5,49,6,58,5,Fail,Low,"English,Physics",Poor
4133,5.6,67,2,35,8,Pass,Medium,Math,Average
4134,5.4,63,7,67,9,Pass,High,English,Good
4135,5.2,45,2,32,6,Fail,Low,"Math,English",Poor
4136,1.1,77,5,64,8,Pass,Medium,Physics,Good
4137,6.1,94,4,84,5,Pass,High,None,Excellent
4138,3.3,100,9,76,6,Pass,High,None,Excellent
4139,5.7,77,2,62,7,Pass,Medium,None,Good
4140,4.9,76,7,32,5,Pass,Medium,Math,Good
4141,3.4,72,7,88,9,Pass,High,None,Good
4142,1.9,81,7,47,5,Pass,Medium,"Math,Physics",Good
4143,1.7,85,1,95,9,Pass,Medium,Physics,Good
4144,6.8,56,8,54,7,Pass,High,English,Good
4145,7.4,53,2,49,8,Pass,Medium,"Math,English",Average
4146,5.5,94,5,58,8,Pass,High,None,Excellent
4147,1.7,99,2,47,8,Pass,Medium,"Math,Physics",Good
4148,3.8,55,5,56,6,Pass,Medium,English,Average
4149,6.1,77,7,71,9,Pass,High,None,Good
4150,6.5,63,6,95,5,Pass,High,English,Good
4151,1.8,98,5,55,6,Pass,Medium,Physics,Good
4152,1,86,4,52,6,Fail,Low,Physics,Good
4153,6,78,8,34,5,Pass,Medium,Math,Good
4154,3.5,51,8,40,7,Pass,Medium,"Math,English",Average
4155,2.8,75,1,48,8,Fail,Low,"Math,Physics",Good
4156,1.1,96,10,41,7,Pass,Medium,"Math,Physics",Good
4157,4.8,46,2,31,7,Fail,Low,"Math,English",Poor
4158,7,63,3,72,8,Pass,High,English,Good
4159,7.7,82,1,51,7,Pass,High,None,Excellent
4160,5,76,3,55,6,Pass,Medium,None,Good
4161,4.6,54,10,62,5,Pass,High,English,Good
4162,1.6,85,8,53,6,Pass,Medium,Physics,Good
4163,4.8,52,4,50,6,Pass,Medium,English,Average
4164,3.7,70,7,75,9,Pass,High,None,Good
4165,5.2,74,7,47,8,Pass,High,Math,Good
4166,3.7,55,5,34,8,Pass,Medium,"Math,English",Average
4167,2.7,85,1,37,6,Fail,Low,"Math,Physics",Good
4168,1.7,64,10,86,8,Pass,High,"English,Physics",Good
4169,3.2,64,4,34,9,Pass,Medium,"Math,English",Average
4170,1.7,53,7,42,5,Fail,Low,"Math,English,Physics",Poor
4171,2.2,52,5,95,7,Pass,Medium,"English,Physics",Average
4172,7.9,59,2,66,8,Pass,High,English,Good
4173,4.1,78,8,58,6,Pass,High,None,Good
4174,4.7,68,2,61,8,Pass,Medium,None,Average
4175,7.1,77,8,77,6,Pass,High,None,Good
4176,8,85,2,31,7,Pass,High,Math,Excellent
4177,5.1,85,5,80,8,Pass,High,None,Excellent
4178,6.7,89,4,64,7,Pass,High,None,Excellent
4179,3.3,84,1,44,6,Fail,Low,Math,Good
4180,3.1,71,8,94,9,Pass,High,None,Good
4181,3.8,65,10,67,9,Pass,High,None,Good
4182,5.7,49,3,46,5,Pass,Medium,"Math,English",Average
4183,5.8,79,4,74,6,Pass,High,None,Good
4184,3.2,65,4,30,6,Fail,Low,Math,Poor
4185,1.9,48,5,32,6,Fail,Low,"Math,English,Physics",Poor
4186,5.4,93,3,81,9,Pass,High,None,Excellent
4187,1.9,92,9,82,9,Pass,High,Physics,Excellent
4188,5,60,4,32,9,Pass,Medium,"Math,English",Average
4189,5.9,75,10,76,8,Pass,High,None,Good
4190,5.9,70,4,35,8,Pass,Medium,Math,Average
4191,6.3,96,6,75,9,Pass,High,None,Excellent
4192,7.1,79,8,90,7,Pass,High,None,Good
4193,4.5,50,7,72,8,Pass,High,English,Good
4194,6.1,77,4,85,8,Pass,High,None,Good
4195,5.3,65,4,49,8,Pass,Medium,Math,Average
4196,2.3,60,5,76,8,Pass,Medium,"English,Physics",Average
4197,1.2,91,10,83,5,Pass,High,Physics,Excellent
4198,3,83,5,70,8,Pass,Medium,None,Good
4199,4.1,78,1,95,7,Pass,High,None,Good
4200,5.3,86,8,60,5,Pass,High,None,Excellent
4201,6.9,59,10,93,8,Pass,High,English,Good
4202,2.4,50,5,87,6,Pass,Medium,"English,Physics",Average
4203,1.9,46,3,84,5,Fail,Low,"English,Physics",Poor
4204,7.7,68,3,75,8,Pass,High,None,Good
4205,1.8,100,4,53,7,Pass,Medium,Physics,Good
4206,4.3,93,7,66,9,Pass,High,None,Excellent
4207,5.1,72,5,70,8,Pass,High,None,Good
4208,4.8,45,1,54,6,Pass,Medium,English,Average
4209,1.6,45,5,58,7,Fail,Low,"English,Physics",Poor
4210,1.4,72,5,60,5,Fail,Low,Physics,Poor
4211,1.7,80,6,31,7,Fail,Low,"Math,Physics",Good
4212,5.1,64,7,41,8,Pass,Medium,"Math,English",Average
4213,4.8,92,5,34,6,Pass,Medium,Math,Good
4214,2.6,52,2,90,7,Pass,Medium,"English,Physics",Average
4215,5.5,45,2,85,7,Pass,Medium,English,Average
4216,6.7,70,4,66,9,Pass,High,None,Good
4217,1.3,95,1,65,9,Pass,Medium,Physics,Good
4218,4.5,87,7,58,8,Pass,High,None,Excellent
4219,5.8,93,1,67,5,Pass,High,None,Excellent
4220,2.8,69,3,70,5,Pass,Medium,Physics,Average
4221,3.2,54,10,62,6,Pass,Medium,English,Average
4222,5.3,56,7,42,8,Pass,Medium,"Math,English",Average
4223,7.3,85,6,35,5,Pass,High,Math,Excellent
4224,6.7,51,7,95,7,Pass,High,English,Good
4225,5.1,56,5,37,8,Pass,Medium,"Math,English",Average
4226,6.1,91,8,93,7,Pass,High,None,Excellent
4227,3.6,84,6,38,6,Pass,Medium,Math,Good
4228,5.5,61,4,52,8,Pass,Medium,English,Average
4229,4.3,49,1,50,6,Fail,Low,English,Poor
4230,2.3,58,2,30,9,Fail,Low,"Math,English,Physics",Poor
4231,5.9,78,6,75,6,Pass,High,None,Good
4232,4.9,92,4,91,9,Pass,High,None,Excellent
4233,3.5,61,3,31,8,Fail,Low,"Math,English",Poor
4234,7.4,79,7,73,7,Pass,High,None,Good
4235,1.1,99,7,34,7,Pass,Medium,"Math,Physics",Good
4236,3.2,45,2,68,7,Pass,Medium,English,Average
4237,1.4,94,8,95,6,Pass,High,Physics,Excellent
4238,6.4,94,1,74,8,Pass,High,None,Excellent
4239,5.9,80,10,42,8,Pass,High,Math,Excellent
4240,3.3,59,7,61,9,Pass,Medium,English,Average
4241,5.7,63,10,72,8,Pass,High,English,Good
4242,3.8,95,1,37,7,Pass,Medium,Math,Good
4243,6.3,86,3,88,8,Pass,High,None,Excellent
4244,4.2,49,3,40,9,Pass,Medium,"Math,English",Average
4245,3.9,63,10,57,8,Pass,High,English,Good
4246,7.5,87,2,68,8,Pass,High,None,Excellent
4247,2.8,83,10,55,7,Pass,Medium,Physics,Good
4248,1.8,49,5,55,8,Fail,Low,"English,Physics",Poor
4249,5.1,96,4,61,6,Pass,High,None,Excellent
4250,7.8,56,6,75,9,Pass,High,English,Good
4251,3.6,63,2,57,9,Pass,Medium,English,Average
4252,1.4,91,4,36,9,Fail,Low,"Math,Physics",Good
4253,3.4,56,7,64,8,Pass,Medium,English,Average
4254,4.5,80,1,95,6,Pass,High,None,Excellent
4255,2.1,56,3,51,9,Fail,Low,"English,Physics",Poor
4256,5.6,62,1,51,5,Pass,Medium,English,Average
4257,8,93,2,32,7,Pass,High,Math,Excellent
4258,4.2,95,9,75,5,Pass,High,None,Excellent
4259,3.5,92,10,79,5,Pass,High,None,Excellent
4260,3.8,87,5,37,9,Pass,Medium,Math,Good
4261,1.8,78,4,33,5,Fail,Low,"Math,Physics",Good
4262,7.2,92,4,44,5,Pass,High,Math,Excellent
4263,3.9,77,8,73,6,Pass,High,None,Good
4264,3.7,93,3,68,7,Pass,Medium,None,Good
4265,5.6,62,4,58,8,Pass,Medium,English,Average
4266,4.1,73,2,91,9,Pass,High,None,Good
4267,5.5,89,6,63,9,Pass,High,None,Excellent
4268,1.4,49,9,55,5,Fail,Low,"English,Physics",Poor
4269,6.7,69,4,47,8,Pass,High,Math,Good
4270,7.6,68,6,92,8,Pass,High,None,Good
4271,5.5,73,4,81,8,Pass,High,None,Good
4272,7.7,82,2,83,9,Pass,High,None,Excellent
4273,2.1,77,6,71,9,Pass,Medium,Physics,Good
4274,4.3,54,7,83,6,Pass,High,English,Good
4275,5.2,81,4,81,9,Pass,High,None,Excellent
4276,5.1,77,7,42,9,Pass,High,Math,Good
4277,3.8,67,8,61,6,Pass,Medium,None,Average
4278,3.4,55,3,95,9,Pass,Medium,English,Average
4279,1.9,68,2,87,5,Pass,Medium,Physics,Average
4280,3.7,68,5,68,5,Pass,Medium,None,Average
4281,2.1,51,2,56,6,Fail,Low,"English,Physics",Poor
4282,6.1,94,10,83,6,Pass,High,None,Excellent
4283,2.5,65,5,72,5,Pass,Medium,Physics,Average
4284,1.4,64,10,81,8,Pass,Medium,"English,Physics",Average
4285,4.9,97,6,43,9,Pass,High,Math,Excellent
4286,5.2,54,8,37,7,Pass,Medium,"Math,English",Average
4287,7.1,69,6,64,7,Pass,High,None,Good
4288,5,91,4,47,6,Pass,Medium,Math,Good
4289,3.4,80,3,84,7,Pass,Medium,None,Good
4290,6.6,92,2,81,8,Pass,High,None,Excellent
4291,4.8,91,1,78,7,Pass,High,None,Excellent
4292,1.6,59,2,37,5,Fail,Low,"Math,English,Physics",Poor
4293,5,88,2,66,6,Pass,Medium,None,Good
4294,7.4,84,5,95,7,Pass,High,None,Excellent
4295,3.8,84,9,70,9,Pass,High,None,Excellent
4296,3.1,94,1,56,6,Pass,Medium,None,Good
4297,2,50,4,49,8,Fail,Low,"Math,English,Physics",Poor
4298,2.1,81,10,67,5,Pass,Medium,Physics,Good
4299,4,46,7,41,7,Pass,Medium,"Math,English",Average
4300,5.2,56,10,71,5,Pass,High,English,Good
4301,1.6,48,3,79,8,Pass,Medium,"English,Physics",Average
4302,7.6,67,8,60,7,Pass,High,None,Good
4303,6.3,57,3,94,6,Pass,High,English,Good
4304,5.1,61,8,82,6,Pass,High,English,Good
4305,6.8,75,2,69,9,Pass,High,None,Good
4306,1.6,60,5,68,8,Pass,Medium,"English,Physics",Average
4307,4.3,85,4,39,7,Pass,Medium,Math,Good
4308,5.4,70,9,58,5,Pass,High,None,Good
4309,6.8,72,3,69,5,Pass,High,None,Good
4310,6.5,45,5,59,7,Pass,Medium,English,Average
4311,2.9,91,10,31,8,Pass,Medium,"Math,Physics",Good
4312,7.6,56,9,57,8,Pass,High,English,Good
4313,1.9,81,6,76,5,Pass,Medium,Physics,Good
4314,7.1,99,2,61,7,Pass,High,None,Excellent
4315,7.8,100,1,61,7,Pass,High,None,Excellent
4316,2.2,94,1,56,5,Fail,Low,Physics,Good
4317,6.1,64,7,83,7,Pass,High,English,Good
4318,1.3,46,2,85,7,Fail,Low,"English,Physics",Poor
4319,3.8,80,7,60,6,Pass,Medium,None,Good
4320,4.6,59,1,53,6,Pass,Medium,English,Average
4321,5.1,82,4,64,9,Pass,High,None,Excellent
4322,7.6,66,10,59,9,Pass,High,None,Good
4323,5.7,88,4,84,8,Pass,High,None,Excellent
4324,4.4,94,5,93,6,Pass,High,None,Excellent
4325,6.7,76,10,62,6,Pass,High,None,Good
4326,7.7,64,1,75,6,Pass,High,English,Good
4327,1.2,80,7,62,6,Pass,Medium,Physics,Good
4328,7.9,77,2,93,8,Pass,High,None,Good
4329,1.6,59,2,59,5,Fail,Low,"English,Physics",Poor
4330,6.7,94,8,58,8,Pass,High,None,Excellent
4331,3,90,9,91,5,Pass,High,None,Excellent
4332,1.9,47,6,59,9,Pass,Medium,"English,Physics",Average
4333,4.1,73,1,41,6,Fail,Low,Math,Poor
4334,5.5,91,1,44,5,Pass,Medium,Math,Good
4335,3.7,71,7,39,8,Pass,Medium,Math,Average
4336,1.4,49,8,90,5,Pass,Medium,"English,Physics",Average
4337,5.2,100,3,52,7,Pass,High,None,Excellent
4338,7.3,75,9,40,9,Pass,High,Math,Good
4339,3.7,66,4,45,9,Pass,Medium,Math,Average
4340,2.5,79,4,78,6,Pass,Medium,Physics,Good
4341,4.1,98,3,43,6,Pass,Medium,Math,Good
4342,1.3,51,8,35,8,Fail,Low,"Math,English,Physics",Poor
4343,6.7,50,9,71,5,Pass,High,English,Good
4344,6.8,70,1,46,7,Pass,Medium,Math,Average
4345,5.1,98,2,71,9,Pass,High,None,Excellent
4346,3.5,45,1,39,5,Fail,Low,"Math,English",Poor
4347,6.6,63,4,75,7,Pass,High,English,Good
4348,4.9,51,10,78,5,Pass,High,English,Good
4349,6.8,80,7,38,6,Pass,High,Math,Excellent
4350,5.4,56,7,68,9,Pass,High,English,Good
4351,6.5,64,6,31,7,Pass,Medium,"Math,English",Average
4352,5.2,67,5,81,6,Pass,High,None,Good
4353,3.9,69,4,40,8,Pass,Medium,Math,Average
4354,7.7,74,8,66,8,Pass,High,None,Good
4355,4.8,73,7,51,6,Pass,Medium,None,Average
4356,5.2,75,10,81,7,Pass,High,None,Good
4357,2.5,62,1,34,7,Fail,Low,"Math,English,Physics",Poor
4358,5.4,85,6,31,9,Pass,Medium,Math,Good
4359,5,63,2,34,6,Pass,Medium,"Math,English",Average
4360,2.3,98,4,61,8,Pass,Medium,Physics,Good
4361,1.4,48,5,48,6,Fail,Low,"Math,English,Physics",Poor
4362,5.2,45,8,33,5,Pass,Medium,"Math,English",Average
4363,6.3,85,6,75,7,Pass,High,None,Excellent
4364,4.7,59,2,55,5,Pass,Medium,English,Average
4365,2.6,98,5,79,8,Pass,High,Physics,Excellent
4366,5.7,52,5,55,7,Pass,Medium,English,Average
4367,1.6,59,6,61,8,Pass,Medium,"English,Physics",Average
4368,4.1,59,1,73,8,Pass,Medium,English,Average
4369,2.1,94,8,55,8,Pass,Medium,Physics,Good
4370,2.3,83,3,90,9,Pass,Medium,Physics,Good
4371,2.4,66,5,80,8,Pass,Medium,Physics,Average
4372,3.7,62,7,88,8,Pass,High,English,Good
4373,1.4,60,3,67,5,Fail,Low,"English,Physics",Poor
4374,3.8,46,10,55,5,Pass,Medium,English,Average
4375,4.6,80,6,74,5,Pass,High,None,Excellent
4376,4.4,64,5,60,7,Pass,Medium,English,Average
4377,3.7,60,7,74,9,Pass,High,English,Good
4378,6.9,47,10,60,7,Pass,High,English,Good
4379,2,100,3,90,9,Pass,High,Physics,Excellent
4380,4.5,74,2,77,9,Pass,High,None,Good
4381,1.4,99,4,74,6,Pass,Medium,Physics,Good
4382,1.5,46,3,89,6,Pass,Medium,"English,Physics",Average
4383,5,79,4,90,6,Pass,High,None,Good
4384,5,70,7,81,9,Pass,High,None,Good
4385,7.1,49,5,81,9,Pass,High,English,Good
4386,4.9,46,4,91,7,Pass,High,English,Good
4387,7.7,95,6,55,9,Pass,High,None,Excellent
4388,1.3,100,7,78,8,Pass,Medium,Physics,Good
4389,1.7,64,5,73,8,Pass,Medium,"English,Physics",Average
4390,1.3,78,7,65,9,Pass,Medium,Physics,Good
4391,2.3,78,3,82,8,Pass,Medium,Physics,Good
4392,4.8,98,7,73,9,Pass,High,None,Excellent
4393,5.5,100,3,51,6,Pass,High,None,Excellent
4394,1.3,99,6,31,9,Pass,Medium,"Math,Physics",Good
4395,7.6,64,8,36,6,Pass,High,"Math,English",Good
4396,6.9,94,6,45,5,Pass,High,Math,Excellent
4397,3.1,69,10,73,8,Pass,High,None,Good
4398,1.5,64,3,94,5,Pass,Medium,"English,Physics",Average
4399,2.2,69,5,90,8,Pass,Medium,Physics,Average
4400,1.9,97,9,59,5,Pass,Medium,Physics,Good
4401,1.9,58,8,71,9,Pass,Medium,"English,Physics",Average
4402,4.6,91,6,54,5,Pass,Medium,None,Good
4403,2.7,88,9,86,8,Pass,High,Physics,Excellent
4404,3.5,87,2,61,7,Pass,Medium,None,Good
4405,7.9,87,9,79,8,Pass,High,None,Excellent
4406,5.8,83,10,39,7,Pass,High,Math,Excellent
4407,7.6,56,10,51,9,Pass,High,English,Good
4408,2,92,6,70,8,Pass,Medium,Physics,Good
4409,3.7,49,9,76,5,Pass,Medium,English,Average
4410,4.9,46,4,43,9,Pass,Medium,"Math,English",Average
4411,1.5,98,5,32,8,Pass,Medium,"Math,Physics",Good
4412,1,60,2,82,9,Pass,Medium,"English,Physics",Average
4413,5.7,99,3,45,7,Pass,High,Math,Excellent
4414,5.5,74,1,90,9,Pass,High,None,Good
4415,3.9,91,4,57,5,Pass,Medium,None,Good
4416,4.4,87,2,64,8,Pass,Medium,None,Good
4417,3.9,82,2,31,7,Pass,Medium,Math,Good
4418,1.2,89,1,90,9,Pass,Medium,Physics,Good
4419,3.3,95,10,85,6,Pass,High,None,Excellent
4420,2.2,86,2,84,7,Pass,Medium,Physics,Good
4421,1.7,68,4,47,7,Fail,Low,"Math,Physics",Poor
4422,7.7,95,6,78,5,Pass,High,None,Excellent
4423,5.2,74,7,71,5,Pass,High,None,Good
4424,6.1,81,7,36,9,Pass,High,Math,Excellent
4425,3.2,97,7,33,6,Pass,Medium,Math,Good
4426,3.8,83,4,72,7,Pass,Medium,None,Good
4427,2.7,55,5,88,9,Pass,Medium,"English,Physics",Average
4428,1.7,58,3,78,6,Pass,Medium,"English,Physics",Average
4429,2.3,67,1,89,9,Pass,Medium,Physics,Average
4430,6.6,97,8,35,7,Pass,High,Math,Excellent
4431,5.7,60,10,49,9,Pass,High,"Math,English",Good
4432,4.8,94,7,60,5,Pass,High,None,Excellent
4433,4.3,65,9,51,5,Pass,Medium,None,Average
4434,7.5,99,10,61,8,Pass,High,None,Excellent
4435,1.5,99,4,76,6,Pass,Medium,Physics,Good
4436,3,48,5,63,7,Pass,Medium,English,Average
4437,3.4,77,5,56,6,Pass,Medium,None,Good
4438,6.5,98,7,73,5,Pass,High,None,Excellent
4439,7.9,91,9,59,7,Pass,High,None,Excellent
4440,2.7,58,8,62,8,Pass,Medium,"English,Physics",Average
4441,7.1,63,7,56,5,Pass,High,English,Good
4442,6.8,49,1,85,5,Pass,High,English,Good
4443,2.6,80,10,52,6,Pass,Medium,Physics,Good
4444,3.8,75,6,72,9,Pass,High,None,Good
4445,3.9,89,10,83,6,Pass,High,None,Excellent
4446,7.8,62,9,82,5,Pass,High,English,Good
4447,2.3,88,7,69,6,Pass,Medium,Physics,Good
4448,6.6,75,1,89,9,Pass,High,None,Good
4449,3.3,99,9,38,8,Pass,Medium,Math,Good
4450,6.1,74,3,39,7,Pass,Medium,Math,Average
4451,3.9,65,9,39,5,Pass,Medium,Math,Average
4452,5,91,4,59,6,Pass,High,None,Excellent
4453,6.8,74,9,39,5,Pass,High,Math,Good
4454,6.6,99,8,87,7,Pass,High,None,Excellent
4455,7.1,85,7,65,6,Pass,High,None,Excellent
4456,1.4,48,4,73,8,Fail,Low,"English,Physics",Poor
4457,5.8,49,9,86,7,Pass,High,English,Good
4458,2,85,4,72,9,Pass,Medium,Physics,Good
4459,3.9,89,1,52,9,Pass,Medium,None,Good
4460,4.8,54,6,33,5,Pass,Medium,"Math,English",Average
4461,3.8,71,4,41,9,Pass,Medium,Math,Average
4462,4.6,60,10,78,6,Pass,High,English,Good
4463,8,74,3,53,9,Pass,High,None,Good
4464,1.9,57,5,42,8,Fail,Low,"Math,English,Physics",Poor
4465,5.7,80,3,63,6,Pass,High,None,Excellent
4466,3.8,65,9,38,5,Pass,Medium,Math,Average
4467,1.9,89,6,39,5,Fail,Low,"Math,Physics",Good
4468,2.1,97,3,94,9,Pass,High,Physics,Excellent
4469,7.6,84,5,83,9,Pass,High,None,Excellent
4470,7.2,89,8,72,5,Pass,High,None,Excellent
4471,7.3,59,8,88,6,Pass,High,English,Good
4472,7.9,64,6,88,7,Pass,High,English,Good
4473,2.5,64,5,90,5,Pass,Medium,"English,Physics",Average
4474,3.5,89,5,67,8,Pass,High,None,Excellent
4475,5.7,99,1,37,6,Pass,Medium,Math,Good
4476,4.4,49,2,94,7,Pass,Medium,English,Average
4477,3.9,98,4,34,7,Pass,Medium,Math,Good
4478,3.5,98,6,72,6,Pass,High,None,Excellent
4479,5.2,76,7,89,5,Pass,High,None,Good
4480,5,50,1,55,7,Pass,Medium,English,Average
4481,2.1,74,8,40,8,Pass,Medium,"Math,Physics",Average
4482,4.3,70,1,63,6,Pass,Medium,None,Average
4483,4.9,81,9,31,9,Pass,High,Math,Excellent
4484,5,57,4,50,5,Pass,Medium,English,Average
4485,2.5,73,7,55,6,Pass,Medium,Physics,Average
4486,6.2,49,6,34,8,Pass,Medium,"Math,English",Average
4487,1.2,69,9,38,7,Pass,Medium,"Math,Physics",Average
4488,3.5,57,2,79,5,Pass,Medium,English,Average
4489,6.5,68,7,39,5,Pass,Medium,Math,Average
4490,4.9,75,5,87,6,Pass,High,None,Good
4491,2.8,64,7,39,6,Pass,Medium,"Math,English,Physics",Average
4492,5.9,99,1,65,8,Pass,High,None,Excellent
4493,5,52,10,85,9,Pass,High,English,Good
4494,6.6,53,9,91,6,Pass,High,English,Good
4495,6.1,65,1,66,6,Pass,Medium,None,Average
4496,5.3,95,5,70,6,Pass,High,None,Excellent
4497,4.4,64,8,77,8,Pass,High,English,Good
4498,1.9,59,1,51,7,Fail,Low,"English,Physics",Poor
4499,2.8,70,7,90,9,Pass,High,Physics,Good
4500,3.9,98,2,77,8,Pass,High,None,Excellent
4501,5.2,86,7,93,6,Pass,High,None,Excellent
4502,4.6,55,7,66,7,Pass,Medium,English,Average
4503,3,81,9,70,6,Pass,High,None,Excellent
4504,1,85,6,34,8,Fail,Low,"Math,Physics",Good
4505,4.5,55,4,81,5,Pass,Medium,English,Average
4506,3,71,7,46,6,Pass,Medium,Math,Average
4507,6.1,74,7,91,7,Pass,High,None,Good
4508,1.2,63,4,81,9,Pass,Medium,"English,Physics",Average
4509,5.1,78,2,49,5,Pass,Medium,Math,Good
4510,7.6,82,9,45,6,Pass,High,Math,Excellent
4511,2.2,67,8,36,6,Pass,Medium,"Math,Physics",Average
4512,4.3,97,5,95,7,Pass,High,None,Excellent
4513,1.6,45,5,41,5,Fail,Low,"Math,English,Physics",Poor
4514,5.4,47,1,72,5,Pass,Medium,English,Average
4515,4.9,47,9,69,5,Pass,High,English,Good
4516,3.9,72,10,30,6,Pass,Medium,Math,Average
4517,4.6,58,8,87,5,Pass,High,English,Good
4518,7.3,96,5,32,6,Pass,High,Math,Excellent
4519,2.4,74,10,37,6,Pass,Medium,"Math,Physics",Average
4520,1.2,98,6,90,5,Pass,Medium,Physics,Good
4521,7,49,10,34,8,Pass,High,"Math,English",Good
4522,5,93,10,55,9,Pass,High,None,Excellent
4523,7.2,59,8,46,9,Pass,High,"Math,English",Good
4524,5.2,82,6,95,8,Pass,High,None,Excellent
4525,6.7,58,10,80,5,Pass,High,English,Good
4526,4,58,4,76,6,Pass,Medium,English,Average
4527,6.2,93,3,69,7,Pass,High,None,Excellent
4528,7.4,52,7,56,8,Pass,High,English,Good
4529,5,52,2,69,9,Pass,Medium,English,Average
4530,2.3,63,7,30,9,Pass,Medium,"Math,English,Physics",Average
4531,2.9,76,1,75,6,Pass,Medium,Physics,Good
4532,2.4,75,10,40,9,Pass,Medium,"Math,Physics",Good
4533,2.7,73,5,68,9,Pass,Medium,Physics,Average
4534,3.1,85,9,47,6,Pass,Medium,Math,Good
4535,4.9,55,1,76,5,Pass,Medium,English,Average
4536,5.1,89,8,50,9,Pass,High,None,Excellent
4537,4,57,9,57,5,Pass,Medium,English,Average
4538,5.3,71,9,30,7,Pass,Medium,Math,Average
4539,1.6,100,8,43,5,Pass,Medium,"Math,Physics",Good
4540,1.6,63,4,49,6,Fail,Low,"Math,English,Physics",Poor
4541,2.2,70,7,74,6,Pass,Medium,Physics,Average
4542,4.6,97,1,90,6,Pass,High,None,Excellent
4543,2.5,95,7,56,9,Pass,Medium,Physics,Good
4544,3,81,6,85,8,Pass,High,None,Excellent
4545,3.8,92,5,81,9,Pass,High,None,Excellent
4546,6.7,53,1,66,5,Pass,Medium,English,Average
4547,1.1,72,8,60,7,Pass,Medium,Physics,Average
4548,5.5,76,10,78,7,Pass,High,None,Good
4549,5.7,96,1,82,7,Pass,High,None,Excellent
4550,6.6,98,1,68,7,Pass,High,None,Excellent
4551,7.5,47,3,39,8,Pass,Medium,"Math,English",Average
4552,1.1,95,8,38,7,Pass,Medium,"Math,Physics",Good
4553,2.1,76,8,42,9,Pass,Medium,"Math,Physics",Good
4554,7.2,49,7,47,7,Pass,High,"Math,English",Good
4555,4.2,52,5,41,6,Pass,Medium,"Math,English",Average
4556,5,58,8,34,5,Pass,Medium,"Math,English",Average
4557,5.6,100,2,36,9,Pass,Medium,Math,Good
4558,5.8,47,8,44,8,Pass,Medium,"Math,English",Average
4559,7.5,68,2,47,9,Pass,High,Math,Good
4560,8,57,10,67,6,Pass,High,English,Good
4561,6,87,5,55,7,Pass,High,None,Excellent
4562,3,73,4,67,7,Pass,Medium,None,Average
4563,7.2,52,1,88,8,Pass,High,English,Good
4564,1.3,95,5,81,5,Pass,Medium,Physics,Good
4565,2.6,86,7,62,7,Pass,Medium,Physics,Good
4566,7.3,75,1,50,8,Pass,High,None,Good
4567,2.8,70,2,46,7,Fail,Low,"Math,Physics",Poor
4568,2.5,62,9,91,9,Pass,High,"English,Physics",Good
4569,2,62,5,88,8,Pass,Medium,"English,Physics",Average
4570,7,51,7,31,8,Pass,Medium,"Math,English",Average
4571,4.5,92,2,93,8,Pass,High,None,Excellent
4572,5.7,82,7,54,7,Pass,High,None,Excellent
4573,2.7,92,7,70,8,Pass,High,Physics,Excellent
4574,6.3,60,7,48,9,Pass,High,"Math,English",Good
4575,6.3,99,5,67,5,Pass,High,None,Excellent
4576,3.2,100,9,54,5,Pass,High,None,Excellent
4577,3.9,77,2,68,6,Pass,Medium,None,Good
4578,2.5,100,4,33,9,Pass,Medium,"Math,Physics",Good
4579,7.8,95,2,32,9,Pass,High,Math,Excellent
4580,5.5,47,8,63,8,Pass,High,English,Good
4581,7.5,82,1,39,6,Pass,Medium,Math,Good
4582,3.1,48,9,56,9,Pass,Medium,English,Average
4583,6.5,80,5,30,9,Pass,High,Math,Excellent
4584,6.4,48,3,73,9,Pass,High,English,Good
4585,5.8,86,4,81,7,Pass,High,None,Excellent
4586,7.8,53,1,54,9,Pass,High,English,Good
4587,3.8,84,3,94,7,Pass,High,None,Excellent
4588,1.9,95,8,40,9,Pass,Medium,"Math,Physics",Good
4589,5.7,61,2,44,5,Pass,Medium,"Math,English",Average
4590,6.1,61,2,86,7,Pass,High,English,Good
4591,5,77,9,93,7,Pass,High,None,Good
4592,2.4,64,5,40,8,Fail,Low,"Math,English,Physics",Poor
4593,4.5,58,5,49,9,Pass,Medium,"Math,English",Average
4594,3.2,66,1,59,6,Fail,Low,None,Poor
4595,4,96,6,39,6,Pass,Medium,Math,Good
4596,5.5,71,8,83,6,Pass,High,None,Good
4597,6.2,87,6,87,6,Pass,High,None,Excellent
4598,2.6,47,7,58,5,Pass,Medium,"English,Physics",Average
4599,3.8,68,4,30,6,Fail,Low,Math,Poor
4600,2.9,74,2,87,8,Pass,Medium,Physics,Average
4601,2.4,52,1,50,6,Fail,Low,"English,Physics",Poor
4602,6.5,66,6,44,8,Pass,High,Math,Good
4603,7.4,69,9,62,7,Pass,High,None,Good
4604,3.6,54,10,67,9,Pass,High,English,Good
4605,6.3,93,5,48,6,Pass,High,Math,Excellent
4606,7.3,73,2,33,8,Pass,Medium,Math,Average
4607,6.9,84,1,87,8,Pass,High,None,Excellent
4608,2.3,98,3,41,9,Pass,Medium,"Math,Physics",Good
4609,7.7,45,4,46,7,Pass,Medium,"Math,English",Average
4610,3.6,96,7,30,6,Pass,Medium,Math,Good
4611,3.4,65,9,43,8,Pass,Medium,Math,Average
4612,1.4,83,8,31,6,Fail,Low,"Math,Physics",Good
4613,4.4,68,9,33,5,Pass,Medium,Math,Average
4614,1.8,53,7,95,8,Pass,Medium,"English,Physics",Average
4615,2.7,88,10,75,7,Pass,High,Physics,Excellent
4616,3.2,98,8,79,9,Pass,High,None,Excellent
4617,6.7,70,8,89,8,Pass,High,None,Good
4618,7.1,53,1,81,5,Pass,High,English,Good
4619,3.1,64,9,77,9,Pass,High,English,Good
4620,7,100,2,68,7,Pass,High,None,Excellent
4621,7,79,7,89,6,Pass,High,None,Good
4622,6.4,80,10,59,6,Pass,High,None,Excellent
4623,2,86,10,56,8,Pass,Medium,Physics,Good
4624,5.8,80,5,84,9,Pass,High,None,Excellent
4625,7.6,98,4,55,5,Pass,High,None,Excellent
4626,5.8,53,1,71,5,Pass,Medium,English,Average
4627,3.3,66,1,81,7,Pass,Medium,None,Average
4628,4.5,45,3,35,9,Pass,Medium,"Math,English",Average
4629,5.5,49,1,39,9,Pass,Medium,"Math,English",Average
4630,4.6,53,8,67,6,Pass,Medium,English,Average
4631,1.8,81,3,41,7,Fail,Low,"Math,Physics",Good
4632,3.2,82,10,75,7,Pass,High,None,Excellent
4633,6.6,63,2,78,7,Pass,High,English,Good
4634,7,52,6,92,9,Pass,High,English,Good
4635,2,86,4,72,6,Pass,Medium,Physics,Good
4636,7.7,87,4,89,7,Pass,High,None,Excellent
4637,3.3,76,2,58,6,Pass,Medium,None,Good
4638,5.6,57,2,40,7,Pass,Medium,"Math,English",Average
4639,6.3,64,6,64,9,Pass,High,English,Good
4640,6.7,80,5,52,6,Pass,High,None,Excellent
4641,7.6,87,9,50,8,Pass,High,None,Excellent
4642,3.2,88,4,66,7,Pass,Medium,None,Good
4643,7,81,5,57,9,Pass,High,None,Excellent
4644,1.9,74,1,87,6,Pass,Medium,Physics,Average
4645,5.9,54,2,82,5,Pass,Medium,English,Average
4646,6.2,75,3,57,9,Pass,High,None,Good
4647,5.7,69,5,71,9,Pass,High,None,Good
4648,2.8,73,5,90,5,Pass,Medium,Physics,Average
4649,7.1,68,4,62,5,Pass,High,None,Good
4650,2.2,83,10,84,8,Pass,High,Physics,Excellent
4651,1.4,65,3,66,8,Fail,Low,Physics,Poor
4652,6,85,9,76,8,Pass,High,None,Excellent
4653,4.3,53,1,65,9,Pass,Medium,English,Average
4654,6.9,86,6,57,9,Pass,High,None,Excellent
4655,3.7,86,7,39,9,Pass,Medium,Math,Good
4656,2.2,46,10,52,8,Pass,Medium,"English,Physics",Average
4657,6.9,48,4,34,6,Pass,Medium,"Math,English",Average
4658,4.8,52,10,35,9,Pass,Medium,"Math,English",Average
4659,2.3,76,3,71,9,Pass,Medium,Physics,Good
4660,6,58,8,76,9,Pass,High,English,Good
4661,4.6,93,9,57,8,Pass,High,None,Excellent
4662,5.2,57,1,42,7,Pass,Medium,"Math,English",Average
4663,4.2,65,10,54,8,Pass,High,None,Good
4664,6.8,68,9,36,7,Pass,High,Math,Good
4665,6.8,94,7,95,8,Pass,High,None,Excellent
4666,6,62,1,87,6,Pass,High,English,Good
4667,1.7,89,7,95,6,Pass,High,Physics,Excellent
4668,6.9,84,5,65,9,Pass,High,None,Excellent
4669,5.7,70,10,31,8,Pass,High,Math,Good
4670,5.9,76,7,67,7,Pass,High,None,Good
4671,3.5,88,9,43,7,Pass,Medium,Math,Good
4672,7.2,99,8,56,6,Pass,High,None,Excellent
4673,6.1,100,6,44,9,Pass,High,Math,Excellent
4674,1.8,97,2,41,7,Fail,Low,"Math,Physics",Good
4675,3.9,77,8,72,8,Pass,High,None,Good
4676,7.2,96,4,86,9,Pass,High,None,Excellent
4677,1.3,75,8,77,8,Pass,Medium,Physics,Good
4678,7.7,62,7,90,8,Pass,High,English,Good
4679,5.8,79,4,73,6,Pass,High,None,Good
4680,5.4,56,8,81,8,Pass,High,English,Good
4681,2.9,95,2,91,5,Pass,Medium,Physics,Good
4682,2.7,69,9,31,9,Pass,Medium,"Math,Physics",Average
4683,7.6,89,6,60,5,Pass,High,None,Excellent
4684,3.1,75,7,62,8,Pass,Medium,None,Good
4685,6.4,54,10,34,8,Pass,High,"Math,English",Good
4686,3.8,91,1,87,6,Pass,Medium,None,Good
4687,2,96,3,40,6,Fail,Low,"Math,Physics",Good
4688,1.1,78,10,52,6,Pass,Medium,Physics,Good
4689,4.8,95,5,74,6,Pass,High,None,Excellent
4690,7.8,47,7,56,7,Pass,High,English,Good
4691,3.6,90,1,85,6,Pass,Medium,None,Good
4692,3.5,83,9,88,8,Pass,High,None,Excellent
4693,3.4,52,5,69,8,Pass,Medium,English,Average
4694,4.6,76,3,47,9,Pass,Medium,Math,Good
4695,4.1,87,7,80,5,Pass,High,None,Excellent
4696,7.2,73,10,90,7,Pass,High,None,Good
4697,4.5,66,8,52,7,Pass,Medium,None,Average
4698,4.6,64,10,65,9,Pass,High,English,Good
4699,2,50,10,67,9,Pass,Medium,"English,Physics",Average
4700,7.9,87,3,85,6,Pass,High,None,Excellent
4701,2.7,93,7,68,9,Pass,High,Physics,Excellent
4702,1.5,73,7,57,7,Pass,Medium,Physics,Average
4703,5.6,86,4,50,5,Pass,Medium,None,Good
4704,5.2,100,10,91,5,Pass,High,None,Excellent
4705,3.9,61,9,52,7,Pass,Medium,English,Average
4706,4,75,1,50,6,Pass,Medium,None,Good
4707,6.5,97,1,45,5,Pass,Medium,Math,Good
4708,2.4,78,5,91,5,Pass,Medium,Physics,Good
4709,6.7,82,3,94,6,Pass,High,None,Excellent
4710,5.5,81,10,34,5,Pass,High,Math,Excellent
4711,3.9,48,9,75,8,Pass,High,English,Good
4712,4.2,46,5,93,7,Pass,High,English,Good
4713,2.8,56,7,70,5,Pass,Medium,"English,Physics",Average
4714,6.3,79,1,73,5,Pass,High,None,Good
4715,4.6,50,2,44,6,Fail,Low,"Math,English",Poor
4716,3.2,100,4,80,5,Pass,Medium,None,Good
4717,5.2,90,9,83,6,Pass,High,None,Excellent
4718,8,52,5,71,7,Pass,High,English,Good
4719,4,65,5,75,8,Pass,Medium,None,Average
4720,7.4,97,9,54,9,Pass,High,None,Excellent
4721,3.4,90,8,64,7,Pass,High,None,Excellent
4722,1.4,79,2,51,5,Fail,Low,Physics,Good
4723,2.4,92,7,38,8,Pass,Medium,"Math,Physics",Good
4724,3.9,59,1,53,9,Pass,Medium,English,Average
4725,2.5,51,10,52,9,Pass,Medium,"English,Physics",Average
4726,1,59,9,90,5,Pass,Medium,"English,Physics",Average
4727,7.4,89,3,66,9,Pass,High,None,Excellent
4728,6.9,50,2,74,9,Pass,High,English,Good
4729,6.2,91,4,44,7,Pass,High,Math,Excellent
4730,2.2,61,4,86,7,Pass,Medium,"English,Physics",Average
4731,1.8,48,3,43,9,Fail,Low,"Math,English,Physics",Poor
4732,1.5,66,2,81,6,Pass,Medium,Physics,Average
4733,6.1,76,5,65,5,Pass,High,None,Good
4734,7.5,66,4,56,6,Pass,High,None,Good
4735,4,71,5,46,6,Pass,Medium,Math,Average
4736,1.8,90,8,70,9,Pass,High,Physics,Excellent
4737,4.6,59,2,33,5,Fail,Low,"Math,English",Poor
4738,3.4,88,9,32,6,Pass,Medium,Math,Good
4739,3.6,95,10,48,7,Pass,High,Math,Excellent
4740,5.3,66,1,70,7,Pass,Medium,None,Average
4741,6,72,8,69,5,Pass,High,None,Good
4742,1.8,86,5,87,6,Pass,Medium,Physics,Good
4743,1.2,82,2,68,8,Pass,Medium,Physics,Good
4744,8,53,8,36,8,Pass,High,"Math,English",Good
4745,2.6,78,5,65,5,Pass,Medium,Physics,Good
4746,1.4,80,10,49,5,Pass,Medium,"Math,Physics",Good
4747,2.3,53,10,58,8,Pass,Medium,"English,Physics",Average
4748,1.3,59,3,95,6,Pass,Medium,"English,Physics",Average
4749,3.7,89,7,76,6,Pass,High,None,Excellent
4750,6.6,64,4,52,9,Pass,High,English,Good
4751,3.4,52,10,35,5,Pass,Medium,"Math,English",Average
4752,4.1,72,6,47,6,Pass,Medium,Math,Average
4753,5.7,95,10,82,8,Pass,High,None,Excellent
4754,4.6,63,8,51,8,Pass,Medium,English,Average
4755,7,60,1,64,7,Pass,Medium,English,Average
4756,7.1,55,2,38,6,Pass,Medium,"Math,English",Average
4757,1.1,86,8,60,9,Pass,Medium,Physics,Good
4758,6.4,52,7,72,9,Pass,High,English,Good
4759,4.2,77,10,46,5,Pass,Medium,Math,Good
4760,7.9,54,9,80,7,Pass,High,English,Good
4761,4.4,62,2,95,8,Pass,High,English,Good
4762,7.9,79,8,53,8,Pass,High,None,Good
4763,6.3,87,6,44,5,Pass,High,Math,Excellent
4764,2.7,94,1,57,9,Pass,Medium,Physics,Good
4765,4.8,47,4,32,9,Pass,Medium,"Math,English",Average
4766,7.9,84,2,58,8,Pass,High,None,Excellent
4767,7,71,7,81,5,Pass,High,None,Good
4768,1.7,72,9,83,6,Pass,Medium,Physics,Average
4769,5.9,90,6,87,7,Pass,High,None,Excellent
4770,3.4,50,4,74,9,Pass,Medium,English,Average
4771,1,91,5,79,9,Pass,Medium,Physics,Good
4772,3.8,58,1,51,9,Pass,Medium,English,Average
4773,2.6,51,4,81,6,Pass,Medium,"English,Physics",Average
4774,6.7,54,10,82,6,Pass,High,English,Good
4775,3.4,59,3,60,7,Pass,Medium,English,Average
4776,6.8,75,9,77,9,Pass,High,None,Good
4777,1,73,6,60,8,Pass,Medium,Physics,Average
4778,3.2,86,4,33,9,Pass,Medium,Math,Good
4779,2.7,98,3,64,7,Pass,Medium,Physics,Good
4780,2.6,61,4,93,7,Pass,Medium,"English,Physics",Average
4781,1.5,95,8,38,8,Pass,Medium,"Math,Physics",Good
4782,2.3,73,5,75,6,Pass,Medium,Physics,Average
4783,4.9,93,1,85,8,Pass,High,None,Excellent
4784,3,88,5,85,7,Pass,High,None,Excellent
4785,3.9,59,8,55,8,Pass,Medium,English,Average
4786,3.6,70,4,89,9,Pass,High,None,Good
4787,7.1,56,2,77,7,Pass,High,English,Good
4788,7.3,69,3,87,6,Pass,High,None,Good
4789,4.5,85,9,92,6,Pass,High,None,Excellent
4790,3.3,49,7,87,8,Pass,High,English,Good
4791,1.7,48,3,32,8,Fail,Low,"Math,English,Physics",Poor
4792,7.7,88,5,36,8,Pass,High,Math,Excellent
4793,1.4,92,3,81,9,Pass,Medium,Physics,Good
4794,3.1,85,10,91,6,Pass,High,None,Excellent
4795,3.1,75,4,31,7,Fail,Low,Math,Good
4796,3.2,47,8,62,7,Pass,Medium,English,Average
4797,2.2,97,3,41,6,Fail,Low,"Math,Physics",Good
4798,6.5,47,3,77,8,Pass,High,English,Good
4799,1.9,70,8,82,5,Pass,Medium,Physics,Average
4800,5.4,94,10,70,8,Pass,High,None,Excellent
4801,1.9,61,10,87,6,Pass,Medium,"English,Physics",Average
4802,1.5,54,7,52,9,Pass,Medium,"English,Physics",Average
4803,7.4,46,7,65,8,Pass,High,English,Good
4804,2.3,68,10,50,7,Pass,Medium,Physics,Average
4805,6.7,55,2,84,9,Pass,High,English,Good
4806,4.8,68,7,85,6,Pass,High,None,Good
4807,1.5,79,10,42,5,Pass,Medium,"Math,Physics",Good
4808,7.7,67,10,51,8,Pass,High,None,Good
4809,2.7,76,3,36,9,Fail,Low,"Math,Physics",Good
4810,7,67,7,53,9,Pass,High,None,Good
4811,2.2,78,4,90,7,Pass,Medium,Physics,Good
4812,7,85,8,34,8,Pass,High,Math,Excellent
4813,1.1,63,8,79,5,Pass,Medium,"English,Physics",Average
4814,4.6,46,6,91,9,Pass,High,English,Good
4815,6.4,95,3,84,7,Pass,High,None,Excellent
4816,7.5,46,6,55,8,Pass,High,English,Good
4817,7.4,59,6,39,8,Pass,High,"Math,English",Good
4818,6.7,100,3,40,5,Pass,High,Math,Excellent
4819,7.2,65,4,69,7,Pass,High,None,Good
4820,2.4,79,2,40,5,Fail,Low,"Math,Physics",Good
4821,3,49,1,33,9,Fail,Low,"Math,English",Poor
4822,3,87,2,31,6,Fail,Low,Math,Good
4823,3.6,71,7,68,6,Pass,Medium,None,Average
4824,3.8,68,10,52,5,Pass,Medium,None,Average
4825,4.8,51,5,74,5,Pass,Medium,English,Average
4826,2.1,50,9,71,6,Pass,Medium,"English,Physics",Average
4827,5.8,90,3,71,9,Pass,High,None,Excellent
4828,2.2,77,2,58,5,Fail,Low,Physics,Good
4829,3.2,93,4,45,9,Pass,Medium,Math,Good
4830,4.5,61,2,89,9,Pass,High,English,Good
4831,6.6,90,7,33,7,Pass,High,Math,Excellent
4832,6.2,86,10,45,9,Pass,High,Math,Excellent
4833,5.5,74,6,70,8,Pass,High,None,Good
4834,2.1,52,8,35,6,Fail,Low,"Math,English,Physics",Poor
4835,4.8,84,5,71,6,Pass,High,None,Excellent
4836,1.6,90,2,86,5,Pass,Medium,Physics,Good
4837,3.6,51,4,57,5,Pass,Medium,English,Average
4838,3.9,50,1,52,7,Fail,Low,English,Poor
4839,1.3,48,2,71,7,Fail,Low,"English,Physics",Poor
4840,2.9,45,4,41,8,Fail,Low,"Math,English,Physics",Poor
4841,7.7,59,6,93,5,Pass,High,English,Good
4842,7.7,75,4,87,6,Pass,High,None,Good
4843,3.5,69,4,80,8,Pass,Medium,None,Average
4844,1.3,91,10,58,5,Pass,Medium,Physics,Good
4845,2.3,77,10,48,8,Pass,Medium,"Math,Physics",Good
4846,3.7,96,2,74,9,Pass,High,None,Excellent
4847,7.6,79,9,83,9,Pass,High,None,Good
4848,2,99,10,95,8,Pass,High,Physics,Excellent
4849,6.3,49,8,42,5,Pass,Medium,"Math,English",Average
4850,1.8,49,8,94,9,Pass,Medium,"English,Physics",Average
4851,7.9,80,5,41,9,Pass,High,Math,Excellent
4852,3.7,61,3,43,8,Pass,Medium,"Math,English",Average
4853,6.4,97,6,71,9,Pass,High,None,Excellent
4854,3.4,96,9,77,6,Pass,High,None,Excellent
4855,5.4,58,8,53,9,Pass,High,English,Good
4856,2.3,73,7,94,8,Pass,High,Physics,Good
4857,2,52,8,46,9,Pass,Medium,"Math,English,Physics",Average
4858,7.6,78,4,67,9,Pass,High,None,Good
4859,7.4,84,6,57,7,Pass,High,None,Excellent
4860,7.2,45,5,62,8,Pass,High,English,Good
4861,5.4,73,2,53,8,Pass,Medium,None,Average
4862,6.7,80,8,33,7,Pass,High,Math,Excellent
4863,1.5,95,3,62,7,Pass,Medium,Physics,Good
4864,3.3,81,5,39,6,Pass,Medium,Math,Good
4865,3.2,73,8,65,9,Pass,High,None,Good
4866,5.4,49,9,60,5,Pass,High,English,Good
4867,3.5,97,9,33,5,Pass,Medium,Math,Good
4868,2,76,5,37,7,Fail,Low,"Math,Physics",Good
4869,5.2,96,2,56,8,Pass,High,None,Excellent
4870,6.7,68,7,65,8,Pass,High,None,Good
4871,3.7,63,7,38,6,Pass,Medium,"Math,English",Average
4872,1.9,56,8,72,5,Pass,Medium,"English,Physics",Average
4873,2.4,96,8,53,8,Pass,Medium,Physics,Good
4874,2.7,45,5,66,6,Pass,Medium,"English,Physics",Average
4875,3.1,51,1,70,6,Fail,Low,English,Poor
4876,5.5,61,4,55,7,Pass,Medium,English,Average
4877,5.2,78,4,33,5,Pass,Medium,Math,Good
4878,5.9,87,3,30,6,Pass,Medium,Math,Good
4879,3.5,51,8,49,6,Pass,Medium,"Math,English",Average
4880,6.8,61,3,74,6,Pass,High,English,Good
4881,2.4,47,5,81,5,Pass,Medium,"English,Physics",Average
4882,4.3,73,2,93,7,Pass,High,None,Good
4883,6.6,66,6,50,9,Pass,High,None,Good
4884,2.3,82,6,54,8,Pass,Medium,Physics,Good
4885,1.8,98,8,55,5,Pass,Medium,Physics,Good
4886,7.2,87,8,56,5,Pass,High,None,Excellent
4887,3.4,73,1,81,5,Pass,Medium,None,Average
4888,5.8,94,5,92,9,Pass,High,None,Excellent
4889,1.2,94,2,74,8,Pass,Medium,Physics,Good
4890,5.8,98,10,87,8,Pass,High,None,Excellent
4891,3.2,86,5,67,6,Pass,Medium,None,Good
4892,1.4,49,10,64,6,Pass,Medium,"English,Physics",Average
4893,5.3,74,9,75,7,Pass,High,None,Good
4894,2.7,67,4,32,5,Fail,Low,"Math,Physics",Poor
4895,3.7,99,8,35,7,Pass,Medium,Math,Good
4896,1.6,65,1,42,5,Fail,Low,"Math,Physics",Poor
4897,2,100,8,75,8,Pass,High,Physics,Excellent
4898,3.1,70,6,62,7,Pass,Medium,None,Average
4899,1.6,98,8,91,8,Pass,High,Physics,Excellent
4900,7.4,91,6,92,6,Pass,High,None,Excellent
4901,1,65,3,85,8,Pass,Medium,Physics,Average
4902,4.4,64,8,68,9,Pass,High,English,Good
4903,1.9,67,5,89,7,Pass,Medium,Physics,Average
4904,3.2,48,10,53,5,Pass,Medium,English,Average
4905,7.5,65,5,79,8,Pass,High,None,Good
4906,2.1,65,7,62,7,Pass,Medium,Physics,Average
4907,7.8,45,6,36,5,Pass,Medium,"Math,English",Average
4908,2.4,59,9,75,7,Pass,Medium,"English,Physics",Average
4909,6.2,61,7,91,7,Pass,High,English,Good
4910,4.8,95,3,30,9,Pass,Medium,Math,Good
4911,7.2,58,5,94,8,Pass,High,English,Good
4912,4.9,63,9,74,9,Pass,High,English,Good
4913,4.7,94,10,84,6,Pass,High,None,Excellent
4914,2.4,78,2,95,7,Pass,Medium,Physics,Good
4915,2.2,50,1,83,8,Pass,Medium,"English,Physics",Average
4916,7.4,89,8,92,6,Pass,High,None,Excellent
4917,3.3,93,8,83,6,Pass,High,None,Excellent
4918,3.6,50,2,81,9,Pass,Medium,English,Average
4919,6.3,97,8,83,6,Pass,High,None,Excellent
4920,3.4,98,5,66,5,Pass,Medium,None,Good
4921,7.7,49,2,41,5,Pass,Medium,"Math,English",Average
4922,6.2,51,7,88,5,Pass,High,English,Good
4923,5.2,77,7,49,6,Pass,High,Math,Good
4924,7.2,57,3,61,7,Pass,High,English,Good
4925,1.3,95,1,73,8,Pass,Medium,Physics,Good
4926,2.8,98,4,95,5,Pass,High,Physics,Excellent
4927,4.3,45,2,84,5,Pass,Medium,English,Average
4928,2.6,57,4,45,5,Fail,Low,"Math,English,Physics",Poor
4929,6.2,87,8,81,9,Pass,High,None,Excellent
4930,7.4,71,2,66,9,Pass,High,None,Good
4931,4,51,1,75,5,Pass,Medium,English,Average
4932,3.4,96,3,70,5,Pass,Medium,None,Good
4933,7.7,47,10,34,9,Pass,High,"Math,English",Good
4934,4.1,69,7,95,8,Pass,High,None,Good
4935,4.4,77,6,34,7,Pass,Medium,Math,Good
4936,3.5,84,6,92,8,Pass,High,None,Excellent
4937,7.4,61,7,32,7,Pass,High,"Math,English",Good
4938,5,89,8,37,6,Pass,High,Math,Excellent
4939,6.3,58,3,55,6,Pass,Medium,English,Average
4940,6.7,81,3,82,8,Pass,High,None,Excellent
4941,3.4,100,10,58,9,Pass,High,None,Excellent
4942,4,98,8,43,5,Pass,Medium,Math,Good
4943,6.9,67,7,34,6,Pass,High,Math,Good
4944,3.5,68,10,56,9,Pass,High,None,Good
4945,6.6,73,5,58,9,Pass,High,None,Good
4946,7.6,82,4,32,7,Pass,High,Math,Excellent
4947,5.4,98,6,59,6,Pass,High,None,Excellent
4948,6.2,71,9,38,8,Pass,High,Math,Good
4949,6.6,82,6,30,9,Pass,High,Math,Excellent
4950,6.9,97,8,52,8,Pass,High,None,Excellent
4951,3.8,84,1,61,8,Pass,Medium,None,Good
4952,1.4,89,6,35,6,Fail,Low,"Math,Physics",Good
4953,3.8,94,2,78,8,Pass,High,None,Excellent
4954,5.7,67,3,44,8,Pass,Medium,Math,Average
4955,4.2,75,6,87,5,Pass,High,None,Good
4956,6.2,80,2,82,8,Pass,High,None,Excellent
4957,3.5,61,4,59,5,Pass,Medium,English,Average
4958,5.4,81,6,69,6,Pass,High,None,Excellent
4959,2.3,47,5,88,8,Pass,Medium,"English,Physics",Average
4960,6.2,80,6,92,9,Pass,High,None,Excellent
4961,4.8,99,6,77,8,Pass,High,None,Excellent
4962,2.4,49,8,36,5,Fail,Low,"Math,English,Physics",Poor
4963,3,90,9,76,9,Pass,High,None,Excellent
4964,6.2,59,5,72,6,Pass,High,English,Good
4965,4.4,96,6,45,7,Pass,Medium,Math,Good
4966,2.5,93,6,51,7,Pass,Medium,Physics,Good
4967,7.8,50,6,92,5,Pass,High,English,Good
4968,6,54,2,75,6,Pass,Medium,English,Average
4969,7.7,98,4,74,6,Pass,High,None,Excellent
4970,4,76,1,70,8,Pass,Medium,None,Good
4971,4.3,67,1,54,7,Pass,Medium,None,Average
4972,7.3,92,1,79,8,Pass,High,None,Excellent
4973,4.7,61,7,81,6,Pass,High,English,Good
4974,6,90,1,60,5,Pass,Medium,None,Good
4975,2.8,64,6,66,5,Pass,Medium,"English,Physics",Average
4976,4.1,88,2,51,9,Pass,Medium,None,Good
4977,1.9,85,6,56,5,Pass,Medium,Physics,Good
4978,2.4,59,6,31,7,Fail,Low,"Math,English,Physics",Poor
4979,1,88,3,51,9,Fail,Low,Physics,Good
4980,1.3,90,8,82,7,Pass,Medium,Physics,Good
4981,7.8,66,4,46,8,Pass,High,Math,Good
4982,2.7,94,7,85,8,Pass,High,Physics,Excellent
4983,5.6,96,4,60,5,Pass,High,None,Excellent
4984,6.9,50,1,72,9,Pass,High,English,Good
4985,4.9,48,6,82,7,Pass,High,English,Good
4986,2.1,67,5,34,7,Fail,Low,"Math,Physics",Poor
4987,6.1,88,9,31,6,Pass,High,Math,Excellent
4988,5.2,89,9,88,5,Pass,High,None,Excellent
4989,6.1,63,8,33,8,Pass,High,"Math,English",Good
4990,6.4,98,7,63,6,Pass,High,None,Excellent
4991,7.8,89,2,35,8,Pass,High,Math,Excellent
4992,5,75,8,87,8,Pass,High,None,Good
4993,3.4,88,3,76,7,Pass,Medium,None,Good
4994,5.5,96,6,34,8,Pass,High,Math,Excellent
4995,1.5,47,10,90,9,Pass,Medium,"English,Physics",Average
4996,7.3,72,7,85,8,Pass,High,None,Good
4997,1.8,47,6,64,9,Pass,Medium,"English,Physics",Average
4998,3.3,58,5,42,8,Pass,Medium,"Math,English",Average
4999,6.7,62,4,55,6,Pass,High,English,Good
5000,5.2,71,2,93,7,Pass,High,None,Good
5001,3.8,95,9,40,6,Pass,Medium,Math,Good
5002,4.3,54,7,91,7,Pass,High,English,Good
5003,7,93,7,76,6,Pass,High,None,Excellent
5004,3.4,59,4,87,5,Pass,Medium,English,Average
5005,7.1,63,5,39,8,Pass,High,"Math,English",Good
5006,1.6,53,6,45,8,Fail,Low,"Math,English,Physics",Poor
5007,6.4,48,2,41,5,Pass,Medium,"Math,English",Average
5008,6.9,59,4,79,5,Pass,High,English,Good
5009,2.3,95,4,44,9,Pass,Medium,"Math,Physics",Good
5010,4,92,4,88,6,Pass,High,None,Excellent
5011,2.2,52,7,91,8,Pass,Medium,"English,Physics",Average
5012,5.9,93,7,91,9,Pass,High,None,Excellent
5013,4.7,97,7,79,8,Pass,High,None,Excellent
5014,5.4,45,7,83,5,Pass,High,English,Good
5015,2.4,51,2,83,9,Pass,Medium,"English,Physics",Average
5016,2.5,97,5,57,9,Pass,Medium,Physics,Good
5017,1.3,75,10,80,9,Pass,High,Physics,Good
5018,3.3,62,2,62,6,Pass,Medium,English,Average
5019,4.9,56,5,30,9,Pass,Medium,"Math,English",Average
5020,7,92,6,30,8,Pass,High,Math,Excellent
5021,5.7,74,3,84,6,Pass,High,None,Good
5022,4,77,6,74,8,Pass,High,None,Good
5023,7.7,91,5,69,9,Pass,High,None,Excellent
5024,6,51,4,90,9,Pass,High,English,Good
5025,7.5,72,10,65,8,Pass,High,None,Good
5026,4.7,93,9,53,7,Pass,High,None,Excellent
5027,2.8,47,8,43,9,Pass,Medium,"Math,English,Physics",Average
5028,1.4,87,7,30,9,Pass,Medium,"Math,Physics",Good
5029,6.1,50,1,76,6,Pass,Medium,English,Average
5030,1.8,75,9,50,8,Pass,Medium,Physics,Good
5031,3.1,82,9,68,9,Pass,High,None,Excellent
5032,4.7,59,6,32,8,Pass,Medium,"Math,English",Average
5033,5,51,7,45,6,Pass,Medium,"Math,English",Average
5034,5.2,87,3,55,8,Pass,High,None,Excellent
5035,2.2,74,5,83,8,Pass,Medium,Physics,Average
5036,3.7,71,7,42,6,Pass,Medium,Math,Average
5037,5.3,61,1,90,9,Pass,High,English,Good
5038,7.8,99,1,49,8,Pass,High,Math,Excellent
5039,6.1,62,5,56,7,Pass,High,English,Good
5040,7.5,66,9,31,9,Pass,High,Math,Good
5041,6.3,100,7,39,6,Pass,High,Math,Excellent
5042,5.1,97,1,89,5,Pass,High,None,Excellent
5043,2.3,70,5,48,7,Pass,Medium,"Math,Physics",Average
5044,5.7,95,8,44,9,Pass,High,Math,Excellent
5045,5.4,71,8,76,6,Pass,High,None,Good
5046,5.2,84,2,53,7,Pass,Medium,None,Good
5047,4.4,68,7,45,9,Pass,Medium,Math,Average
5048,4.7,96,10,89,5,Pass,High,None,Excellent
5049,3.3,52,5,78,9,Pass,Medium,English,Average
5050,4.6,65,9,33,5,Pass,Medium,Math,Average
5051,2.4,73,3,95,5,Pass,Medium,Physics,Average
5052,6.6,87,1,78,8,Pass,High,None,Excellent
5053,2.3,65,4,60,6,Pass,Medium,Physics,Average
5054,1.6,47,7,95,8,Pass,Medium,"English,Physics",Average
5055,4.1,75,1,83,5,Pass,Medium,None,Good
5056,5.6,99,2,31,6,Pass,Medium,Math,Good
5057,4.1,71,5,90,6,Pass,High,None,Good
5058,2.9,90,9,44,6,Pass,Medium,"Math,Physics",Good
5059,4.9,71,1,89,7,Pass,High,None,Good
5060,3.4,53,4,72,9,Pass,Medium,English,Average
5061,7.5,77,3,69,5,Pass,High,None,Good
5062,7.5,77,5,59,6,Pass,High,None,Good
5063,4.5,70,5,92,7,Pass,High,None,Good
5064,3.3,72,10,53,7,Pass,Medium,None,Average
5065,6.2,88,2,73,5,Pass,High,None,Excellent
5066,1.3,87,5,43,8,Pass,Medium,"Math,Physics",Good
5067,4.3,75,9,57,7,Pass,High,None,Good
5068,3.4,97,5,43,5,Pass,Medium,Math,Good
5069,7.4,45,10,85,7,Pass,High,English,Good
5070,1.1,64,2,63,5,Fail,Low,"English,Physics",Poor
5071,4.9,56,7,41,6,Pass,Medium,"Math,English",Average
5072,6.2,61,6,85,8,Pass,High,English,Good
5073,4.4,59,7,90,7,Pass,High,English,Good
5074,1.6,78,8,90,7,Pass,High,Physics,Good
5075,7.8,94,10,69,7,Pass,High,None,Excellent
5076,4.6,60,5,49,9,Pass,Medium,"Math,English",Average
5077,5.3,48,2,71,9,Pass,Medium,English,Average
5078,2.7,52,7,36,6,Fail,Low,"Math,English,Physics",Poor
5079,4.4,78,7,60,7,Pass,High,None,Good
5080,4,90,8,76,8,Pass,High,None,Excellent
5081,1.5,69,7,80,9,Pass,Medium,Physics,Average
5082,1.7,59,10,87,5,Pass,Medium,"English,Physics",Average
5083,6.9,72,7,51,5,Pass,High,None,Good
5084,2.7,53,9,53,5,Pass,Medium,"English,Physics",Average
5085,2.4,46,8,63,6,Pass,Medium,"English,Physics",Average
5086,4.5,61,2,92,7,Pass,Medium,English,Average
5087,6.4,54,2,89,7,Pass,High,English,Good
5088,1.4,53,7,48,9,Fail,Low,"Math,English,Physics",Poor
5089,5,75,10,53,5,Pass,High,None,Good
5090,1.8,46,10,93,6,Pass,Medium,"English,Physics",Average
5091,1.3,68,3,49,8,Fail,Low,"Math,Physics",Poor
5092,1.4,63,1,56,7,Fail,Low,"English,Physics",Poor
5093,6.8,61,9,87,7,Pass,High,English,Good
5094,1.8,87,3,73,6,Pass,Medium,Physics,Good
5095,1.3,93,1,94,9,Pass,Medium,Physics,Good
5096,4.1,54,6,75,6,Pass,Medium,English,Average
5097,6.9,94,4,83,9,Pass,High,None,Excellent
5098,2.8,99,1,68,7,Pass,Medium,Physics,Good
5099,4,72,4,36,9,Pass,Medium,Math,Average
5100,1.3,82,8,83,9,Pass,High,Physics,Excellent
5101,4.1,92,7,72,9,Pass,High,None,Excellent
5102,5,72,1,49,9,Pass,Medium,Math,Average
5103,5,94,10,54,5,Pass,High,None,Excellent
5104,3.3,96,9,72,5,Pass,High,None,Excellent
5105,3.2,94,6,56,5,Pass,Medium,None,Good
5106,1.7,45,2,54,5,Fail,Low,"English,Physics",Poor
5107,3.6,47,3,65,6,Pass,Medium,English,Average
5108,1.7,59,7,95,8,Pass,Medium,"English,Physics",Average
5109,6.4,96,3,38,9,Pass,High,Math,Excellent
5110,7.8,54,3,82,6,Pass,High,English,Good
5111,7.8,65,5,50,5,Pass,High,None,Good
5112,7.1,81,3,79,9,Pass,High,None,Excellent
5113,5.2,59,3,45,8,Pass,Medium,"Math,English",Average
5114,5.9,67,5,95,9,Pass,High,None,Good
5115,3,58,5,55,7,Pass,Medium,English,Average
5116,5.4,59,9,73,7,Pass,High,English,Good
5117,4.2,54,1,58,6,Pass,Medium,English,Average
5118,4.4,100,1,75,8,Pass,High,None,Excellent
5119,6.3,53,9,78,6,Pass,High,English,Good
5120,3,88,5,44,9,Pass,Medium,Math,Good
5121,3.2,83,4,46,8,Pass,Medium,Math,Good
5122,7.5,49,2,38,6,Pass,Medium,"Math,English",Average
5123,1.4,69,9,61,9,Pass,Medium,Physics,Average
5124,4.4,100,6,95,5,Pass,High,None,Excellent
5125,7.4,86,9,88,9,Pass,High,None,Excellent
5126,5.3,70,5,61,6,Pass,Medium,None,Average
5127,4.8,52,4,72,8,Pass,Medium,English,Average
5128,2.7,66,7,88,8,Pass,High,Physics,Good
5129,3.4,96,5,59,5,Pass,Medium,None,Good
5130,7,69,8,40,6,Pass,High,Math,Good
5131,4.9,92,8,55,5,Pass,High,None,Excellent
5132,4.6,56,2,31,7,Fail,Low,"Math,English",Poor
5133,1.7,53,5,63,9,Pass,Medium,"English,Physics",Average
5134,1.1,54,10,70,7,Pass,Medium,"English,Physics",Average
5135,7.7,92,8,60,7,Pass,High,None,Excellent
5136,3.6,54,3,92,5,Pass,Medium,English,Average
5137,5.2,53,7,84,5,Pass,High,English,Good
5138,1.6,70,3,90,9,Pass,Medium,Physics,Average
5139,5.8,79,6,65,5,Pass,High,None,Good
5140,7.5,71,2,69,5,Pass,High,None,Good
5141,5,75,6,52,5,Pass,Medium,None,Good
5142,1.9,63,6,55,5,Fail,Low,"English,Physics",Poor
5143,5.1,87,8,47,5,Pass,High,Math,Excellent
5144,6.4,82,5,63,7,Pass,High,None,Excellent
5145,3.8,50,1,57,7,Fail,Low,English,Poor
5146,7.2,59,8,78,9,Pass,High,English,Good
5147,5.5,73,9,93,8,Pass,High,None,Good
5148,7.3,91,1,92,9,Pass,High,None,Excellent
5149,5.4,89,5,91,6,Pass,High,None,Excellent
5150,1.9,98,6,71,9,Pass,Medium,Physics,Good
5151,3.2,49,4,53,9,Pass,Medium,English,Average
5152,2.4,58,2,64,5,Fail,Low,"English,Physics",Poor
5153,7.4,97,5,84,5,Pass,High,None,Excellent
5154,6.3,46,4,78,5,Pass,High,English,Good
5155,5.7,67,7,88,8,Pass,High,None,Good
5156,3.1,88,6,51,5,Pass,Medium,None,Good
5157,2.3,96,3,90,6,Pass,Medium,Physics,Good
5158,6.3,90,9,59,7,Pass,High,None,Excellent
5159,4.3,63,4,89,6,Pass,High,English,Good
5160,2.6,68,5,35,8,Fail,Low,"Math,Physics",Poor
5161,5.3,64,3,40,5,Pass,Medium,"Math,English",Average
5162,1.3,91,8,53,9,Pass,Medium,Physics,Good
5163,3.3,71,7,80,7,Pass,High,None,Good
5164,4.3,96,7,48,8,Pass,High,Math,Excellent
5165,2,68,8,79,6,Pass,Medium,Physics,Average
5166,7.9,61,7,32,5,Pass,High,"Math,English",Good
5167,2.5,69,3,32,8,Fail,Low,"Math,Physics",Poor
5168,1.9,90,3,60,8,Pass,Medium,Physics,Good
5169,2.4,99,2,76,9,Pass,Medium,Physics,Good
5170,6.4,75,1,37,9,Pass,Medium,Math,Good
5171,4,72,5,46,9,Pass,Medium,Math,Average
5172,5,94,4,74,6,Pass,High,None,Excellent
5173,1.1,72,2,89,9,Pass,Medium,Physics,Average
5174,1.2,66,1,50,8,Fail,Low,Physics,Poor
5175,4.1,100,3,50,8,Pass,Medium,None,Good
5176,6.7,49,6,87,8,Pass,High,English,Good
5177,7.2,98,2,84,7,Pass,High,None,Excellent
5178,1.6,88,10,57,7,Pass,Medium,Physics,Good
5179,4.8,86,7,75,6,Pass,High,None,Excellent
5180,7.4,52,7,73,9,Pass,High,English,Good
5181,3.7,82,3,54,8,Pass,Medium,None,Good
5182,6.8,72,1,78,9,Pass,High,None,Good
5183,1.9,91,9,75,8,Pass,High,Physics,Excellent
5184,7.5,56,5,92,7,Pass,High,English,Good
5185,6.3,69,2,41,8,Pass,Medium,Math,Average
5186,7.6,82,8,86,6,Pass,High,None,Excellent
5187,5.7,88,10,93,5,Pass,High,None,Excellent
5188,3.5,59,10,60,8,Pass,High,English,Good
5189,7.6,88,4,33,6,Pass,High,Math,Excellent
5190,2.9,85,10,83,7,Pass,High,Physics,Excellent
5191,3.3,95,7,94,7,Pass,High,None,Excellent
5192,5.9,97,5,35,5,Pass,Medium,Math,Good
5193,6.4,78,3,94,9,Pass,High,None,Good
5194,7.5,89,10,51,9,Pass,High,None,Excellent
5195,2.4,57,8,46,8,Pass,Medium,"Math,English,Physics",Average
5196,6.6,52,2,88,7,Pass,High,English,Good
5197,6.2,57,1,58,6,Pass,Medium,English,Average
5198,1.4,80,5,46,5,Fail,Low,"Math,Physics",Good
5199,3.7,50,4,31,9,Fail,Low,"Math,English",Poor
5200,3,82,10,61,8,Pass,High,None,Excellent
5201,3.1,76,7,51,8,Pass,Medium,None,Good
5202,7.9,65,9,87,7,Pass,High,None,Good
5203,5.5,88,6,82,6,Pass,High,None,Excellent
5204,6,88,1,76,6,Pass,High,None,Excellent
5205,7.8,93,8,33,9,Pass,High,Math,Excellent
5206,3.6,51,2,67,8,Pass,Medium,English,Average
5207,6.6,70,4,42,7,Pass,Medium,Math,Average
5208,4,59,3,90,6,Pass,Medium,English,Average
5209,7.1,100,6,93,8,Pass,High,None,Excellent
5210,2.3,93,2,62,6,Pass,Medium,Physics,Good
5211,7.6,86,5,67,5,Pass,High,None,Excellent
5212,2.5,67,9,58,6,Pass,Medium,Physics,Average
5213,3.3,96,3,90,6,Pass,High,None,Excellent
5214,6.3,82,2,61,8,Pass,High,None,Excellent
5215,3.8,85,2,40,6,Pass,Medium,Math,Good
5216,5.3,59,9,47,6,Pass,Medium,"Math,English",Average
5217,4.1,92,6,74,5,Pass,High,None,Excellent
5218,6.2,97,2,50,6,Pass,High,None,Excellent
5219,2.6,84,3,41,6,Fail,Low,"Math,Physics",Good
5220,1.4,60,1,49,8,Fail,Low,"Math,English,Physics",Poor
5221,3.1,76,2,36,7,Fail,Low,Math,Good
5222,4.3,81,2,31,5,Fail,Low,Math,Good
5223,2.2,62,2,72,6,Fail,Low,"English,Physics",Poor
5224,3.5,64,7,50,7,Pass,Medium,English,Average
5225,3.8,90,3,58,8,Pass,Medium,None,Good
5226,1.4,46,4,61,5,Fail,Low,"English,Physics",Poor
5227,5.1,99,2,74,8,Pass,High,None,Excellent
5228,7.2,67,5,88,7,Pass,High,None,Good
5229,2.1,74,9,32,5,Pass,Medium,"Math,Physics",Average
5230,5.2,47,9,68,6,Pass,High,English,Good
5231,5.7,90,7,80,7,Pass,High,None,Excellent
5232,3.9,83,8,37,8,Pass,Medium,Math,Good
5233,5.9,91,5,75,5,Pass,High,None,Excellent
5234,3.9,93,5,95,7,Pass,High,None,Excellent
5235,4.5,45,3,35,7,Fail,Low,"Math,English",Poor
5236,1.1,85,6,87,8,Pass,Medium,Physics,Good
5237,5.8,66,1,70,8,Pass,Medium,None,Average
5238,5.6,73,3,83,6,Pass,High,None,Good
5239,1.3,58,2,70,6,Fail,Low,"English,Physics",Poor
5240,3.6,92,7,77,7,Pass,High,None,Excellent
5241,7.9,72,9,56,8,Pass,High,None,Good
5242,3.9,65,4,76,7,Pass,Medium,None,Average
5243,4.5,89,7,52,9,Pass,High,None,Excellent
5244,7.4,76,8,43,8,Pass,High,Math,Good
5245,6,50,10,90,9,Pass,High,English,Good
5246,5.1,98,2,54,9,Pass,High,None,Excellent
5247,6.6,45,7,94,8,Pass,High,English,Good
5248,7.1,65,3,53,6,Pass,High,None,Good
5249,4.2,48,8,82,7,Pass,High,English,Good
5250,4.3,47,6,79,5,Pass,Medium,English,Average
5251,3.7,93,3,30,5,Pass,Medium,Math,Good
5252,7.8,74,8,68,8,Pass,High,None,Good
5253,5.9,75,3,73,6,Pass,High,None,Good
5254,1.6,78,9,34,6,Pass,Medium,"Math,Physics",Good
5255,7,63,3,94,6,Pass,High,English,Good
5256,4.4,64,1,44,5,Fail,Low,"Math,English",Poor
5257,1.5,67,2,79,9,Pass,Medium,Physics,Average
5258,4.8,98,4,35,5,Pass,Medium,Math,Good
5259,3.9,84,2,95,6,Pass,High,None,Excellent
5260,7.1,69,4,68,5,Pass,High,None,Good
5261,2.4,59,4,58,5,Fail,Low,"English,Physics",Poor
5262,6.8,82,4,75,7,Pass,High,None,Excellent
5263,4.9,67,1,60,8,Pass,Medium,None,Average
5264,1.4,96,9,53,9,Pass,Medium,Physics,Good
5265,7.8,46,10,44,7,Pass,High,"Math,English",Good
5266,4.6,59,7,49,8,Pass,Medium,"Math,English",Average
5267,3,96,2,33,6,Fail,Low,Math,Good
5268,4.3,88,3,87,7,Pass,High,None,Excellent
5269,7,79,8,90,8,Pass,High,None,Good
5270,3.1,54,7,39,7,Pass,Medium,"Math,English",Average
5271,2.3,58,4,70,5,Pass,Medium,"English,Physics",Average
5272,1.9,71,4,82,5,Pass,Medium,Physics,Average
5273,3.1,98,9,77,7,Pass,High,None,Excellent
5274,6.5,58,5,44,7,Pass,Medium,"Math,English",Average
5275,4.3,79,5,36,9,Pass,Medium,Math,Good
5276,2.6,77,7,72,6,Pass,Medium,Physics,Good
5277,2.2,96,1,33,5,Fail,Low,"Math,Physics",Good
5278,3.3,45,3,80,7,Pass,Medium,English,Average
5279,7.6,78,2,88,8,Pass,High,None,Good
5280,3.4,63,10,70,6,Pass,High,English,Good
5281,7.9,68,6,90,8,Pass,High,None,Good
5282,4.4,86,6,59,6,Pass,High,None,Excellent
5283,2.3,48,10,47,8,Pass,Medium,"Math,English,Physics",Average
5284,7.2,80,1,59,5,Pass,High,None,Excellent
5285,4.2,57,6,36,7,Pass,Medium,"Math,English",Average
5286,6,76,10,81,7,Pass,High,None,Good
5287,7.9,53,2,77,9,Pass,High,English,Good
5288,1.4,83,4,52,7,Fail,Low,Physics,Good
5289,1.7,60,6,66,5,Pass,Medium,"English,Physics",Average
5290,6,94,3,82,6,Pass,High,None,Excellent
5291,3,47,3,74,6,Pass,Medium,English,Average
5292,2.3,96,3,78,7,Pass,Medium,Physics,Good
5293,1.3,64,4,78,8,Pass,Medium,"English,Physics",Average
5294,1.2,54,9,76,7,Pass,Medium,"English,Physics",Average
5295,6.4,100,4,54,6,Pass,High,None,Excellent
5296,1.9,66,4,56,9,Pass,Medium,Physics,Average
5297,4.3,92,4,41,6,Pass,Medium,Math,Good
5298,5.2,47,7,52,8,Pass,Medium,English,Average
5299,4,55,5,46,8,Pass,Medium,"Math,English",Average
5300,1.2,69,2,73,9,Pass,Medium,Physics,Average
5301,6.5,86,7,53,8,Pass,High,None,Excellent
5302,1.1,92,3,89,7,Pass,Medium,Physics,Good
5303,6.3,52,1,82,7,Pass,High,English,Good
5304,7.3,53,9,45,6,Pass,High,"Math,English",Good
5305,4,59,5,54,5,Pass,Medium,English,Average
5306,4.7,76,10,95,7,Pass,High,None,Good
5307,4.3,97,1,79,7,Pass,High,None,Excellent
5308,3.7,47,1,69,9,Pass,Medium,English,Average
5309,7.2,48,1,35,7,Pass,Medium,"Math,English",Average
5310,7.3,74,9,93,6,Pass,High,None,Good
5311,3.4,57,8,57,9,Pass,Medium,English,Average
5312,5.3,88,6,38,7,Pass,Medium,Math,Good
5313,7.5,65,10,35,6,Pass,High,Math,Good
5314,7.7,85,6,46,9,Pass,High,Math,Excellent
5315,4.6,90,6,69,5,Pass,High,None,Excellent
5316,4.2,63,4,74,6,Pass,Medium,English,Average
5317,3,83,5,72,7,Pass,Medium,None,Good
5318,7.7,92,10,75,9,Pass,High,None,Excellent
5319,2,66,3,92,5,Pass,Medium,Physics,Average
5320,5.1,64,3,30,6,Pass,Medium,"Math,English",Average
5321,3,81,10,88,5,Pass,High,None,Excellent
5322,3,75,7,92,6,Pass,High,None,Good
5323,3.8,54,5,47,7,Pass,Medium,"Math,English",Average
5324,8,62,8,94,6,Pass,High,English,Good
5325,1.4,87,5,49,7,Pass,Medium,"Math,Physics",Good
5326,5,83,4,85,6,Pass,High,None,Excellent
5327,1.6,90,3,83,9,Pass,Medium,Physics,Good
5328,2.1,64,2,77,6,Pass,Medium,"English,Physics",Average
5329,4.1,62,3,83,6,Pass,Medium,English,Average
5330,4.6,55,7,45,8,Pass,Medium,"Math,English",Average
5331,2.8,66,8,49,8,Pass,Medium,"Math,Physics",Average
5332,3.2,88,5,76,6,Pass,Medium,None,Good
5333,1.6,62,1,36,8,Fail,Low,"Math,English,Physics",Poor
5334,3.1,78,3,52,7,Pass,Medium,None,Good
5335,7.8,67,4,62,8,Pass,High,None,Good
5336,7.6,45,10,69,6,Pass,High,English,Good
5337,3.3,99,4,34,5,Pass,Medium,Math,Good
5338,5,54,1,74,5,Pass,Medium,English,Average
5339,7.4,97,10,70,6,Pass,High,None,Excellent
5340,1,45,9,37,6,Fail,Low,"Math,English,Physics",Poor
5341,6.7,82,10,79,5,Pass,High,None,Excellent
5342,7.6,83,4,60,9,Pass,High,None,Excellent
5343,1.6,93,2,33,8,Fail,Low,"Math,Physics",Good
5344,2.1,53,9,95,9,Pass,High,"English,Physics",Good
5345,7.7,75,4,85,7,Pass,High,None,Good
5346,4.8,51,4,34,5,Fail,Low,"Math,English",Poor
5347,1.1,61,6,83,5,Pass,Medium,"English,Physics",Average
5348,2.8,79,8,30,9,Pass,Medium,"Math,Physics",Good
5349,4.1,92,5,90,7,Pass,High,None,Excellent
5350,5.9,81,8,36,9,Pass,High,Math,Excellent
5351,6.1,96,1,59,7,Pass,High,None,Excellent
5352,8,62,4,44,6,Pass,High,"Math,English",Good
5353,3,77,1,33,6,Fail,Low,Math,Good
5354,4.8,48,3,92,5,Pass,Medium,English,Average
5355,4.7,67,7,67,6,Pass,High,None,Good
5356,3.8,55,1,76,9,Pass,Medium,English,Average
5357,2.2,96,5,89,7,Pass,High,Physics,Excellent
5358,7.8,53,1,31,5,Pass,Medium,"Math,English",Average
5359,7,74,6,37,6,Pass,High,Math,Good
5360,4.5,52,9,80,5,Pass,High,English,Good
5361,5.2,84,3,48,5,Pass,Medium,Math,Good
5362,2.6,49,6,60,7,Pass,Medium,"English,Physics",Average
5363,4.8,56,4,51,9,Pass,Medium,English,Average
5364,5.9,45,6,62,9,Pass,High,English,Good
5365,4.6,59,2,66,8,Pass,Medium,English,Average
5366,7.9,69,4,41,9,Pass,High,Math,Good
5367,5.3,62,7,93,6,Pass,High,English,Good
5368,3.6,82,6,54,8,Pass,Medium,None,Good
5369,6.4,86,9,83,8,Pass,High,None,Excellent
5370,2.2,90,7,58,8,Pass,Medium,Physics,Good
5371,3.7,97,1,42,8,Pass,Medium,Math,Good
5372,3.4,70,6,55,9,Pass,Medium,None,Average
5373,4,84,3,51,8,Pass,Medium,None,Good
5374,6.5,47,8,39,6,Pass,Medium,"Math,English",Average
5375,4.4,98,1,77,6,Pass,Medium,None,Good
5376,6.6,66,10,71,5,Pass,High,None,Good
5377,5,70,2,88,6,Pass,High,None,Good
5378,3.4,63,3,82,5,Pass,Medium,English,Average
5379,6.7,88,3,69,6,Pass,High,None,Excellent
5380,2.7,88,7,91,8,Pass,High,Physics,Excellent
5381,2.6,91,8,35,7,Pass,Medium,"Math,Physics",Good
5382,4.5,83,9,33,8,Pass,Medium,Math,Good
5383,2.8,80,7,84,9,Pass,High,Physics,Excellent
5384,1.1,65,8,32,5,Fail,Low,"Math,Physics",Poor
5385,5.5,85,6,36,7,Pass,Medium,Math,Good
5386,4.6,98,2,41,6,Pass,Medium,Math,Good
5387,4.1,92,1,46,8,Pass,Medium,Math,Good
5388,7.8,70,3,65,5,Pass,High,None,Good
5389,5,57,9,46,5,Pass,Medium,"Math,English",Average
5390,7,80,7,30,6,Pass,High,Math,Excellent
5391,2,68,2,78,5,Pass,Medium,Physics,Average
5392,5,85,1,80,6,Pass,High,None,Excellent
5393,7.1,70,2,72,6,Pass,High,None,Good
5394,5.1,65,3,60,8,Pass,Medium,None,Average
5395,6,62,6,53,5,Pass,Medium,English,Average
5396,3.6,59,9,66,9,Pass,High,English,Good
5397,1.6,59,8,94,9,Pass,High,"English,Physics",Good
5398,4.2,50,10,92,8,Pass,High,English,Good
5399,3.8,87,9,85,8,Pass,High,None,Excellent
5400,7.1,75,8,47,6,Pass,High,Math,Good
5401,2.7,72,7,94,9,Pass,High,Physics,Good
5402,7.8,52,6,58,5,Pass,High,English,Good
5403,7.7,73,8,33,9,Pass,High,Math,Good
5404,2.7,65,6,41,8,Pass,Medium,"Math,Physics",Average
5405,3.4,61,2,85,8,Pass,Medium,English,Average
5406,7.3,100,9,77,6,Pass,High,None,Excellent
5407,7.8,93,9,48,5,Pass,High,Math,Excellent
5408,4.1,68,3,55,8,Pass,Medium,None,Average
5409,3.2,94,9,67,5,Pass,High,None,Excellent
5410,4.7,80,2,54,9,Pass,Medium,None,Good
5411,5.8,75,3,85,6,Pass,High,None,Good
5412,2.9,91,6,57,9,Pass,Medium,Physics,Good
5413,6.2,78,4,90,8,Pass,High,None,Good
5414,1.4,46,8,80,8,Pass,Medium,"English,Physics",Average
5415,1.3,86,1,41,5,Fail,Low,"Math,Physics",Good
5416,3.7,47,6,37,8,Pass,Medium,"Math,English",Average
5417,3.5,74,2,87,5,Pass,Medium,None,Average
5418,3.2,52,6,52,7,Pass,Medium,English,Average
5419,4.4,96,1,66,8,Pass,Medium,None,Good
5420,3.2,51,2,40,9,Fail,Low,"Math,English",Poor
5421,2.3,56,9,46,9,Pass,Medium,"Math,English,Physics",Average
5422,3.2,63,6,85,5,Pass,Medium,English,Average
5423,7.8,70,8,82,7,Pass,High,None,Good
5424,3.9,72,7,31,8,Pass,Medium,Math,Average
5425,4.1,59,9,58,6,Pass,Medium,English,Average
5426,5,58,9,86,6,Pass,High,English,Good
5427,7.9,92,4,63,9,Pass,High,None,Excellent
5428,2.7,58,7,31,8,Fail,Low,"Math,English,Physics",Poor
5429,5.8,47,5,60,6,Pass,Medium,English,Average
5430,6,94,7,73,5,Pass,High,None,Excellent
5431,5.3,73,4,85,8,Pass,High,None,Good
5432,1.6,98,10,83,9,Pass,High,Physics,Excellent
5433,5.7,50,1,82,7,Pass,Medium,English,Average
5434,1.4,93,4,75,5,Pass,Medium,Physics,Good
5435,5.2,67,10,83,5,Pass,High,None,Good
5436,6.2,72,3,60,8,Pass,High,None,Good
5437,2.5,58,9,53,7,Pass,Medium,"English,Physics",Average
5438,6.9,58,5,54,5,Pass,High,English,Good
5439,1.2,64,4,64,7,Fail,Low,"English,Physics",Poor
5440,6.9,57,8,86,9,Pass,High,English,Good
5441,4.2,71,5,57,5,Pass,Medium,None,Average
5442,2.5,79,3,62,6,Pass,Medium,Physics,Good
5443,1.9,89,2,82,9,Pass,Medium,Physics,Good
5444,7.7,100,8,45,9,Pass,High,Math,Excellent
5445,1.5,46,2,55,5,Fail,Low,"English,Physics",Poor
5446,2.4,85,8,41,6,Pass,Medium,"Math,Physics",Good
5447,3.4,89,5,60,7,Pass,Medium,None,Good
5448,5.3,84,8,56,6,Pass,High,None,Excellent
5449,4.8,92,5,65,9,Pass,High,None,Excellent
5450,1.9,68,1,88,5,Pass,Medium,Physics,Average
5451,3,73,2,32,6,Fail,Low,Math,Poor
5452,2.7,47,6,61,6,Pass,Medium,"English,Physics",Average
5453,2.5,89,3,44,9,Pass,Medium,"Math,Physics",Good
5454,3.9,48,8,95,7,Pass,High,English,Good
5455,5.9,94,5,92,6,Pass,High,None,Excellent
5456,2.5,46,3,30,6,Fail,Low,"Math,English,Physics",Poor
5457,3.6,64,10,34,8,Pass,Medium,"Math,English",Average
5458,3.7,98,7,35,9,Pass,Medium,Math,Good
5459,7.8,97,8,34,8,Pass,High,Math,Excellent
5460,7.7,59,4,57,9,Pass,High,English,Good
5461,6.6,93,9,73,9,Pass,High,None,Excellent
5462,2.7,76,6,45,8,Pass,Medium,"Math,Physics",Good
5463,1.5,86,1,51,7,Fail,Low,Physics,Good
5464,3.2,45,5,52,7,Pass,Medium,English,Average
5465,2.9,82,5,72,9,Pass,Medium,Physics,Good
5466,4.5,79,7,72,8,Pass,High,None,Good
5467,6.4,95,7,55,6,Pass,High,None,Excellent
5468,7,51,6,70,9,Pass,High,English,Good
5469,6.9,89,8,60,9,Pass,High,None,Excellent
5470,3.5,57,2,46,5,Fail,Low,"Math,English",Poor
5471,5.8,93,7,38,7,Pass,High,Math,Excellent
5472,3.2,45,10,84,8,Pass,High,English,Good
5473,1.4,58,7,35,6,Fail,Low,"Math,English,Physics",Poor
5474,5.9,73,4,93,6,Pass,High,None,Good
5475,1.1,47,10,33,9,Fail,Low,"Math,English,Physics",Poor
5476,3.9,90,2,85,6,Pass,Medium,None,Good
5477,3.3,68,4,47,6,Pass,Medium,Math,Average
5478,5.9,45,4,61,9,Pass,Medium,English,Average
5479,6.4,92,6,77,7,Pass,High,None,Excellent
5480,3.1,54,7,58,5,Pass,Medium,English,Average
5481,6.7,57,3,61,7,Pass,High,English,Good
5482,3.1,80,10,54,7,Pass,Medium,None,Good
5483,4.1,53,1,92,5,Pass,Medium,English,Average
5484,6.1,58,3,38,9,Pass,Medium,"Math,English",Average
5485,5.9,80,9,43,7,Pass,High,Math,Excellent
5486,7.9,54,1,49,8,Pass,Medium,"Math,English",Average
5487,2.6,84,8,39,8,Pass,Medium,"Math,Physics",Good
5488,5.6,67,2,40,5,Pass,Medium,Math,Average
5489,5.3,79,6,68,8,Pass,High,None,Good
5490,7.4,99,3,48,9,Pass,High,Math,Excellent
5491,2.1,51,7,48,6,Fail,Low,"Math,English,Physics",Poor
5492,6.3,86,2,72,9,Pass,High,None,Excellent
5493,5,79,4,90,5,Pass,High,None,Good
5494,2.9,46,10,94,6,Pass,High,"English,Physics",Good
5495,4.3,59,9,52,8,Pass,Medium,English,Average
5496,3.3,53,6,89,7,Pass,Medium,English,Average
5497,5.1,91,4,39,8,Pass,Medium,Math,Good
5498,7.2,61,2,92,9,Pass,High,English,Good
5499,5,83,10,31,9,Pass,High,Math,Excellent
5500,5.4,96,9,65,5,Pass,High,None,Excellent
5501,4.6,62,4,86,7,Pass,High,English,Good
5502,1.4,59,9,95,7,Pass,Medium,"English,Physics",Average
5503,2.6,62,2,49,6,Fail,Low,"Math,English,Physics",Poor
5504,4.4,68,7,71,6,Pass,High,None,Good
5505,3.2,67,5,50,9,Pass,Medium,None,Average
5506,2.3,56,8,95,5,Pass,Medium,"English,Physics",Average
5507,4.5,67,8,67,9,Pass,High,None,Good
5508,3.3,65,4,53,7,Pass,Medium,None,Average
5509,2.8,70,4,55,7,Pass,Medium,Physics,Average
5510,4.2,52,8,31,9,Pass,Medium,"Math,English",Average
5511,1.9,74,3,75,7,Pass,Medium,Physics,Average
5512,7.5,78,7,63,6,Pass,High,None,Good
5513,7.1,46,8,91,7,Pass,High,English,Good
5514,6,49,8,70,6,Pass,High,English,Good
5515,1.7,75,10,44,8,Pass,Medium,"Math,Physics",Good
5516,6.4,77,4,84,5,Pass,High,None,Good
5517,6.7,98,9,32,5,Pass,High,Math,Excellent
5518,6.4,48,10,67,7,Pass,High,English,Good
5519,1.8,50,4,80,5,Pass,Medium,"English,Physics",Average
5520,5.5,67,8,46,8,Pass,High,Math,Good
5521,6.8,89,6,78,7,Pass,High,None,Excellent
5522,5,63,5,50,6,Pass,Medium,English,Average
5523,5.5,87,4,53,8,Pass,High,None,Excellent
5524,4.2,89,5,69,8,Pass,High,None,Excellent
5525,4.7,52,1,49,5,Fail,Low,"Math,English",Poor
5526,1.2,83,7,64,6,Pass,Medium,Physics,Good
5527,5.5,57,8,77,9,Pass,High,English,Good
5528,1.6,45,9,62,8,Pass,Medium,"English,Physics",Average
5529,4,50,3,85,5,Pass,Medium,English,Average
5530,3,51,9,70,8,Pass,Medium,English,Average
5531,4.8,92,10,83,6,Pass,High,None,Excellent
5532,1.9,71,5,73,6,Pass,Medium,Physics,Average
5533,5.8,59,10,40,7,Pass,High,"Math,English",Good
5534,6.6,96,6,43,9,Pass,High,Math,Excellent
5535,2.1,78,1,71,9,Pass,Medium,Physics,Good
5536,1.7,67,9,41,5,Pass,Medium,"Math,Physics",Average
5537,2,92,9,46,9,Pass,Medium,"Math,Physics",Good
5538,7.1,93,6,54,6,Pass,High,None,Excellent
5539,4.7,68,8,55,9,Pass,High,None,Good
5540,4.3,59,4,76,5,Pass,Medium,English,Average
5541,1.7,79,5,54,8,Pass,Medium,Physics,Good
5542,5.5,48,5,89,9,Pass,High,English,Good
5543,7.1,88,7,89,9,Pass,High,None,Excellent
5544,6.8,81,7,56,6,Pass,High,None,Excellent
5545,5.4,61,7,72,6,Pass,High,English,Good
5546,1.5,75,5,49,8,Pass,Medium,"Math,Physics",Good
5547,1.8,82,4,92,7,Pass,Medium,Physics,Good
5548,1.3,54,8,54,9,Pass,Medium,"English,Physics",Average
5549,2.8,98,1,56,6,Pass,Medium,Physics,Good
5550,1.9,94,1,81,7,Pass,Medium,Physics,Good
5551,2.8,71,6,39,9,Pass,Medium,"Math,Physics",Average
5552,3.7,86,2,79,9,Pass,High,None,Excellent
5553,7.6,50,3,59,7,Pass,High,English,Good
5554,5.3,100,4,30,6,Pass,Medium,Math,Good
5555,6.8,50,2,83,8,Pass,High,English,Good
5556,6,96,10,33,9,Pass,High,Math,Excellent
5557,1.8,59,7,36,5,Fail,Low,"Math,English,Physics",Poor
5558,6.2,48,10,59,5,Pass,High,English,Good
5559,2.9,92,1,94,5,Pass,Medium,Physics,Good
5560,5.5,98,3,58,8,Pass,High,None,Excellent
5561,3.4,100,2,54,9,Pass,Medium,None,Good
5562,8,84,9,69,6,Pass,High,None,Excellent
5563,2.8,51,8,55,6,Pass,Medium,"English,Physics",Average
5564,3,95,3,46,8,Pass,Medium,Math,Good
5565,7.5,93,5,60,9,Pass,High,None,Excellent
5566,1.2,97,3,90,7,Pass,Medium,Physics,Good
5567,5.9,89,6,37,7,Pass,High,Math,Excellent
5568,6.1,91,5,30,9,Pass,High,Math,Excellent
5569,6.9,70,2,75,9,Pass,High,None,Good
5570,7.8,75,10,49,6,Pass,High,Math,Good
5571,7.8,46,8,69,8,Pass,High,English,Good
5572,1.5,72,6,31,8,Fail,Low,"Math,Physics",Poor
5573,6.8,86,3,90,6,Pass,High,None,Excellent
5574,5.5,57,1,59,5,Pass,Medium,English,Average
5575,5.5,62,5,59,7,Pass,Medium,English,Average
5576,1.9,74,2,74,9,Pass,Medium,Physics,Average
5577,5.6,99,2,53,7,Pass,High,None,Excellent
5578,7.9,55,9,85,7,Pass,High,English,Good
5579,7.4,57,10,90,8,Pass,High,English,Good
5580,4.1,95,7,42,6,Pass,Medium,Math,Good
5581,1.3,68,6,85,5,Pass,Medium,Physics,Average
5582,3.5,73,1,44,5,Fail,Low,Math,Poor
5583,6.8,100,10,40,6,Pass,High,Math,Excellent
5584,5.9,98,2,41,7,Pass,Medium,Math,Good
5585,4.2,49,7,32,6,Pass,Medium,"Math,English",Average
5586,1.4,79,3,53,6,Fail,Low,Physics,Good
5587,4,63,2,38,9,Pass,Medium,"Math,English",Average
5588,4.3,99,6,75,9,Pass,High,None,Excellent
5589,7.5,57,8,89,7,Pass,High,English,Good
5590,5.5,49,8,40,8,Pass,Medium,"Math,English",Average
5591,3.2,88,2,39,5,Fail,Low,Math,Good
5592,4.7,58,6,32,9,Pass,Medium,"Math,English",Average
5593,1.5,82,5,48,7,Pass,Medium,"Math,Physics",Good
5594,7.8,66,7,31,6,Pass,High,Math,Good
5595,3.5,53,4,46,9,Pass,Medium,"Math,English",Average
5596,4.3,93,2,31,6,Pass,Medium,Math,Good
5597,3.5,84,10,82,6,Pass,High,None,Excellent
5598,5.8,70,3,45,9,Pass,Medium,Math,Average
5599,5.6,89,9,39,7,Pass,High,Math,Excellent
5600,6,49,10,72,5,Pass,High,English,Good
5601,2.9,73,8,87,7,Pass,High,Physics,Good
5602,3.2,98,9,89,8,Pass,High,None,Excellent
5603,1.9,66,5,53,8,Pass,Medium,Physics,Average
5604,5.6,93,5,45,5,Pass,Medium,Math,Good
5605,1.3,47,7,38,8,Fail,Low,"Math,English,Physics",Poor
5606,5.2,72,7,35,6,Pass,Medium,Math,Average
5607,7.1,82,1,94,8,Pass,High,None,Excellent
5608,7.2,58,5,53,9,Pass,High,English,Good
5609,4.1,91,8,39,6,Pass,Medium,Math,Good
5610,4.2,58,7,56,7,Pass,Medium,English,Average
5611,1.5,87,2,32,5,Fail,Low,"Math,Physics",Good
5612,5.7,55,8,67,9,Pass,High,English,Good
5613,6.7,53,2,46,9,Pass,Medium,"Math,English",Average
5614,2.7,82,10,77,5,Pass,High,Physics,Excellent
5615,3.9,91,1,78,8,Pass,Medium,None,Good
5616,6.9,88,3,72,5,Pass,High,None,Excellent
5617,7.1,50,3,36,5,Pass,Medium,"Math,English",Average
5618,2.7,45,6,50,8,Pass,Medium,"English,Physics",Average
5619,4.9,69,3,54,7,Pass,Medium,None,Average
5620,2.3,60,7,90,5,Pass,Medium,"English,Physics",Average
5621,1.7,96,8,57,8,Pass,Medium,Physics,Good
5622,7.4,59,3,81,9,Pass,High,English,Good
5623,6.7,78,9,42,5,Pass,High,Math,Good
5624,6.3,61,1,63,5,Pass,Medium,English,Average
5625,1.3,47,3,33,7,Fail,Low,"Math,English,Physics",Poor
5626,6.9,47,3,73,7,Pass,High,English,Good
5627,4.1,81,7,44,9,Pass,Medium,Math,Good
5628,3.4,61,5,37,7,Pass,Medium,"Math,English",Average
5629,4.8,99,4,34,9,Pass,Medium,Math,Good
5630,1.6,93,2,95,5,Pass,Medium,Physics,Good
5631,6.3,96,7,75,8,Pass,High,None,Excellent
5632,5.1,82,3,94,7,Pass,High,None,Excellent
5633,2.3,45,7,95,9,Pass,Medium,"English,Physics",Average
5634,2.3,51,10,55,7,Pass,Medium,"English,Physics",Average
5635,2.3,70,7,60,7,Pass,Medium,Physics,Average
5636,1.4,91,2,80,6,Pass,Medium,Physics,Good
5637,5.1,83,7,70,5,Pass,High,None,Excellent
5638,6.9,63,6,80,7,Pass,High,English,Good
5639,1.1,96,10,48,8,Pass,Medium,"Math,Physics",Good
5640,1.3,98,4,32,6,Fail,Low,"Math,Physics",Good
5641,5,74,5,67,9,Pass,High,None,Good
5642,6.7,87,8,74,9,Pass,High,None,Excellent
5643,3.3,99,5,70,8,Pass,High,None,Excellent
5644,3.4,58,3,54,8,Pass,Medium,English,Average
5645,5.2,57,2,79,5,Pass,Medium,English,Average
5646,2.9,64,6,30,8,Pass,Medium,"Math,English,Physics",Average
5647,1.2,70,6,83,9,Pass,Medium,Physics,Average
5648,6.1,71,7,42,5,Pass,Medium,Math,Average
5649,5.4,69,8,69,8,Pass,High,None,Good
5650,5.1,53,4,50,8,Pass,Medium,English,Average
5651,6.2,85,8,70,9,Pass,High,None,Excellent
5652,5.7,92,1,90,5,Pass,High,None,Excellent
5653,2.4,56,6,62,6,Pass,Medium,"English,Physics",Average
5654,3.5,54,6,58,6,Pass,Medium,English,Average
5655,1.9,50,3,84,5,Fail,Low,"English,Physics",Poor
5656,1.9,94,9,61,8,Pass,Medium,Physics,Good
5657,5.7,78,5,40,8,Pass,Medium,Math,Good
5658,7,96,1,81,5,Pass,High,None,Excellent
5659,7.7,85,7,65,6,Pass,High,None,Excellent
5660,5.4,63,10,60,7,Pass,High,English,Good
5661,2.3,50,3,43,9,Fail,Low,"Math,English,Physics",Poor
5662,1.7,46,10,92,5,Pass,Medium,"English,Physics",Average
5663,6.7,59,10,81,7,Pass,High,English,Good
5664,5.1,61,4,83,9,Pass,High,English,Good
5665,5.3,60,6,79,7,Pass,High,English,Good
5666,6.5,72,8,83,7,Pass,High,None,Good
5667,5.9,65,4,64,9,Pass,High,None,Good
5668,6.8,52,9,59,7,Pass,High,English,Good
5669,1.4,54,8,84,6,Pass,Medium,"English,Physics",Average
5670,6.2,54,10,30,5,Pass,Medium,"Math,English",Average
5671,7,94,10,44,6,Pass,High,Math,Excellent
5672,3,54,6,54,6,Pass,Medium,English,Average
5673,5.5,53,7,49,9,Pass,High,"Math,English",Good
5674,3.2,72,8,45,9,Pass,Medium,Math,Average
5675,7.7,68,2,81,9,Pass,High,None,Good
5676,1.2,63,5,94,7,Pass,Medium,"English,Physics",Average
5677,5.1,77,7,30,7,Pass,Medium,Math,Good
5678,2.2,48,8,45,5,Fail,Low,"Math,English,Physics",Poor
5679,6,100,5,56,7,Pass,High,None,Excellent
5680,2.2,47,3,47,5,Fail,Low,"Math,English,Physics",Poor
5681,2.6,86,6,73,6,Pass,Medium,Physics,Good
5682,4.5,56,5,79,5,Pass,Medium,English,Average
5683,7.4,62,8,43,5,Pass,High,"Math,English",Good
5684,2.5,67,9,81,9,Pass,High,Physics,Good
5685,2,64,9,79,7,Pass,Medium,"English,Physics",Average
5686,6.3,50,6,46,8,Pass,Medium,"Math,English",Average
5687,4.5,97,4,32,8,Pass,Medium,Math,Good
5688,7.4,78,4,91,9,Pass,High,None,Good
5689,2,86,9,50,6,Pass,Medium,Physics,Good
5690,5.5,46,4,62,6,Pass,Medium,English,Average
5691,2.6,74,8,30,6,Pass,Medium,"Math,Physics",Average
5692,2.1,53,9,85,5,Pass,Medium,"English,Physics",Average
5693,5.8,71,5,33,7,Pass,Medium,Math,Average
5694,5.2,86,6,51,6,Pass,High,None,Excellent
5695,6.3,78,3,87,8,Pass,High,None,Good
5696,3.2,84,5,73,5,Pass,Medium,None,Good
5697,4.1,68,5,86,6,Pass,High,None,Good
5698,3.8,93,2,69,6,Pass,Medium,None,Good
5699,7.9,61,10,85,7,Pass,High,English,Good
5700,3,73,6,92,7,Pass,High,None,Good
5701,3.1,80,9,68,5,Pass,Medium,None,Good
5702,3.5,94,7,36,8,Pass,Medium,Math,Good
5703,5,56,8,43,9,Pass,Medium,"Math,English",Average
5704,2.8,75,2,47,8,Pass,Medium,"Math,Physics",Good
5705,7.4,93,9,84,7,Pass,High,None,Excellent
5706,2.9,53,3,85,7,Pass,Medium,"English,Physics",Average
5707,7.3,63,10,86,9,Pass,High,English,Good
5708,1.7,90,5,87,8,Pass,Medium,Physics,Good
5709,5.6,90,7,54,8,Pass,High,None,Excellent
5710,7.3,61,4,32,9,Pass,Medium,"Math,English",Average
5711,2.2,46,7,50,7,Fail,Low,"English,Physics",Poor
5712,7.8,84,8,61,5,Pass,High,None,Excellent
5713,4.2,49,10,31,8,Pass,Medium,"Math,English",Average
5714,7.6,83,10,49,6,Pass,High,Math,Excellent
5715,5.7,98,4,47,8,Pass,High,Math,Excellent
5716,3.1,92,5,83,8,Pass,High,None,Excellent
5717,2.3,60,3,65,8,Pass,Medium,"English,Physics",Average
5718,3.1,61,5,90,7,Pass,Medium,English,Average
5719,1.7,98,8,89,6,Pass,High,Physics,Excellent
5720,2,71,3,65,8,Pass,Medium,Physics,Average
5721,1.7,51,5,73,5,Fail,Low,"English,Physics",Poor
5722,4,96,10,95,6,Pass,High,None,Excellent
5723,6.6,52,1,73,9,Pass,High,English,Good
5724,2,52,2,58,5,Fail,Low,"English,Physics",Poor
5725,1.9,67,3,77,9,Pass,Medium,Physics,Average
5726,5.5,76,1,65,8,Pass,Medium,None,Good
5727,2.4,87,9,37,7,Pass,Medium,"Math,Physics",Good
5728,1.7,91,9,34,8,Pass,Medium,"Math,Physics",Good
5729,2.2,62,5,76,8,Pass,Medium,"English,Physics",Average
5730,7.5,82,4,72,9,Pass,High,None,Excellent
5731,6.8,98,5,39,8,Pass,High,Math,Excellent
5732,3.5,56,4,39,5,Fail,Low,"Math,English",Poor
5733,5.6,59,5,35,7,Pass,Medium,"Math,English",Average
5734,4.8,72,7,45,9,Pass,High,Math,Good
5735,5.7,99,8,89,6,Pass,High,None,Excellent
5736,5.8,82,2,55,8,Pass,Medium,None,Good
5737,5.4,94,4,50,9,Pass,High,None,Excellent
5738,2.9,100,8,87,8,Pass,High,Physics,Excellent
5739,1.3,75,7,70,8,Pass,Medium,Physics,Good
5740,4.2,96,9,59,9,Pass,High,None,Excellent
5741,7.2,53,5,34,5,Pass,Medium,"Math,English",Average
5742,5,52,6,39,6,Pass,Medium,"Math,English",Average
5743,6.8,90,8,40,8,Pass,High,Math,Excellent
5744,7.9,63,5,92,5,Pass,High,English,Good
5745,2.1,95,9,36,8,Pass,Medium,"Math,Physics",Good
5746,5.8,52,4,88,8,Pass,High,English,Good
5747,5.7,78,8,41,5,Pass,High,Math,Good
5748,7.9,48,3,93,8,Pass,High,English,Good
5749,7.9,75,5,70,6,Pass,High,None,Good
5750,5.8,82,8,89,9,Pass,High,None,Excellent
5751,2.7,47,10,57,5,Pass,Medium,"English,Physics",Average
5752,6.6,79,7,92,7,Pass,High,None,Good
5753,1.7,63,1,32,8,Fail,Low,"Math,English,Physics",Poor
5754,6.5,87,4,61,9,Pass,High,None,Excellent
5755,7.4,73,2,50,6,Pass,High,None,Good
5756,3.7,54,2,84,6,Pass,Medium,English,Average
5757,5.4,56,7,47,7,Pass,Medium,"Math,English",Average
5758,4,90,3,82,6,Pass,High,None,Excellent
5759,4.1,74,3,90,9,Pass,High,None,Good
5760,3.2,74,6,79,7,Pass,Medium,None,Average
5761,6.3,62,6,37,5,Pass,Medium,"Math,English",Average
5762,7.6,68,1,41,7,Pass,Medium,Math,Average
5763,7.6,76,1,80,5,Pass,High,None,Good
5764,2.2,53,6,95,6,Pass,Medium,"English,Physics",Average
5765,7.1,91,7,70,9,Pass,High,None,Excellent
5766,6.2,68,9,51,8,Pass,High,None,Good
5767,2.8,70,4,38,7,Fail,Low,"Math,Physics",Poor
5768,1.5,47,10,40,6,Fail,Low,"Math,English,Physics",Poor
5769,2.9,67,6,42,9,Pass,Medium,"Math,Physics",Average
5770,7.4,55,3,85,8,Pass,High,English,Good
5771,5.4,54,4,57,7,Pass,Medium,English,Average
5772,6,94,9,93,9,Pass,High,None,Excellent
5773,2.8,80,1,93,6,Pass,Medium,Physics,Good
5774,6,57,5,84,7,Pass,High,English,Good
5775,1.2,73,7,66,7,Pass,Medium,Physics,Average
5776,3.6,82,3,62,5,Pass,Medium,None,Good
5777,5.4,97,2,54,5,Pass,Medium,None,Good
5778,2,57,2,52,7,Fail,Low,"English,Physics",Poor
5779,6.8,70,1,89,9,Pass,High,None,Good
5780,2.6,64,5,85,6,Pass,Medium,"English,Physics",Average
5781,5.6,49,3,92,8,Pass,High,English,Good
5782,3.8,64,7,37,5,Pass,Medium,"Math,English",Average
5783,5.2,58,1,46,6,Pass,Medium,"Math,English",Average
5784,1.8,89,9,86,7,Pass,High,Physics,Excellent
5785,1.1,58,2,91,6,Fail,Low,"English,Physics",Poor
5786,7.4,52,8,40,6,Pass,High,"Math,English",Good
5787,2.9,92,10,69,6,Pass,High,Physics,Excellent
5788,6.7,57,4,69,7,Pass,High,English,Good
5789,8,68,6,85,5,Pass,High,None,Good
5790,2.5,59,9,82,8,Pass,High,"English,Physics",Good
5791,2.9,95,7,57,9,Pass,High,Physics,Excellent
5792,5.6,45,8,71,5,Pass,High,English,Good
5793,7.8,66,7,75,8,Pass,High,None,Good
5794,7.4,78,2,47,7,Pass,High,Math,Good
5795,4.5,94,9,52,8,Pass,High,None,Excellent
5796,6.6,95,1,55,7,Pass,High,None,Excellent
5797,2,84,2,58,8,Pass,Medium,Physics,Good
5798,7.8,47,3,81,5,Pass,High,English,Good
5799,7.8,99,3,75,7,Pass,High,None,Excellent
5800,2.1,70,10,30,6,Pass,Medium,"Math,Physics",Average
5801,3.1,58,4,92,7,Pass,Medium,English,Average
5802,1.7,85,5,45,7,Pass,Medium,"Math,Physics",Good
5803,2.9,52,6,54,8,Pass,Medium,"English,Physics",Average
5804,6.7,93,1,91,7,Pass,High,None,Excellent
5805,3.6,99,8,45,8,Pass,High,Math,Excellent
5806,1.6,99,6,63,5,Pass,Medium,Physics,Good
5807,3.4,100,10,82,7,Pass,High,None,Excellent
5808,7.9,60,9,52,6,Pass,High,English,Good
5809,5.4,86,5,72,6,Pass,High,None,Excellent
5810,3.9,65,7,73,5,Pass,Medium,None,Average
5811,2.2,54,4,61,6,Fail,Low,"English,Physics",Poor
5812,7.9,69,6,52,8,Pass,High,None,Good
5813,6.7,100,6,49,7,Pass,High,Math,Excellent
5814,3,82,4,48,9,Pass,Medium,Math,Good
5815,1.5,66,6,58,7,Pass,Medium,Physics,Average
5816,1.4,93,8,47,7,Pass,Medium,"Math,Physics",Good
5817,1.8,92,5,41,9,Pass,Medium,"Math,Physics",Good
5818,5.1,91,2,39,6,Pass,Medium,Math,Good
5819,7.5,98,9,66,6,Pass,High,None,Excellent
5820,4.5,90,4,84,7,Pass,High,None,Excellent
5821,6.9,48,4,33,6,Pass,Medium,"Math,English",Average
5822,4.1,48,7,92,8,Pass,High,English,Good
5823,6,74,10,41,8,Pass,High,Math,Good
5824,6.1,46,10,47,9,Pass,High,"Math,English",Good
5825,2.2,73,6,37,7,Fail,Low,"Math,Physics",Poor
5826,3.5,87,4,61,8,Pass,Medium,None,Good
5827,5.5,80,6,78,5,Pass,High,None,Excellent
5828,1.5,65,3,92,6,Pass,Medium,Physics,Average
5829,3.5,65,7,88,7,Pass,High,None,Good
5830,4.7,92,6,68,8,Pass,High,None,Excellent
5831,8,65,3,79,9,Pass,High,None,Good
5832,4.3,48,1,55,8,Pass,Medium,English,Average
5833,6.7,45,10,52,5,Pass,High,English,Good
5834,4,70,5,92,8,Pass,High,None,Good
5835,6.6,100,10,95,7,Pass,High,None,Excellent
5836,5.2,95,2,68,9,Pass,High,None,Excellent
5837,7.2,46,7,95,9,Pass,High,English,Good
5838,3.9,53,7,75,5,Pass,Medium,English,Average
5839,5.2,99,4,44,7,Pass,Medium,Math,Good
5840,5.4,89,6,45,5,Pass,Medium,Math,Good
5841,3.9,62,1,45,5,Fail,Low,"Math,English",Poor
5842,2,92,2,68,5,Pass,Medium,Physics,Good
5843,1.7,92,6,40,8,Pass,Medium,"Math,Physics",Good
5844,1.1,86,2,65,6,Fail,Low,Physics,Good
5845,7.1,85,4,47,8,Pass,High,Math,Excellent
5846,2.7,55,4,52,7,Fail,Low,"English,Physics",Poor
5847,2.5,69,10,78,5,Pass,Medium,Physics,Average
5848,6.2,70,9,71,5,Pass,High,None,Good
5849,3.2,80,10,73,6,Pass,High,None,Excellent
5850,4.5,86,7,30,9,Pass,Medium,Math,Good
5851,2.1,79,7,36,5,Fail,Low,"Math,Physics",Good
5852,7.7,82,1,77,8,Pass,High,None,Excellent
5853,7,47,5,45,5,Pass,Medium,"Math,English",Average
5854,7,85,3,77,7,Pass,High,None,Excellent
5855,3.8,79,3,72,6,Pass,Medium,None,Good
5856,6.3,94,6,80,9,Pass,High,None,Excellent
5857,2,84,4,95,7,Pass,Medium,Physics,Good
5858,1.1,66,8,60,8,Pass,Medium,Physics,Average
5859,1.1,52,4,68,7,Fail,Low,"English,Physics",Poor
5860,5.1,59,8,38,5,Pass,Medium,"Math,English",Average
5861,4.2,89,4,70,6,Pass,Medium,None,Good
5862,4.6,51,3,92,5,Pass,Medium,English,Average
5863,1.1,63,5,43,6,Fail,Low,"Math,English,Physics",Poor
5864,4,84,5,87,8,Pass,High,None,Excellent
5865,6,86,10,93,7,Pass,High,None,Excellent
5866,4.1,61,10,57,6,Pass,Medium,English,Average
5867,6.1,45,1,33,7,Pass,Medium,"Math,English",Average
5868,2.6,89,8,63,6,Pass,Medium,Physics,Good
5869,6.7,73,8,33,5,Pass,High,Math,Good
5870,5.1,57,8,87,6,Pass,High,English,Good
5871,2.5,100,10,33,6,Pass,Medium,"Math,Physics",Good
5872,2.7,92,4,79,9,Pass,High,Physics,Excellent
5873,5.4,73,9,34,8,Pass,High,Math,Good
5874,6.8,85,10,74,5,Pass,High,None,Excellent
5875,3.9,86,3,64,5,Pass,Medium,None,Good
5876,2.8,50,7,56,7,Pass,Medium,"English,Physics",Average
5877,7.1,49,6,31,6,Pass,Medium,"Math,English",Average
5878,5.7,78,9,83,6,Pass,High,None,Good
5879,4.1,55,4,77,6,Pass,Medium,English,Average
5880,4.4,53,4,78,5,Pass,Medium,English,Average
5881,2.4,82,6,30,9,Pass,Medium,"Math,Physics",Good
5882,5.4,84,8,62,7,Pass,High,None,Excellent
5883,3.5,85,3,64,6,Pass,Medium,None,Good
5884,8,53,8,83,9,Pass,High,English,Good
5885,4.4,52,8,85,8,Pass,High,English,Good
5886,4.4,88,7,44,5,Pass,Medium,Math,Good
5887,5,84,7,33,8,Pass,Medium,Math,Good
5888,7.4,47,5,93,5,Pass,High,English,Good
5889,6.6,57,2,51,7,Pass,Medium,English,Average
5890,4.2,63,2,53,8,Pass,Medium,English,Average
5891,6,78,10,76,7,Pass,High,None,Good
5892,5.1,76,8,35,7,Pass,Medium,Math,Good
5893,4.4,93,6,56,7,Pass,High,None,Excellent
5894,2.3,60,8,39,8,Pass,Medium,"Math,English,Physics",Average
5895,4.2,80,3,68,8,Pass,Medium,None,Good
5896,2.7,62,1,66,8,Pass,Medium,"English,Physics",Average
5897,7.4,58,6,83,6,Pass,High,English,Good
5898,3.3,74,2,80,7,Pass,Medium,None,Average
5899,7.7,46,9,89,6,Pass,High,English,Good
5900,4.7,57,5,80,5,Pass,Medium,English,Average
5901,5.4,71,5,91,8,Pass,High,None,Good
5902,4.8,97,10,78,9,Pass,High,None,Excellent
5903,1.9,96,8,80,5,Pass,High,Physics,Excellent
5904,3.6,61,6,57,7,Pass,Medium,English,Average
5905,1.7,75,3,65,7,Pass,Medium,Physics,Good
5906,5.4,59,9,54,6,Pass,High,English,Good
5907,4.1,64,10,65,8,Pass,High,English,Good
5908,6.4,49,4,89,8,Pass,High,English,Good
5909,2.5,51,10,36,5,Pass,Medium,"Math,English,Physics",Average
5910,2.2,62,4,94,5,Pass,Medium,"English,Physics",Average
5911,3.8,100,2,65,5,Pass,Medium,None,Good
5912,7.5,55,3,59,9,Pass,High,English,Good
5913,6,76,4,76,9,Pass,High,None,Good
5914,3.9,94,7,58,7,Pass,High,None,Excellent
5915,4.6,71,3,34,7,Pass,Medium,Math,Average
5916,1.6,70,8,94,7,Pass,Medium,Physics,Average
5917,7.9,81,8,92,8,Pass,High,None,Excellent
5918,5.7,89,10,85,7,Pass,High,None,Excellent
5919,3,72,2,46,6,Fail,Low,Math,Poor
5920,5.1,94,4,80,5,Pass,High,None,Excellent
5921,1.8,46,8,66,8,Pass,Medium,"English,Physics",Average
5922,7.8,64,1,38,9,Pass,Medium,"Math,English",Average
5923,2.2,48,1,67,5,Fail,Low,"English,Physics",Poor
5924,5.5,57,4,82,7,Pass,High,English,Good
5925,2.7,68,2,42,9,Fail,Low,"Math,Physics",Poor
5926,6,92,1,82,9,Pass,High,None,Excellent
5927,6.4,82,8,78,9,Pass,High,None,Excellent
5928,5.7,84,2,64,5,Pass,Medium,None,Good
5929,5.3,92,4,45,8,Pass,High,Math,Excellent
5930,7.2,89,3,42,5,Pass,High,Math,Excellent
5931,1.6,99,2,40,6,Fail,Low,"Math,Physics",Good
5932,3.3,73,8,31,7,Pass,Medium,Math,Average
5933,2.7,80,3,48,8,Pass,Medium,"Math,Physics",Good
5934,7.9,46,9,74,8,Pass,High,English,Good
5935,3.7,85,10,75,7,Pass,High,None,Excellent
5936,6.1,62,5,76,6,Pass,High,English,Good
5937,5.8,93,9,78,9,Pass,High,None,Excellent
5938,2.5,52,3,71,7,Pass,Medium,"English,Physics",Average
5939,2.7,59,5,62,9,Pass,Medium,"English,Physics",Average
5940,3,85,10,70,7,Pass,High,None,Excellent
5941,3.9,61,6,48,5,Pass,Medium,"Math,English",Average
5942,2.6,67,9,68,6,Pass,Medium,Physics,Average
5943,1.1,46,8,36,6,Fail,Low,"Math,English,Physics",Poor
5944,7.2,50,2,68,7,Pass,High,English,Good
5945,7.8,73,2,63,6,Pass,High,None,Good
5946,3.4,71,5,73,9,Pass,Medium,None,Average
5947,3.4,81,5,92,6,Pass,High,None,Excellent
5948,1,93,5,77,6,Pass,Medium,Physics,Good
5949,5.8,78,4,32,6,Pass,Medium,Math,Good
5950,6.8,62,8,63,8,Pass,High,English,Good
5951,2,86,5,38,7,Pass,Medium,"Math,Physics",Good
5952,2.1,54,1,90,5,Pass,Medium,"English,Physics",Average
5953,6.5,82,10,49,5,Pass,High,Math,Excellent
5954,5.3,88,5,69,8,Pass,High,None,Excellent
5955,1.3,61,1,41,8,Fail,Low,"Math,English,Physics",Poor
5956,5.4,57,4,57,5,Pass,Medium,English,Average
5957,3.2,96,1,77,9,Pass,Medium,None,Good
5958,3.6,92,6,36,5,Pass,Medium,Math,Good
5959,6.4,86,6,43,5,Pass,High,Math,Excellent
5960,6.7,71,1,48,7,Pass,Medium,Math,Average
5961,3.8,97,8,83,5,Pass,High,None,Excellent
5962,7.6,46,4,89,5,Pass,High,English,Good
5963,3.8,78,2,63,6,Pass,Medium,None,Good
5964,6.4,75,1,70,8,Pass,High,None,Good
5965,4.4,67,3,60,5,Pass,Medium,None,Average
5966,7.3,51,7,68,5,Pass,High,English,Good
5967,7.4,82,10,81,9,Pass,High,None,Excellent
5968,1.6,77,10,76,5,Pass,Medium,Physics,Good
5969,7.6,56,8,49,7,Pass,High,"Math,English",Good
5970,6.8,89,5,81,9,Pass,High,None,Excellent
5971,6.5,56,7,91,5,Pass,High,English,Good
5972,2.4,63,2,34,7,Fail,Low,"Math,English,Physics",Poor
5973,6.6,53,4,86,8,Pass,High,English,Good
5974,7,54,6,33,5,Pass,Medium,"Math,English",Average
5975,3,61,5,40,8,Pass,Medium,"Math,English",Average
5976,7.7,94,6,48,5,Pass,High,Math,Excellent
5977,1.3,84,2,56,9,Fail,Low,Physics,Good
5978,2,83,7,58,9,Pass,Medium,Physics,Good
5979,4.8,85,8,47,7,Pass,High,Math,Excellent
5980,5,54,9,66,6,Pass,High,English,Good
5981,5.5,56,6,90,7,Pass,High,English,Good
5982,1.1,59,7,76,5,Pass,Medium,"English,Physics",Average
5983,7.7,75,1,49,8,Pass,High,Math,Good
5984,1.3,59,9,78,8,Pass,Medium,"English,Physics",Average
5985,2,72,6,44,5,Fail,Low,"Math,Physics",Poor
5986,1.1,48,4,47,6,Fail,Low,"Math,English,Physics",Poor
5987,5,80,10,67,6,Pass,High,None,Excellent
5988,7.5,99,9,51,6,Pass,High,None,Excellent
5989,5.7,45,1,89,5,Pass,Medium,English,Average
5990,6.8,88,2,95,9,Pass,High,None,Excellent
5991,1.1,78,3,55,9,Fail,Low,Physics,Good
5992,4.8,91,1,93,5,Pass,High,None,Excellent
5993,4.2,61,2,87,9,Pass,Medium,English,Average
5994,4.5,83,2,32,6,Pass,Medium,Math,Good
5995,1.5,82,7,59,9,Pass,Medium,Physics,Good
5996,5.8,88,10,48,5,Pass,High,Math,Excellent
5997,4.5,95,6,39,9,Pass,High,Math,Excellent
5998,6.4,77,9,75,9,Pass,High,None,Good
5999,4.4,65,5,48,9,Pass,Medium,Math,Average
6000,2,70,9,87,9,Pass,High,Physics,Good
6001,5.5,90,10,35,5,Pass,High,Math,Excellent
6002,2.2,80,9,80,7,Pass,High,Physics,Excellent
6003,7.1,49,2,43,9,Pass,Medium,"Math,English",Average
6004,5.3,77,9,87,7,Pass,High,None,Good
6005,2.1,45,3,37,5,Fail,Low,"Math,English,Physics",Poor
6006,7.7,97,3,31,8,Pass,High,Math,Excellent
6007,4.6,50,9,47,7,Pass,Medium,"Math,English",Average
6008,1.5,81,7,86,5,Pass,Medium,Physics,Good
6009,5.4,46,8,64,8,Pass,High,English,Good
6010,2.8,97,7,95,9,Pass,High,Physics,Excellent
6011,6.6,49,9,85,5,Pass,High,English,Good
6012,6.7,70,8,72,6,Pass,High,None,Good
6013,7.9,85,4,37,8,Pass,High,Math,Excellent
6014,4.5,95,2,34,6,Pass,Medium,Math,Good
6015,4.2,97,5,42,9,Pass,Medium,Math,Good
6016,6.3,91,2,36,9,Pass,Medium,Math,Good
6017,1.9,57,4,50,7,Fail,Low,"English,Physics",Poor
6018,4.8,56,2,66,9,Pass,Medium,English,Average
6019,4.8,49,5,74,7,Pass,Medium,English,Average
6020,1.6,46,6,81,8,Pass,Medium,"English,Physics",Average
6021,3.9,48,1,77,6,Pass,Medium,English,Average
6022,7,71,8,91,8,Pass,High,None,Good
6023,7,94,2,80,6,Pass,High,None,Excellent
6024,1.7,97,5,33,5,Fail,Low,"Math,Physics",Good
6025,1.6,54,8,85,8,Pass,Medium,"English,Physics",Average
6026,2.8,57,5,63,5,Pass,Medium,"English,Physics",Average
6027,7.1,88,3,74,6,Pass,High,None,Excellent
6028,1.9,46,6,45,7,Fail,Low,"Math,English,Physics",Poor
6029,6,70,1,38,8,Pass,Medium,Math,Average
6030,1.7,59,1,45,8,Fail,Low,"Math,English,Physics",Poor
6031,5.4,90,8,60,7,Pass,High,None,Excellent
6032,3.5,54,7,42,7,Pass,Medium,"Math,English",Average
6033,6.5,66,10,34,9,Pass,High,Math,Good
6034,2.6,84,10,76,9,Pass,High,Physics,Excellent
6035,5.5,69,3,68,6,Pass,Medium,None,Average
6036,2.6,59,8,47,8,Pass,Medium,"Math,English,Physics",Average
6037,6,57,8,49,7,Pass,High,"Math,English",Good
6038,7.1,52,1,31,7,Pass,Medium,"Math,English",Average
6039,1.9,65,10,69,5,Pass,Medium,Physics,Average
6040,7.1,65,7,59,9,Pass,High,None,Good
6041,5.2,66,2,39,5,Pass,Medium,Math,Average
6042,1.9,90,2,93,7,Pass,Medium,Physics,Good
6043,4,77,2,71,8,Pass,Medium,None,Good
6044,2.1,89,5,82,8,Pass,Medium,Physics,Good
6045,5.9,71,7,82,5,Pass,High,None,Good
6046,6.3,84,4,69,9,Pass,High,None,Excellent
6047,1.7,94,4,45,6,Fail,Low,"Math,Physics",Good
6048,4.5,66,9,77,8,Pass,High,None,Good
6049,6.7,74,10,90,6,Pass,High,None,Good
6050,7.6,53,9,67,9,Pass,High,English,Good
6051,4.6,89,7,73,5,Pass,High,None,Excellent
6052,7.7,79,10,44,9,Pass,High,Math,Good
6053,4.7,62,4,90,7,Pass,High,English,Good
6054,3.8,86,8,36,9,Pass,Medium,Math,Good
6055,6.9,49,10,59,5,Pass,High,English,Good
6056,4.5,71,3,65,5,Pass,Medium,None,Average
6057,4.3,50,3,40,9,Pass,Medium,"Math,English",Average
6058,4.4,76,7,58,5,Pass,Medium,None,Good
6059,6.9,52,9,35,7,Pass,High,"Math,English",Good
6060,6.8,100,4,80,6,Pass,High,None,Excellent
6061,3.8,83,4,67,9,Pass,Medium,None,Good
6062,3.3,65,1,51,5,Fail,Low,None,Poor
6063,4.4,62,1,83,6,Pass,Medium,English,Average
6064,5,58,3,69,7,Pass,Medium,English,Average
6065,2.7,59,7,36,9,Pass,Medium,"Math,English,Physics",Average
6066,6.6,86,9,69,5,Pass,High,None,Excellent
6067,4.4,70,4,53,6,Pass,Medium,None,Average
6068,3.3,97,2,70,7,Pass,Medium,None,Good
6069,1.7,88,6,80,8,Pass,Medium,Physics,Good
6070,2.7,76,6,68,5,Pass,Medium,Physics,Good
6071,7.6,83,9,72,7,Pass,High,None,Excellent
6072,3.1,72,4,88,6,Pass,Medium,None,Average
6073,2.2,83,8,54,9,Pass,Medium,Physics,Good
6074,4.2,87,3,54,6,Pass,Medium,None,Good
6075,3.1,76,2,53,9,Pass,Medium,None,Good
6076,1.2,57,9,91,7,Pass,Medium,"English,Physics",Average
6077,3.3,59,6,72,7,Pass,Medium,English,Average
6078,4.8,62,8,88,6,Pass,High,English,Good
6079,4.9,83,10,83,6,Pass,High,None,Excellent
6080,3.5,50,9,55,9,Pass,Medium,English,Average
6081,4.1,99,1,83,5,Pass,Medium,None,Good
6082,7.8,55,1,90,6,Pass,High,English,Good
6083,3.6,76,5,73,5,Pass,Medium,None,Good
6084,2.8,84,9,38,5,Pass,Medium,"Math,Physics",Good
6085,2.7,64,7,71,5,Pass,Medium,"English,Physics",Average
6086,4.2,77,7,58,7,Pass,High,None,Good
6087,6.3,84,2,87,7,Pass,High,None,Excellent
6088,2.4,52,3,92,5,Pass,Medium,"English,Physics",Average
6089,6,95,4,78,5,Pass,High,None,Excellent
6090,1.1,79,2,40,7,Fail,Low,"Math,Physics",Good
6091,3.9,49,10,83,9,Pass,High,English,Good
6092,6.4,79,9,59,8,Pass,High,None,Good
6093,3.4,91,5,95,6,Pass,High,None,Excellent
6094,4.9,58,7,94,5,Pass,High,English,Good
6095,2.4,65,9,87,7,Pass,High,Physics,Good
6096,6.2,91,5,86,5,Pass,High,None,Excellent
6097,1.4,68,6,66,5,Pass,Medium,Physics,Average
6098,7,61,4,83,5,Pass,High,English,Good
6099,2.4,62,8,53,5,Pass,Medium,"English,Physics",Average
6100,7.1,78,1,92,9,Pass,High,None,Good
6101,3.5,56,1,80,6,Pass,Medium,English,Average
6102,6.1,60,5,44,6,Pass,Medium,"Math,English",Average
6103,3.2,48,10,76,7,Pass,High,English,Good
6104,7.3,69,9,75,9,Pass,High,None,Good
6105,1.9,78,2,59,9,Pass,Medium,Physics,Good
6106,2.2,72,3,49,6,Fail,Low,"Math,Physics",Poor
6107,4.5,90,8,86,7,Pass,High,None,Excellent
6108,1.6,55,5,78,9,Pass,Medium,"English,Physics",Average
6109,2.4,57,3,85,7,Pass,Medium,"English,Physics",Average
6110,7.6,75,6,85,6,Pass,High,None,Good
6111,7.8,69,6,54,5,Pass,High,None,Good
6112,3.6,83,5,38,9,Pass,Medium,Math,Good
6113,7.5,54,5,51,7,Pass,High,English,Good
6114,4.8,68,6,66,5,Pass,Medium,None,Average
6115,2.9,45,2,57,6,Fail,Low,"English,Physics",Poor
6116,5.9,97,6,43,8,Pass,High,Math,Excellent
6117,5.6,69,2,59,9,Pass,Medium,None,Average
6118,7.9,72,3,68,9,Pass,High,None,Good
6119,2.9,80,2,86,7,Pass,Medium,Physics,Good
6120,5.7,62,1,34,6,Pass,Medium,"Math,English",Average
6121,1.4,50,1,41,6,Fail,Low,"Math,English,Physics",Poor
6122,1.8,46,9,64,9,Pass,Medium,"English,Physics",Average
6123,1,47,4,70,9,Fail,Low,"English,Physics",Poor
6124,8,90,5,92,7,Pass,High,None,Excellent
6125,6.6,52,10,71,7,Pass,High,English,Good
6126,6.5,75,7,94,8,Pass,High,None,Good
6127,4.6,92,2,94,5,Pass,High,None,Excellent
6128,3.1,63,10,72,7,Pass,High,English,Good
6129,2.1,94,9,89,5,Pass,High,Physics,Excellent
6130,3,50,4,49,9,Pass,Medium,"Math,English",Average
6131,3.6,58,10,92,8,Pass,High,English,Good
6132,6.3,47,10,53,8,Pass,High,English,Good
6133,4.8,92,1,64,8,Pass,Medium,None,Good
6134,1.5,45,8,70,6,Pass,Medium,"English,Physics",Average
6135,1.1,88,4,45,9,Fail,Low,"Math,Physics",Good
6136,1.7,74,7,35,6,Fail,Low,"Math,Physics",Poor
6137,3.9,90,3,49,6,Pass,Medium,Math,Good
6138,7.5,63,9,85,8,Pass,High,English,Good
6139,5.5,98,5,37,6,Pass,Medium,Math,Good
6140,6.6,63,5,35,9,Pass,Medium,"Math,English",Average
6141,4.3,53,3,37,9,Pass,Medium,"Math,English",Average
6142,3.5,51,9,91,6,Pass,High,English,Good
6143,1.8,90,3,43,9,Pass,Medium,"Math,Physics",Good
6144,7.1,81,2,32,5,Pass,Medium,Math,Good
6145,6.5,94,9,31,6,Pass,High,Math,Excellent
6146,2.2,85,9,51,8,Pass,Medium,Physics,Good
6147,4.6,97,10,35,8,Pass,High,Math,Excellent
6148,4.4,51,4,79,9,Pass,Medium,English,Average
6149,5.4,53,4,73,9,Pass,High,English,Good
6150,7.6,48,10,37,8,Pass,High,"Math,English",Good
6151,5.1,69,6,53,5,Pass,Medium,None,Average
6152,4.8,93,9,56,8,Pass,High,None,Excellent
6153,1.4,56,8,82,6,Pass,Medium,"English,Physics",Average
6154,1.4,50,10,80,8,Pass,Medium,"English,Physics",Average
6155,2.3,62,3,57,7,Fail,Low,"English,Physics",Poor
6156,1.2,84,6,88,5,Pass,Medium,Physics,Good
6157,6.2,65,7,54,5,Pass,High,None,Good
6158,6.1,59,6,73,8,Pass,High,English,Good
6159,2,47,3,76,7,Fail,Low,"English,Physics",Poor
6160,6.9,46,9,42,6,Pass,High,"Math,English",Good
6161,2.1,100,4,82,8,Pass,Medium,Physics,Good
6162,3.1,99,2,82,6,Pass,Medium,None,Good
6163,2.7,85,9,66,7,Pass,High,Physics,Excellent
6164,3.6,84,3,92,8,Pass,High,None,Excellent
6165,2.8,48,6,95,8,Pass,Medium,"English,Physics",Average
6166,4.4,76,5,69,6,Pass,Medium,None,Good
6167,3.9,46,2,90,8,Pass,Medium,English,Average
6168,7.9,90,1,35,7,Pass,High,Math,Excellent
6169,1.4,73,9,54,8,Pass,Medium,Physics,Average
6170,2,46,3,75,9,Pass,Medium,"English,Physics",Average
6171,1.4,78,7,60,7,Pass,Medium,Physics,Good
6172,5.4,71,9,92,5,Pass,High,None,Good
6173,1.4,98,9,68,6,Pass,Medium,Physics,Good
6174,6.9,83,10,65,7,Pass,High,None,Excellent
6175,4.6,88,6,36,5,Pass,Medium,Math,Good
6176,4.7,82,8,95,5,Pass,High,None,Excellent
6177,4.9,62,9,84,7,Pass,High,English,Good
6178,2.2,80,3,71,5,Pass,Medium,Physics,Good
6179,2.4,63,6,56,5,Pass,Medium,"English,Physics",Average
6180,3.2,71,5,31,9,Pass,Medium,Math,Average
6181,5.2,89,7,33,8,Pass,High,Math,Excellent
6182,2.5,64,7,50,9,Pass,Medium,"English,Physics",Average
6183,1.8,65,9,30,8,Pass,Medium,"Math,Physics",Average
6184,7.8,67,1,67,5,Pass,High,None,Good
6185,1.2,74,6,89,8,Pass,Medium,Physics,Average
6186,6.6,69,5,43,9,Pass,High,Math,Good
6187,6.5,75,4,46,6,Pass,Medium,Math,Good
6188,3.1,71,10,76,6,Pass,High,None,Good
6189,1.9,78,1,85,8,Pass,Medium,Physics,Good
6190,2,52,4,82,6,Pass,Medium,"English,Physics",Average
6191,5.9,63,10,47,7,Pass,High,"Math,English",Good
6192,5.5,85,7,77,6,Pass,High,None,Excellent
6193,6.5,70,4,38,8,Pass,Medium,Math,Average
6194,7.6,72,1,83,5,Pass,High,None,Good
6195,5.8,48,10,64,9,Pass,High,English,Good
6196,2.1,75,1,75,6,Pass,Medium,Physics,Good
6197,2.7,60,1,30,8,Fail,Low,"Math,English,Physics",Poor
6198,6.9,95,10,70,9,Pass,High,None,Excellent
6199,2.5,54,5,61,7,Pass,Medium,"English,Physics",Average
6200,1.5,82,7,69,5,Pass,Medium,Physics,Good
6201,5.9,92,9,40,9,Pass,High,Math,Excellent
6202,3.8,54,8,91,9,Pass,High,English,Good
6203,7.4,89,2,75,8,Pass,High,None,Excellent
6204,5.6,53,9,77,7,Pass,High,English,Good
6205,1.6,83,4,72,6,Pass,Medium,Physics,Good
6206,7.6,80,10,80,7,Pass,High,None,Excellent
6207,2.8,95,5,90,5,Pass,High,Physics,Excellent
6208,3.4,80,5,71,6,Pass,Medium,None,Good
6209,3.8,63,4,55,7,Pass,Medium,English,Average
6210,1.4,63,6,40,5,Fail,Low,"Math,English,Physics",Poor
6211,4.5,56,1,54,9,Pass,Medium,English,Average
6212,1.9,57,2,69,9,Pass,Medium,"English,Physics",Average
6213,3.8,69,4,54,9,Pass,Medium,None,Average
6214,3.5,80,4,81,9,Pass,High,None,Excellent
6215,6.4,69,8,32,6,Pass,High,Math,Good
6216,6.6,72,9,68,9,Pass,High,None,Good
6217,2.1,86,4,64,6,Pass,Medium,Physics,Good
6218,3.6,97,6,69,6,Pass,High,None,Excellent
6219,3.6,83,4,51,7,Pass,Medium,None,Good
6220,2.1,74,4,91,9,Pass,Medium,Physics,Average
6221,6.6,49,9,48,8,Pass,High,"Math,English",Good
6222,6,61,4,43,9,Pass,Medium,"Math,English",Average
6223,2.3,62,6,79,8,Pass,Medium,"English,Physics",Average
6224,3.6,87,9,91,9,Pass,High,None,Excellent
6225,1.7,91,3,72,6,Pass,Medium,Physics,Good
6226,5.4,65,7,84,9,Pass,High,None,Good
6227,1.8,66,7,69,9,Pass,Medium,Physics,Average
6228,7.9,83,1,41,9,Pass,High,Math,Excellent
6229,6.5,94,2,94,9,Pass,High,None,Excellent
6230,3.7,50,5,63,7,Pass,Medium,English,Average
6231,5,94,8,52,7,Pass,High,None,Excellent
6232,7.4,60,6,36,6,Pass,High,"Math,English",Good
6233,4.9,46,7,94,6,Pass,High,English,Good
6234,2.2,95,3,47,8,Pass,Medium,"Math,Physics",Good
6235,3.7,45,6,37,6,Fail,Low,"Math,English",Poor
6236,6.9,74,9,71,7,Pass,High,None,Good
6237,5.5,87,3,30,6,Pass,Medium,Math,Good
6238,5.6,96,6,44,8,Pass,High,Math,Excellent
6239,7.1,81,7,57,8,Pass,High,None,Excellent
6240,7.3,92,5,65,7,Pass,High,None,Excellent
6241,7.4,67,10,75,6,Pass,High,None,Good
6242,1.7,45,8,50,8,Pass,Medium,"English,Physics",Average
6243,4.8,63,8,78,6,Pass,High,English,Good
6244,6.2,90,6,68,6,Pass,High,None,Excellent
6245,6.3,47,7,67,7,Pass,High,English,Good
6246,5.2,46,3,38,7,Pass,Medium,"Math,English",Average
6247,2.2,100,7,49,6,Pass,Medium,"Math,Physics",Good
6248,6.6,81,7,37,9,Pass,High,Math,Excellent
6249,6,61,4,43,9,Pass,Medium,"Math,English",Average
6250,1.6,72,10,91,5,Pass,High,Physics,Good
6251,4.2,62,4,64,5,Pass,Medium,English,Average
6252,2.2,77,3,84,5,Pass,Medium,Physics,Good
6253,3.4,59,10,74,7,Pass,High,English,Good
6254,1.1,66,7,50,6,Fail,Low,Physics,Poor
6255,3.8,85,5,82,8,Pass,High,None,Excellent
6256,4.8,71,3,83,6,Pass,High,None,Good
6257,5.3,99,6,72,6,Pass,High,None,Excellent
6258,5.6,81,6,35,5,Pass,Medium,Math,Good
6259,6.9,76,6,84,6,Pass,High,None,Good
6260,2.5,89,2,73,5,Pass,Medium,Physics,Good
6261,1.8,63,10,33,6,Pass,Medium,"Math,English,Physics",Average
6262,7,72,7,92,8,Pass,High,None,Good
6263,2.1,72,7,87,9,Pass,High,Physics,Good
6264,7.8,100,10,83,9,Pass,High,None,Excellent
6265,6.9,54,4,67,7,Pass,High,English,Good
6266,4.5,64,6,89,8,Pass,High,English,Good
6267,7.9,69,4,81,6,Pass,High,None,Good
6268,1.7,65,4,58,8,Pass,Medium,Physics,Average
6269,3.1,58,6,69,6,Pass,Medium,English,Average
6270,5.5,66,9,37,8,Pass,High,Math,Good
6271,3.5,97,7,64,8,Pass,High,None,Excellent
6272,7.5,70,2,45,9,Pass,High,Math,Good
6273,1.5,88,6,47,8,Pass,Medium,"Math,Physics",Good
6274,4.8,55,5,88,7,Pass,High,English,Good
6275,5.1,99,6,63,6,Pass,High,None,Excellent
6276,5.6,51,8,33,5,Pass,Medium,"Math,English",Average
6277,2.8,61,8,94,8,Pass,High,"English,Physics",Good
6278,3.6,62,3,90,5,Pass,Medium,English,Average
6279,6.9,51,9,75,9,Pass,High,English,Good
6280,2.4,100,6,50,5,Pass,Medium,Physics,Good
6281,6.8,64,7,67,7,Pass,High,English,Good
6282,4.9,82,9,89,7,Pass,High,None,Excellent
6283,6.3,55,7,65,9,Pass,High,English,Good
6284,6,88,10,35,7,Pass,High,Math,Excellent
6285,2.5,60,9,68,6,Pass,Medium,"English,Physics",Average
6286,5,95,1,58,7,Pass,Medium,None,Good
6287,7.1,99,1,56,8,Pass,High,None,Excellent
6288,4,71,3,38,7,Pass,Medium,Math,Average
6289,7.8,95,9,53,6,Pass,High,None,Excellent
6290,4.2,55,1,92,9,Pass,Medium,English,Average
6291,2,60,1,48,7,Fail,Low,"Math,English,Physics",Poor
6292,3.7,67,5,59,6,Pass,Medium,None,Average
6293,7.7,56,8,87,8,Pass,High,English,Good
6294,3.2,84,2,69,5,Pass,Medium,None,Good
6295,7.1,47,4,61,5,Pass,Medium,English,Average
6296,7.2,46,6,94,9,Pass,High,English,Good
6297,3.5,82,1,63,9,Pass,Medium,None,Good
6298,1.6,92,4,60,5,Pass,Medium,Physics,Good
6299,6.1,96,4,88,5,Pass,High,None,Excellent
6300,3.2,68,9,55,9,Pass,Medium,None,Average
6301,6.5,73,9,51,5,Pass,High,None,Good
6302,4.1,91,6,63,7,Pass,High,None,Excellent
6303,4.4,90,8,42,6,Pass,Medium,Math,Good
6304,6.4,78,10,84,9,Pass,High,None,Good
6305,3.7,64,4,37,6,Fail,Low,"Math,English",Poor
6306,4.1,62,10,91,8,Pass,High,English,Good
6307,3.6,58,8,51,8,Pass,Medium,English,Average
6308,3.6,62,3,85,7,Pass,Medium,English,Average
6309,4.7,46,2,50,8,Pass,Medium,English,Average
6310,6.7,45,6,78,9,Pass,High,English,Good
6311,3.5,64,5,35,7,Pass,Medium,"Math,English",Average
6312,4.7,78,8,64,7,Pass,High,None,Good
6313,5.7,85,1,56,9,Pass,Medium,None,Good
6314,2.9,85,10,69,5,Pass,High,Physics,Excellent
6315,2.9,92,3,43,6,Pass,Medium,"Math,Physics",Good
6316,7.5,55,7,81,9,Pass,High,English,Good
6317,6.1,71,10,69,5,Pass,High,None,Good
6318,5,67,4,72,5,Pass,Medium,None,Average
6319,5.5,82,10,87,8,Pass,High,None,Excellent
6320,1.2,88,5,32,7,Fail,Low,"Math,Physics",Good
6321,5.3,47,8,44,7,Pass,Medium,"Math,English",Average
6322,4.6,56,1,74,8,Pass,Medium,English,Average
6323,4.8,74,1,40,8,Pass,Medium,Math,Average
6324,3.5,75,7,68,7,Pass,Medium,None,Good
6325,1.6,67,9,48,9,Pass,Medium,"Math,Physics",Average
6326,2.4,45,4,49,9,Fail,Low,"Math,English,Physics",Poor
6327,7.7,85,8,85,9,Pass,High,None,Excellent
6328,3.9,64,10,33,9,Pass,Medium,"Math,English",Average
6329,4.3,98,7,38,8,Pass,High,Math,Excellent
6330,1.4,50,2,54,6,Fail,Low,"English,Physics",Poor
6331,1.3,55,5,76,6,Pass,Medium,"English,Physics",Average
6332,6,79,9,78,7,Pass,High,None,Good
6333,4.8,48,9,56,6,Pass,Medium,English,Average
6334,4.6,73,3,57,9,Pass,Medium,None,Average
6335,2.7,54,3,91,8,Pass,Medium,"English,Physics",Average
6336,6.2,95,2,45,9,Pass,High,Math,Excellent
6337,2.2,73,7,75,5,Pass,Medium,Physics,Average
6338,2.3,82,6,75,8,Pass,Medium,Physics,Good
6339,4.2,45,5,69,5,Pass,Medium,English,Average
6340,3,84,7,63,5,Pass,Medium,None,Good
6341,2.7,52,4,39,7,Fail,Low,"Math,English,Physics",Poor
6342,5.5,82,5,30,5,Pass,Medium,Math,Good
6343,5.6,61,9,95,6,Pass,High,English,Good
6344,6.8,63,9,46,6,Pass,High,"Math,English",Good
6345,3.9,77,4,76,5,Pass,Medium,None,Good
6346,1.5,59,6,53,7,Fail,Low,"English,Physics",Poor
6347,2.9,89,2,79,5,Pass,Medium,Physics,Good
6348,7.9,75,3,58,8,Pass,High,None,Good
6349,5.2,65,9,42,8,Pass,High,Math,Good
6350,6,47,6,93,8,Pass,High,English,Good
6351,1.1,46,8,57,8,Fail,Low,"English,Physics",Poor
6352,4.6,79,5,34,5,Pass,Medium,Math,Good
6353,1.3,85,2,38,9,Fail,Low,"Math,Physics",Good
6354,5,60,7,43,9,Pass,Medium,"Math,English",Average
6355,7.4,100,6,39,8,Pass,High,Math,Excellent
6356,7.8,89,2,62,7,Pass,High,None,Excellent
6357,4.8,95,6,69,7,Pass,High,None,Excellent
6358,4.2,94,8,35,5,Pass,Medium,Math,Good
6359,7.6,65,1,46,9,Pass,High,Math,Good
6360,5.7,56,4,65,5,Pass,Medium,English,Average
6361,1.5,72,1,90,6,Pass,Medium,Physics,Average
6362,4.3,56,2,78,8,Pass,Medium,English,Average
6363,2.7,77,1,53,6,Fail,Low,Physics,Good
6364,4.3,64,6,80,6,Pass,High,English,Good
6365,4.2,84,6,71,7,Pass,High,None,Excellent
6366,5.1,93,1,48,9,Pass,Medium,Math,Good
6367,3.5,65,4,91,8,Pass,High,None,Good
6368,2.1,96,4,59,5,Pass,Medium,Physics,Good
6369,4.5,98,8,67,8,Pass,High,None,Excellent
6370,6.8,83,6,35,5,Pass,High,Math,Excellent
6371,5.6,85,2,51,5,Pass,Medium,None,Good
6372,3.4,93,5,40,9,Pass,Medium,Math,Good
6373,7.5,86,4,58,6,Pass,High,None,Excellent
6374,7.4,80,10,37,5,Pass,High,Math,Excellent
6375,2.5,66,4,64,9,Pass,Medium,Physics,Average
6376,1.3,70,8,74,6,Pass,Medium,Physics,Average
6377,6.2,51,5,62,6,Pass,Medium,English,Average
6378,6.8,51,3,34,8,Pass,Medium,"Math,English",Average
6379,7.8,52,10,91,8,Pass,High,English,Good
6380,7.2,70,4,66,8,Pass,High,None,Good
6381,5.2,68,1,46,7,Pass,Medium,Math,Average
6382,4.7,68,6,51,6,Pass,Medium,None,Average
6383,1.2,84,10,61,7,Pass,Medium,Physics,Good
6384,2.7,92,4,43,8,Pass,Medium,"Math,Physics",Good
6385,4.2,56,6,49,9,Pass,Medium,"Math,English",Average
6386,5.4,91,2,51,8,Pass,Medium,None,Good
6387,4.9,52,5,59,5,Pass,Medium,English,Average
6388,6.2,98,9,83,9,Pass,High,None,Excellent
6389,3,53,8,62,9,Pass,Medium,English,Average
6390,5,47,3,34,6,Fail,Low,"Math,English",Poor
6391,1.6,98,1,47,7,Fail,Low,"Math,Physics",Good
6392,3.9,65,10,92,5,Pass,High,None,Good
6393,6.3,75,3,75,9,Pass,High,None,Good
6394,5.9,92,8,36,7,Pass,High,Math,Excellent
6395,7.9,91,3,58,7,Pass,High,None,Excellent
6396,2.9,68,5,86,5,Pass,Medium,Physics,Average
6397,4.5,48,2,76,5,Pass,Medium,English,Average
6398,3.3,64,1,38,8,Fail,Low,"Math,English",Poor
6399,4.1,60,10,88,8,Pass,High,English,Good
6400,7,54,5,72,9,Pass,High,English,Good
6401,5.8,87,5,88,9,Pass,High,None,Excellent
6402,7.2,70,6,35,9,Pass,High,Math,Good
6403,2.4,73,2,82,8,Pass,Medium,Physics,Average
6404,7.1,49,9,93,9,Pass,High,English,Good
6405,1.4,55,2,33,9,Fail,Low,"Math,English,Physics",Poor
6406,7.2,73,2,30,8,Pass,Medium,Math,Average
6407,3.3,89,5,60,8,Pass,Medium,None,Good
6408,3.2,59,9,94,9,Pass,High,English,Good
6409,4.6,50,4,48,9,Pass,Medium,"Math,English",Average
6410,7.6,92,6,78,7,Pass,High,None,Excellent
6411,1.3,59,2,60,6,Fail,Low,"English,Physics",Poor
6412,3.5,87,4,89,8,Pass,High,None,Excellent
6413,7,64,9,84,6,Pass,High,English,Good
6414,3.8,78,2,67,8,Pass,Medium,None,Good
6415,2.4,46,1,62,7,Fail,Low,"English,Physics",Poor
6416,4,88,4,35,6,Pass,Medium,Math,Good
6417,3.7,60,4,42,7,Pass,Medium,"Math,English",Average
6418,7.4,63,1,49,5,Pass,Medium,"Math,English",Average
6419,6.3,78,4,66,6,Pass,High,None,Good
6420,4.5,93,3,74,6,Pass,High,None,Excellent
6421,7.9,58,2,88,6,Pass,High,English,Good
6422,4.3,68,10,81,5,Pass,High,None,Good
6423,1.4,72,4,47,5,Fail,Low,"Math,Physics",Poor
6424,2.8,92,8,54,7,Pass,Medium,Physics,Good
6425,4.1,76,7,30,5,Pass,Medium,Math,Good
6426,2.1,81,9,70,8,Pass,High,Physics,Excellent
6427,7.6,54,8,47,9,Pass,High,"Math,English",Good
6428,6.4,93,1,30,6,Pass,Medium,Math,Good
6429,2.9,89,2,68,7,Pass,Medium,Physics,Good
6430,5.1,92,2,60,7,Pass,Medium,None,Good
6431,6.1,53,8,67,7,Pass,High,English,Good
6432,7.6,68,4,37,7,Pass,High,Math,Good
6433,7.2,80,9,63,6,Pass,High,None,Excellent
6434,4.6,100,2,56,7,Pass,Medium,None,Good
6435,6.4,73,4,70,6,Pass,High,None,Good
6436,4.9,73,1,36,7,Pass,Medium,Math,Average
6437,4.9,92,3,61,7,Pass,High,None,Excellent
6438,1.8,67,6,45,9,Pass,Medium,"Math,Physics",Average
6439,1.9,71,9,31,8,Pass,Medium,"Math,Physics",Average
6440,4.7,75,1,72,5,Pass,Medium,None,Good
6441,2.9,87,5,60,5,Pass,Medium,Physics,Good
6442,1.1,51,2,76,5,Fail,Low,"English,Physics",Poor
6443,6.1,93,7,62,8,Pass,High,None,Excellent
6444,1.2,98,4,46,6,Fail,Low,"Math,Physics",Good
6445,5.2,89,5,83,5,Pass,High,None,Excellent
6446,4.8,48,8,83,5,Pass,High,English,Good
6447,7.8,58,2,80,5,Pass,High,English,Good
6448,4.4,86,3,81,6,Pass,High,None,Excellent
6449,1.4,86,5,36,8,Fail,Low,"Math,Physics",Good
6450,4.9,54,10,83,8,Pass,High,English,Good
6451,6.9,88,4,40,6,Pass,High,Math,Excellent
6452,8,78,5,91,9,Pass,High,None,Good
6453,4,70,3,59,7,Pass,Medium,None,Average
6454,3.2,67,9,86,6,Pass,High,None,Good
6455,7.3,53,8,75,7,Pass,High,English,Good
6456,2.3,81,6,95,8,Pass,High,Physics,Excellent
6457,5.3,52,1,84,7,Pass,Medium,English,Average
6458,3.8,97,4,87,5,Pass,High,None,Excellent
6459,1.3,58,7,39,7,Fail,Low,"Math,English,Physics",Poor
6460,3.4,51,10,33,7,Pass,Medium,"Math,English",Average
6461,2.9,51,5,91,8,Pass,Medium,"English,Physics",Average
6462,5.8,53,4,72,9,Pass,High,English,Good
6463,7.6,47,9,71,7,Pass,High,English,Good
6464,2.9,58,8,53,8,Pass,Medium,"English,Physics",Average
6465,6.7,61,3,34,5,Pass,Medium,"Math,English",Average
6466,1.4,94,6,74,7,Pass,Medium,Physics,Good
6467,4.8,88,4,88,7,Pass,High,None,Excellent
6468,1.5,66,7,94,5,Pass,Medium,Physics,Average
6469,7.5,90,1,92,6,Pass,High,None,Excellent
6470,6.4,70,1,78,9,Pass,High,None,Good
6471,5.6,72,6,61,5,Pass,High,None,Good
6472,6.8,89,10,79,5,Pass,High,None,Excellent
6473,5.5,58,7,87,5,Pass,High,English,Good
6474,7.8,53,9,81,6,Pass,High,English,Good
6475,6,95,7,52,5,Pass,High,None,Excellent
6476,7.5,70,9,59,6,Pass,High,None,Good
6477,4.6,46,10,59,9,Pass,High,English,Good
6478,1.8,55,9,66,6,Pass,Medium,"English,Physics",Average
6479,4.7,61,8,77,9,Pass,High,English,Good
6480,1.9,78,7,61,9,Pass,Medium,Physics,Good
6481,5.1,63,3,64,9,Pass,Medium,English,Average
6482,4.4,83,3,61,8,Pass,Medium,None,Good
6483,5.4,62,5,88,9,Pass,High,English,Good
6484,1.1,57,7,64,6,Pass,Medium,"English,Physics",Average
6485,2.4,49,10,45,8,Pass,Medium,"Math,English,Physics",Average
6486,4.4,94,7,81,5,Pass,High,None,Excellent
6487,7.7,67,1,95,5,Pass,High,None,Good
6488,3.7,100,8,35,7,Pass,Medium,Math,Good
6489,4,68,1,43,9,Pass,Medium,Math,Average
6490,6,73,4,58,7,Pass,High,None,Good
6491,5.2,92,2,55,9,Pass,High,None,Excellent
6492,3.1,91,5,47,9,Pass,Medium,Math,Good
6493,3.9,52,6,33,6,Pass,Medium,"Math,English",Average
6494,2.5,70,4,86,6,Pass,Medium,Physics,Average
6495,7.8,59,4,82,5,Pass,High,English,Good
6496,1.9,45,7,54,8,Pass,Medium,"English,Physics",Average
6497,3.6,72,4,76,5,Pass,Medium,None,Average
6498,1.2,93,2,81,9,Pass,Medium,Physics,Good
6499,2.6,91,4,63,8,Pass,Medium,Physics,Good
6500,6.5,90,7,45,7,Pass,High,Math,Excellent
6501,2.4,58,1,65,9,Fail,Low,"English,Physics",Poor
6502,1.6,86,4,57,6,Pass,Medium,Physics,Good
6503,4.3,78,6,94,5,Pass,High,None,Good
6504,1.1,75,8,82,5,Pass,Medium,Physics,Good
6505,1.6,50,8,71,7,Pass,Medium,"English,Physics",Average
6506,6.7,93,9,48,5,Pass,High,Math,Excellent
6507,6.4,49,5,73,5,Pass,High,English,Good
6508,7.4,75,2,59,8,Pass,High,None,Good
6509,7,81,3,73,9,Pass,High,None,Excellent
6510,5.8,59,2,56,8,Pass,Medium,English,Average
6511,1.4,59,9,63,8,Pass,Medium,"English,Physics",Average
6512,6.5,96,6,53,5,Pass,High,None,Excellent
6513,6.9,87,1,85,9,Pass,High,None,Excellent
6514,6.6,49,3,36,5,Pass,Medium,"Math,English",Average
6515,4.6,72,7,80,5,Pass,High,None,Good
6516,2.6,77,7,37,8,Pass,Medium,"Math,Physics",Good
6517,6.9,55,5,85,6,Pass,High,English,Good
6518,6.1,87,3,87,6,Pass,High,None,Excellent
6519,7.9,50,7,37,8,Pass,High,"Math,English",Good
6520,2.1,67,5,95,8,Pass,Medium,Physics,Average
6521,2.6,84,6,53,5,Pass,Medium,Physics,Good
6522,2.5,46,3,71,9,Pass,Medium,"English,Physics",Average
6523,6.5,59,6,83,5,Pass,High,English,Good
6524,2.3,67,7,45,5,Pass,Medium,"Math,Physics",Average
6525,1.5,66,8,33,7,Fail,Low,"Math,Physics",Poor
6526,8,53,2,88,5,Pass,High,English,Good
6527,1.2,91,2,75,9,Pass,Medium,Physics,Good
6528,6.8,84,6,42,5,Pass,High,Math,Excellent
6529,3.6,74,8,66,8,Pass,High,None,Good
6530,6.9,60,5,83,9,Pass,High,English,Good
6531,4.9,90,1,78,8,Pass,High,None,Excellent
6532,7.3,91,1,87,7,Pass,High,None,Excellent
6533,7.5,96,10,48,7,Pass,High,Math,Excellent
6534,1.1,74,9,47,9,Pass,Medium,"Math,Physics",Average
6535,1.5,89,4,89,6,Pass,Medium,Physics,Good
6536,2.8,53,10,46,6,Pass,Medium,"Math,English,Physics",Average
6537,5.7,45,1,40,9,Pass,Medium,"Math,English",Average
6538,7.2,82,8,44,9,Pass,High,Math,Excellent
6539,4.2,52,2,46,8,Pass,Medium,"Math,English",Average
6540,5.2,96,2,34,7,Pass,Medium,Math,Good
6541,2.3,62,1,90,9,Pass,Medium,"English,Physics",Average
6542,6.6,71,1,33,5,Pass,Medium,Math,Average
6543,7.8,62,9,85,8,Pass,High,English,Good
6544,2.9,76,1,77,7,Pass,Medium,Physics,Good
6545,4.5,93,6,77,8,Pass,High,None,Excellent
6546,1.6,76,7,64,7,Pass,Medium,Physics,Good
6547,4.9,97,4,62,5,Pass,High,None,Excellent
6548,4.5,92,5,50,7,Pass,Medium,None,Good
6549,2,89,4,34,8,Fail,Low,"Math,Physics",Good
6550,4.1,98,4,93,7,Pass,High,None,Excellent
6551,3.3,80,10,50,8,Pass,High,None,Excellent
6552,4.7,80,1,61,9,Pass,Medium,None,Good
6553,5.1,65,6,47,5,Pass,Medium,Math,Average
6554,1.1,90,10,87,8,Pass,High,Physics,Excellent
6555,6.3,76,10,53,6,Pass,High,None,Good
6556,6,75,7,34,6,Pass,Medium,Math,Good
6557,3.6,81,7,82,7,Pass,High,None,Excellent
6558,1.4,60,8,84,9,Pass,Medium,"English,Physics",Average
6559,6.3,90,7,34,9,Pass,High,Math,Excellent
6560,7.7,90,6,70,6,Pass,High,None,Excellent
6561,2.7,58,8,36,7,Pass,Medium,"Math,English,Physics",Average
6562,3.3,68,3,30,9,Fail,Low,Math,Poor
6563,2.3,69,9,81,9,Pass,High,Physics,Good
6564,5,90,3,55,7,Pass,Medium,None,Good
6565,2.1,95,4,92,8,Pass,High,Physics,Excellent
6566,3.5,79,10,41,6,Pass,Medium,Math,Good
6567,5.9,61,6,48,9,Pass,High,"Math,English",Good
6568,4.9,90,8,33,8,Pass,High,Math,Excellent
6569,3.7,86,3,34,8,Pass,Medium,Math,Good
6570,3.9,89,10,83,8,Pass,High,None,Excellent
6571,4.9,98,6,86,8,Pass,High,None,Excellent
6572,1,48,5,81,5,Fail,Low,"English,Physics",Poor
6573,1.5,55,5,47,5,Fail,Low,"Math,English,Physics",Poor
6574,7.2,91,5,93,7,Pass,High,None,Excellent
6575,1.5,59,9,39,6,Fail,Low,"Math,English,Physics",Poor
6576,5.9,74,7,52,7,Pass,High,None,Good
6577,7.4,68,9,81,5,Pass,High,None,Good
6578,2.9,46,9,76,7,Pass,Medium,"English,Physics",Average
6579,3.6,87,6,55,7,Pass,Medium,None,Good
6580,5,78,6,72,8,Pass,High,None,Good
6581,7.2,67,4,92,9,Pass,High,None,Good
6582,7.6,75,8,95,5,Pass,High,None,Good
6583,6.2,81,2,92,5,Pass,High,None,Excellent
6584,1.6,57,5,42,7,Fail,Low,"Math,English,Physics",Poor
6585,5.7,77,1,80,9,Pass,High,None,Good
6586,3.9,51,10,34,7,Pass,Medium,"Math,English",Average
6587,4.3,76,2,76,6,Pass,Medium,None,Good
6588,1.3,51,1,65,5,Fail,Low,"English,Physics",Poor
6589,2.3,86,6,65,8,Pass,Medium,Physics,Good
6590,6.5,82,2,79,8,Pass,High,None,Excellent
6591,4.2,96,4,85,8,Pass,High,None,Excellent
6592,3.1,88,5,48,5,Pass,Medium,Math,Good
6593,3.7,57,7,49,5,Pass,Medium,"Math,English",Average
6594,7,68,10,51,8,Pass,High,None,Good
6595,6.2,72,1,60,5,Pass,Medium,None,Average
6596,2.9,76,5,91,8,Pass,High,Physics,Good
6597,1.8,87,4,73,6,Pass,Medium,Physics,Good
6598,2.8,62,7,78,6,Pass,Medium,"English,Physics",Average
6599,7.4,78,10,88,6,Pass,High,None,Good
6600,5.1,92,7,33,7,Pass,Medium,Math,Good
6601,4.7,78,8,68,7,Pass,High,None,Good
6602,5.2,95,4,36,9,Pass,Medium,Math,Good
6603,3.6,82,4,78,9,Pass,High,None,Excellent
6604,6.6,45,10,44,9,Pass,High,"Math,English",Good
6605,4.7,87,5,36,6,Pass,Medium,Math,Good
6606,1.8,94,5,76,6,Pass,Medium,Physics,Good
6607,1.9,86,3,74,6,Pass,Medium,Physics,Good
6608,4.8,75,5,48,5,Pass,Medium,Math,Good
6609,7.6,94,5,76,5,Pass,High,None,Excellent
6610,3.2,45,8,82,6,Pass,Medium,English,Average
6611,7.1,95,7,56,8,Pass,High,None,Excellent
6612,6.3,60,8,34,9,Pass,High,"Math,English",Good
6613,2.7,83,5,89,7,Pass,High,Physics,Excellent
6614,1.3,59,2,91,9,Pass,Medium,"English,Physics",Average
6615,1.7,77,8,88,8,Pass,High,Physics,Good
6616,6.1,67,9,90,5,Pass,High,None,Good
6617,2.4,97,2,85,6,Pass,Medium,Physics,Good
6618,3.6,85,1,76,5,Pass,Medium,None,Good
6619,4.5,78,6,77,5,Pass,High,None,Good
6620,6.1,61,3,39,8,Pass,Medium,"Math,English",Average
6621,1.8,69,1,61,5,Fail,Low,Physics,Poor
6622,3.8,100,6,94,5,Pass,High,None,Excellent
6623,4.4,86,8,53,9,Pass,High,None,Excellent
6624,4.8,50,9,58,9,Pass,High,English,Good
6625,6.7,75,6,36,8,Pass,High,Math,Good
6626,2.2,49,6,46,6,Fail,Low,"Math,English,Physics",Poor
6627,6.7,84,1,54,9,Pass,High,None,Excellent
6628,5.9,84,5,65,5,Pass,High,None,Excellent
6629,4.9,74,3,90,7,Pass,High,None,Good
6630,5.9,49,7,64,9,Pass,High,English,Good
6631,3.9,56,9,79,7,Pass,High,English,Good
6632,2,51,6,85,6,Pass,Medium,"English,Physics",Average
6633,5.7,89,5,94,5,Pass,High,None,Excellent
6634,4.7,57,7,70,9,Pass,High,English,Good
6635,5.5,93,9,54,6,Pass,High,None,Excellent
6636,3.4,48,5,63,8,Pass,Medium,English,Average
6637,7.3,94,5,37,6,Pass,High,Math,Excellent
6638,5.1,86,10,85,8,Pass,High,None,Excellent
6639,1.6,47,4,59,8,Fail,Low,"English,Physics",Poor
6640,4.1,56,5,50,9,Pass,Medium,English,Average
6641,6.3,45,7,39,7,Pass,Medium,"Math,English",Average
6642,6.6,71,3,62,8,Pass,High,None,Good
6643,4.5,87,4,33,5,Pass,Medium,Math,Good
6644,7.3,94,9,52,9,Pass,High,None,Excellent
6645,2.9,57,2,82,8,Pass,Medium,"English,Physics",Average
6646,3.9,61,8,34,9,Pass,Medium,"Math,English",Average
6647,7.3,52,9,47,5,Pass,High,"Math,English",Good
6648,7.3,76,5,46,9,Pass,High,Math,Good
6649,5.8,64,7,87,9,Pass,High,English,Good
6650,7,95,6,85,8,Pass,High,None,Excellent
6651,1.6,61,1,69,6,Fail,Low,"English,Physics",Poor
6652,7.1,78,8,31,9,Pass,High,Math,Good
6653,3.2,79,9,50,8,Pass,Medium,None,Good
6654,2.2,79,10,81,5,Pass,High,Physics,Good
6655,2.7,82,1,53,5,Fail,Low,Physics,Good
6656,3.9,86,8,82,6,Pass,High,None,Excellent
6657,2.8,68,3,67,5,Pass,Medium,Physics,Average
6658,3.2,98,6,49,8,Pass,Medium,Math,Good
6659,1.9,62,10,79,6,Pass,Medium,"English,Physics",Average
6660,3.1,94,8,68,8,Pass,High,None,Excellent
6661,5,90,5,89,6,Pass,High,None,Excellent
6662,4.1,92,8,68,6,Pass,High,None,Excellent
6663,3.4,83,7,62,8,Pass,High,None,Excellent
6664,6.2,77,7,58,6,Pass,High,None,Good
6665,7.3,93,7,39,8,Pass,High,Math,Excellent
6666,6.3,67,9,32,5,Pass,Medium,Math,Average
6667,3.3,69,6,60,5,Pass,Medium,None,Average
6668,6.2,81,6,56,9,Pass,High,None,Excellent
6669,2.1,71,9,56,7,Pass,Medium,Physics,Average
6670,1.9,45,6,38,7,Fail,Low,"Math,English,Physics",Poor
6671,3.4,65,7,35,5,Pass,Medium,Math,Average
6672,6.7,93,7,35,9,Pass,High,Math,Excellent
6673,2.7,54,2,55,7,Fail,Low,"English,Physics",Poor
6674,1.4,75,8,72,8,Pass,Medium,Physics,Good
6675,1.9,88,6,48,8,Pass,Medium,"Math,Physics",Good
6676,7,69,4,45,6,Pass,High,Math,Good
6677,5.4,64,7,52,7,Pass,High,English,Good
6678,2.8,46,8,58,8,Pass,Medium,"English,Physics",Average
6679,4.9,99,1,67,7,Pass,High,None,Excellent
6680,4.7,92,10,88,6,Pass,High,None,Excellent
6681,5.6,59,4,77,5,Pass,High,English,Good
6682,2.6,72,4,49,9,Pass,Medium,"Math,Physics",Average
6683,7.1,57,10,50,6,Pass,High,English,Good
6684,3.2,94,9,57,6,Pass,High,None,Excellent
6685,5.9,96,6,79,6,Pass,High,None,Excellent
6686,1.1,98,4,62,9,Pass,Medium,Physics,Good
6687,3.6,58,1,69,8,Pass,Medium,English,Average
6688,3.5,94,8,83,7,Pass,High,None,Excellent
6689,4.8,46,9,39,5,Pass,Medium,"Math,English",Average
6690,1.5,78,5,63,5,Pass,Medium,Physics,Good
6691,6.5,79,5,65,9,Pass,High,None,Good
6692,2.5,81,10,36,5,Pass,Medium,"Math,Physics",Good
6693,5.7,69,8,45,9,Pass,High,Math,Good
6694,6.6,92,8,80,9,Pass,High,None,Excellent
6695,4.9,98,5,90,7,Pass,High,None,Excellent
6696,6.2,59,4,60,7,Pass,High,English,Good
6697,5.6,56,6,61,9,Pass,High,English,Good
6698,3.5,53,10,74,7,Pass,High,English,Good
6699,6.7,75,5,56,8,Pass,High,None,Good
6700,3.1,58,8,51,6,Pass,Medium,English,Average
6701,5,73,9,44,5,Pass,Medium,Math,Average
6702,6.2,97,1,37,5,Pass,Medium,Math,Good
6703,3.7,92,9,37,5,Pass,Medium,Math,Good
6704,3.1,87,9,45,5,Pass,Medium,Math,Good
6705,4.2,82,6,77,8,Pass,High,None,Excellent
6706,6.7,86,10,63,8,Pass,High,None,Excellent
6707,7.5,52,5,86,6,Pass,High,English,Good
6708,4.8,92,7,34,9,Pass,High,Math,Excellent
6709,5.6,47,8,73,7,Pass,High,English,Good
6710,7.3,46,9,66,6,Pass,High,English,Good
6711,1.7,60,9,57,5,Pass,Medium,"English,Physics",Average
6712,2.6,63,10,67,7,Pass,Medium,"English,Physics",Average
6713,6,74,3,75,6,Pass,High,None,Good
6714,6.8,85,8,55,5,Pass,High,None,Excellent
6715,7,60,1,82,6,Pass,High,English,Good
6716,3.9,75,7,92,5,Pass,High,None,Good
6717,1.6,98,5,92,5,Pass,Medium,Physics,Good
6718,4.1,72,2,67,8,Pass,Medium,None,Average
6719,2.6,48,2,44,5,Fail,Low,"Math,English,Physics",Poor
6720,3,54,8,38,6,Pass,Medium,"Math,English",Average
6721,6.4,95,5,51,7,Pass,High,None,Excellent
6722,1.5,89,3,85,8,Pass,Medium,Physics,Good
6723,6.8,62,1,66,7,Pass,High,English,Good
6724,4,91,7,86,9,Pass,High,None,Excellent
6725,5.2,76,3,89,7,Pass,High,None,Good
6726,1.6,74,7,41,9,Pass,Medium,"Math,Physics",Average
6727,3.4,80,2,36,9,Pass,Medium,Math,Good
6728,1.6,53,4,95,8,Pass,Medium,"English,Physics",Average
6729,7.7,80,2,70,7,Pass,High,None,Excellent
6730,6.7,73,4,53,5,Pass,High,None,Good
6731,4.2,60,5,54,8,Pass,Medium,English,Average
6732,2.6,72,8,91,8,Pass,High,Physics,Good
6733,7.5,65,2,73,5,Pass,High,None,Good
6734,3.4,91,10,31,7,Pass,Medium,Math,Good
6735,2.1,100,3,71,8,Pass,Medium,Physics,Good
6736,4.9,46,10,62,9,Pass,High,English,Good
6737,7.6,90,5,46,5,Pass,High,Math,Excellent
6738,1,79,9,92,6,Pass,Medium,Physics,Good
6739,2.7,98,10,51,8,Pass,High,Physics,Excellent
6740,7.6,72,5,30,9,Pass,High,Math,Good
6741,2.2,99,9,83,7,Pass,High,Physics,Excellent
6742,1.8,80,4,43,7,Fail,Low,"Math,Physics",Good
6743,5,75,10,82,5,Pass,High,None,Good
6744,7,77,5,35,9,Pass,High,Math,Good
6745,4.3,67,9,93,5,Pass,High,None,Good
6746,8,85,4,62,8,Pass,High,None,Excellent
6747,5.8,61,5,73,5,Pass,High,English,Good
6748,1.5,90,5,63,6,Pass,Medium,Physics,Good
6749,7.9,93,4,63,5,Pass,High,None,Excellent
6750,3.9,45,4,53,5,Fail,Low,English,Poor
6751,3,86,5,31,8,Pass,Medium,Math,Good
6752,4.9,67,6,37,9,Pass,Medium,Math,Average
6753,3.1,92,7,54,6,Pass,Medium,None,Good
6754,1.6,71,6,61,5,Pass,Medium,Physics,Average
6755,1,69,1,85,8,Pass,Medium,Physics,Average
6756,4.1,76,2,36,8,Pass,Medium,Math,Good
6757,6.9,63,7,77,8,Pass,High,English,Good
6758,5,68,3,83,9,Pass,High,None,Good
6759,8,47,10,92,5,Pass,High,English,Good
6760,3,56,2,31,7,Fail,Low,"Math,English",Poor
6761,3,79,6,64,6,Pass,Medium,None,Good
6762,2.1,59,4,51,7,Fail,Low,"English,Physics",Poor
6763,2.1,61,5,93,9,Pass,Medium,"English,Physics",Average
6764,3,94,6,88,5,Pass,High,None,Excellent
6765,6.5,76,3,78,7,Pass,High,None,Good
6766,7.3,51,1,81,7,Pass,High,English,Good
6767,7.8,63,3,50,7,Pass,High,English,Good
6768,2.6,51,3,41,6,Fail,Low,"Math,English,Physics",Poor
6769,7.2,49,6,40,5,Pass,Medium,"Math,English",Average
6770,3.3,84,4,83,8,Pass,High,None,Excellent
6771,1.8,65,7,43,5,Fail,Low,"Math,Physics",Poor
6772,7.1,92,2,62,7,Pass,High,None,Excellent
6773,5.5,92,4,55,5,Pass,High,None,Excellent
6774,2.2,95,8,43,8,Pass,Medium,"Math,Physics",Good
6775,4,91,6,77,6,Pass,High,None,Excellent
6776,3,51,10,94,5,Pass,High,English,Good
6777,6.2,81,3,75,5,Pass,High,None,Excellent
6778,4.2,67,10,84,6,Pass,High,None,Good
6779,7.9,55,2,41,6,Pass,Medium,"Math,English",Average
6780,1.4,54,3,83,7,Pass,Medium,"English,Physics",Average
6781,3.5,65,1,93,7,Pass,Medium,None,Average
6782,4.4,99,1,76,6,Pass,Medium,None,Good
6783,4.5,85,2,66,8,Pass,Medium,None,Good
6784,3.2,77,3,70,7,Pass,Medium,None,Good
6785,6.1,64,9,56,8,Pass,High,English,Good
6786,7.1,77,8,71,6,Pass,High,None,Good
6787,7.6,84,9,58,5,Pass,High,None,Excellent
6788,6.6,79,7,65,6,Pass,High,None,Good
6789,7,78,7,86,6,Pass,High,None,Good
6790,4.9,80,5,41,9,Pass,Medium,Math,Good
6791,6.8,71,7,74,6,Pass,High,None,Good
6792,3.1,63,4,49,7,Pass,Medium,"Math,English",Average
6793,3.8,87,5,74,5,Pass,Medium,None,Good
6794,3.2,49,1,52,8,Fail,Low,English,Poor
6795,4.3,73,4,91,9,Pass,High,None,Good
6796,3,100,3,63,7,Pass,Medium,None,Good
6797,7.7,54,2,50,5,Pass,Medium,English,Average
6798,3.2,100,2,80,8,Pass,High,None,Excellent
6799,1.7,99,8,38,5,Pass,Medium,"Math,Physics",Good
6800,4.7,84,1,39,7,Pass,Medium,Math,Good
6801,1.4,57,8,81,5,Pass,Medium,"English,Physics",Average
6802,1.8,73,9,74,6,Pass,Medium,Physics,Average
6803,2.5,49,6,81,5,Pass,Medium,"English,Physics",Average
6804,4.3,56,1,59,6,Pass,Medium,English,Average
6805,4,57,10,93,7,Pass,High,English,Good
6806,6.6,66,7,31,9,Pass,High,Math,Good
6807,6.2,84,5,78,6,Pass,High,None,Excellent
6808,4,59,9,74,5,Pass,High,English,Good
6809,3.3,57,7,46,5,Pass,Medium,"Math,English",Average
6810,3.2,45,5,57,5,Fail,Low,English,Poor
6811,6.4,98,2,74,7,Pass,High,None,Excellent
6812,1.4,82,4,46,8,Fail,Low,"Math,Physics",Good
6813,1.1,87,2,88,5,Pass,Medium,Physics,Good
6814,6.6,89,9,43,5,Pass,High,Math,Excellent
6815,4.3,97,2,39,6,Pass,Medium,Math,Good
6816,1.9,96,2,47,9,Pass,Medium,"Math,Physics",Good
6817,2.6,45,2,64,5,Fail,Low,"English,Physics",Poor
6818,7.5,55,1,77,7,Pass,High,English,Good
6819,7,87,9,87,8,Pass,High,None,Excellent
6820,6,84,8,47,8,Pass,High,Math,Excellent
6821,4.4,66,2,81,8,Pass,Medium,None,Average
6822,4.6,79,2,59,7,Pass,Medium,None,Good
6823,7.8,95,5,66,8,Pass,High,None,Excellent
6824,7.8,88,4,69,8,Pass,High,None,Excellent
6825,2.5,50,2,35,6,Fail,Low,"Math,English,Physics",Poor
6826,6.7,72,8,64,8,Pass,High,None,Good
6827,2.4,75,8,55,6,Pass,Medium,Physics,Good
6828,2.5,99,4,59,6,Pass,Medium,Physics,Good
6829,5.7,52,4,53,6,Pass,Medium,English,Average
6830,3.8,49,9,84,7,Pass,High,English,Good
6831,7.5,86,4,38,5,Pass,High,Math,Excellent
6832,1.6,98,10,91,9,Pass,High,Physics,Excellent
6833,4.6,92,9,47,8,Pass,High,Math,Excellent
6834,7.4,88,3,80,9,Pass,High,None,Excellent
6835,7.3,61,2,48,5,Pass,Medium,"Math,English",Average
6836,2.1,82,8,62,6,Pass,Medium,Physics,Good
6837,3.6,53,3,67,6,Pass,Medium,English,Average
6838,5.3,54,2,42,6,Pass,Medium,"Math,English",Average
6839,2.1,64,8,78,6,Pass,Medium,"English,Physics",Average
6840,7.8,58,8,82,8,Pass,High,English,Good
6841,7.4,58,5,30,5,Pass,Medium,"Math,English",Average
6842,2.2,70,9,41,5,Pass,Medium,"Math,Physics",Average
6843,1.8,73,6,53,5,Pass,Medium,Physics,Average
6844,1.6,93,5,30,9,Pass,Medium,"Math,Physics",Good
6845,7.4,71,3,36,6,Pass,Medium,Math,Average
6846,2.4,69,7,68,7,Pass,Medium,Physics,Average
6847,3.9,60,9,61,5,Pass,Medium,English,Average
6848,4.1,80,4,78,9,Pass,High,None,Excellent
6849,5.2,78,7,60,8,Pass,High,None,Good
6850,1.5,60,3,32,6,Fail,Low,"Math,English,Physics",Poor
6851,2.6,77,2,76,9,Pass,Medium,Physics,Good
6852,7.5,47,1,44,7,Pass,Medium,"Math,English",Average
6853,7.4,67,6,80,7,Pass,High,None,Good
6854,6.5,55,5,50,8,Pass,High,English,Good
6855,1.1,92,2,70,5,Fail,Low,Physics,Good
6856,3.3,62,3,32,5,Fail,Low,"Math,English",Poor
6857,5.4,91,9,30,9,Pass,High,Math,Excellent
6858,2.9,85,3,50,9,Pass,Medium,Physics,Good
6859,7.4,88,7,50,5,Pass,High,None,Excellent
6860,5.4,73,1,78,5,Pass,Medium,None,Average
6861,1.5,94,7,94,9,Pass,High,Physics,Excellent
6862,7.4,49,9,70,6,Pass,High,English,Good
6863,7.7,68,8,71,7,Pass,High,None,Good
6864,1.5,73,7,86,7,Pass,Medium,Physics,Average
6865,4.7,73,10,72,8,Pass,High,None,Good
6866,3.1,70,8,41,7,Pass,Medium,Math,Average
6867,3.7,84,4,93,9,Pass,High,None,Excellent
6868,2.3,47,2,80,6,Fail,Low,"English,Physics",Poor
6869,5,46,9,89,9,Pass,High,English,Good
6870,7.7,69,3,57,5,Pass,High,None,Good
6871,4.5,63,4,43,5,Pass,Medium,"Math,English",Average
6872,1.6,84,7,61,7,Pass,Medium,Physics,Good
6873,5.3,46,2,37,6,Fail,Low,"Math,English",Poor
6874,3.4,63,8,56,8,Pass,Medium,English,Average
6875,7,45,10,79,9,Pass,High,English,Good
6876,4,71,8,88,8,Pass,High,None,Good
6877,2.3,98,5,86,8,Pass,High,Physics,Excellent
6878,2.3,89,9,32,8,Pass,Medium,"Math,Physics",Good
6879,6.4,99,8,56,8,Pass,High,None,Excellent
6880,2.9,96,1,63,9,Pass,Medium,Physics,Good
6881,6.4,93,9,55,5,Pass,High,None,Excellent
6882,2.4,79,5,69,9,Pass,Medium,Physics,Good
6883,3.3,85,9,61,5,Pass,Medium,None,Good
6884,4.3,49,9,70,5,Pass,Medium,English,Average
6885,7.6,82,10,31,9,Pass,High,Math,Excellent
6886,7.5,48,10,36,9,Pass,High,"Math,English",Good
6887,2.4,61,3,48,9,Fail,Low,"Math,English,Physics",Poor
6888,3.5,97,8,62,5,Pass,High,None,Excellent
6889,2,65,7,31,9,Fail,Low,"Math,Physics",Poor
6890,4.6,97,7,44,6,Pass,High,Math,Excellent
6891,4.2,92,10,50,7,Pass,High,None,Excellent
6892,7.3,75,2,88,7,Pass,High,None,Good
6893,7.5,92,2,68,6,Pass,High,None,Excellent
6894,3.7,66,2,49,7,Pass,Medium,Math,Average
6895,4.4,55,2,30,5,Fail,Low,"Math,English",Poor
6896,7.3,78,4,38,9,Pass,High,Math,Good
6897,6.6,93,7,80,9,Pass,High,None,Excellent
6898,1,59,2,67,9,Fail,Low,"English,Physics",Poor
6899,3.2,94,5,44,6,Pass,Medium,Math,Good
6900,4,54,7,70,6,Pass,Medium,English,Average
6901,2.6,82,9,76,5,Pass,High,Physics,Excellent
6902,2.4,76,8,55,6,Pass,Medium,Physics,Good
6903,1.3,97,9,83,9,Pass,High,Physics,Excellent
6904,5.5,92,7,68,5,Pass,High,None,Excellent
6905,2.8,75,3,46,5,Fail,Low,"Math,Physics",Good
6906,1.4,81,1,38,9,Fail,Low,"Math,Physics",Good
6907,2.6,88,10,75,8,Pass,High,Physics,Excellent
6908,6.6,72,7,35,9,Pass,High,Math,Good
6909,7,75,6,45,5,Pass,High,Math,Good
6910,4.4,50,2,58,8,Pass,Medium,English,Average
6911,3.9,58,1,70,9,Pass,Medium,English,Average
6912,7.8,67,10,91,9,Pass,High,None,Good
6913,2.4,60,4,69,8,Pass,Medium,"English,Physics",Average
6914,2.5,69,4,91,8,Pass,Medium,Physics,Average
6915,3,83,6,53,7,Pass,Medium,None,Good
6916,2.2,46,5,35,8,Fail,Low,"Math,English,Physics",Poor
6917,3.7,82,9,69,6,Pass,High,None,Excellent
6918,7.4,85,8,87,8,Pass,High,None,Excellent
6919,5.3,83,9,43,5,Pass,High,Math,Excellent
6920,3.9,78,10,74,8,Pass,High,None,Good
6921,7.5,95,7,35,9,Pass,High,Math,Excellent
6922,1.3,84,9,52,6,Pass,Medium,Physics,Good
6923,2.5,87,3,91,8,Pass,Medium,Physics,Good
6924,5,69,9,46,6,Pass,High,Math,Good
6925,5.3,80,2,57,7,Pass,Medium,None,Good
6926,1.3,60,9,42,6,Fail,Low,"Math,English,Physics",Poor
6927,3.8,62,6,58,9,Pass,Medium,English,Average
6928,5.5,57,4,74,7,Pass,High,English,Good
6929,5.9,81,2,49,8,Pass,Medium,Math,Good
6930,5.5,71,10,87,6,Pass,High,None,Good
6931,3.2,78,3,83,7,Pass,Medium,None,Good
6932,1.7,55,5,93,8,Pass,Medium,"English,Physics",Average
6933,4,45,9,81,8,Pass,High,English,Good
6934,1.9,57,7,72,6,Pass,Medium,"English,Physics",Average
6935,7.6,74,3,47,6,Pass,High,Math,Good
6936,4.3,49,4,83,7,Pass,Medium,English,Average
6937,3.2,62,2,89,6,Pass,Medium,English,Average
6938,6.4,58,8,30,8,Pass,High,"Math,English",Good
6939,4.5,57,6,66,9,Pass,High,English,Good
6940,3.2,76,3,78,7,Pass,Medium,None,Good
6941,6.7,51,5,64,9,Pass,High,English,Good
6942,7.1,52,5,64,9,Pass,High,English,Good
6943,5.7,94,1,38,8,Pass,Medium,Math,Good
6944,1.3,51,5,66,9,Pass,Medium,"English,Physics",Average
6945,5,96,6,89,5,Pass,High,None,Excellent
6946,6.3,93,10,85,7,Pass,High,None,Excellent
6947,2,60,10,41,8,Pass,Medium,"Math,English,Physics",Average
6948,2.6,87,2,33,6,Fail,Low,"Math,Physics",Good
6949,7.2,75,3,90,8,Pass,High,None,Good
6950,1.1,95,10,74,6,Pass,Medium,Physics,Good
6951,6.3,71,5,79,8,Pass,High,None,Good
6952,4.3,77,3,79,5,Pass,Medium,None,Good
6953,4.1,97,5,77,7,Pass,High,None,Excellent
6954,1,73,5,52,9,Fail,Low,Physics,Poor
6955,6.7,52,8,37,8,Pass,High,"Math,English",Good
6956,3.5,77,10,58,7,Pass,High,None,Good
6957,4.8,85,9,72,7,Pass,High,None,Excellent
6958,5.7,63,8,82,7,Pass,High,English,Good
6959,5.9,65,3,35,7,Pass,Medium,Math,Average
6960,7.7,85,1,53,7,Pass,High,None,Excellent
6961,4.7,65,3,43,9,Pass,Medium,Math,Average
6962,3.8,69,1,81,9,Pass,Medium,None,Average
6963,7.7,86,9,33,8,Pass,High,Math,Excellent
6964,5.5,100,3,87,6,Pass,High,None,Excellent
6965,3.1,67,8,66,8,Pass,Medium,None,Average
6966,1.9,55,6,77,7,Pass,Medium,"English,Physics",Average
6967,6.9,77,3,68,6,Pass,High,None,Good
6968,3.5,64,9,95,8,Pass,High,English,Good
6969,5.6,69,8,42,6,Pass,Medium,Math,Average
6970,4.3,70,3,95,9,Pass,High,None,Good
6971,2.4,84,7,89,7,Pass,High,Physics,Excellent
6972,5.2,96,5,70,6,Pass,High,None,Excellent
6973,1.4,56,2,61,5,Fail,Low,"English,Physics",Poor
6974,3.9,76,8,81,7,Pass,High,None,Good
6975,4.8,77,1,34,9,Pass,Medium,Math,Good
6976,4.1,54,4,95,9,Pass,High,English,Good
6977,6.2,48,4,81,8,Pass,High,English,Good
6978,6.8,59,10,78,5,Pass,High,English,Good
6979,6.4,95,5,58,6,Pass,High,None,Excellent
6980,1.3,50,4,67,8,Fail,Low,"English,Physics",Poor
6981,2.4,71,1,37,9,Fail,Low,"Math,Physics",Poor
6982,4.8,49,7,88,6,Pass,High,English,Good
6983,7.5,49,10,84,9,Pass,High,English,Good
6984,6.8,62,2,31,9,Pass,Medium,"Math,English",Average
6985,6.9,72,10,55,5,Pass,High,None,Good
6986,3.1,79,3,92,7,Pass,Medium,None,Good
6987,4,66,5,46,6,Pass,Medium,Math,Average
6988,4.3,78,8,88,5,Pass,High,None,Good
6989,2.1,48,10,45,9,Pass,Medium,"Math,English,Physics",Average
6990,1.2,62,8,87,9,Pass,Medium,"English,Physics",Average
6991,7.6,85,2,93,5,Pass,High,None,Excellent
6992,2.7,95,9,79,6,Pass,High,Physics,Excellent
6993,2.7,70,6,55,9,Pass,Medium,Physics,Average
6994,1.6,86,9,46,6,Pass,Medium,"Math,Physics",Good
6995,7.5,66,4,75,5,Pass,High,None,Good
6996,5.1,91,3,79,9,Pass,High,None,Excellent
6997,5.7,77,5,72,8,Pass,High,None,Good
6998,7.4,87,5,77,8,Pass,High,None,Excellent
6999,3.4,58,4,48,9,Pass,Medium,"Math,English",Average
7000,5.4,75,7,54,7,Pass,High,None,Good
7001,1.3,54,8,47,9,Pass,Medium,"Math,English,Physics",Average
7002,2.3,95,5,80,9,Pass,High,Physics,Excellent
7003,6.8,68,9,47,9,Pass,High,Math,Good
7004,6.4,65,7,87,5,Pass,High,None,Good
7005,3.5,92,7,93,9,Pass,High,None,Excellent
7006,3.6,52,8,86,9,Pass,High,English,Good
7007,4.7,76,4,46,5,Pass,Medium,Math,Good
7008,1,75,10,88,9,Pass,High,Physics,Good
7009,2.7,78,6,44,8,Pass,Medium,"Math,Physics",Good
7010,2.5,67,5,55,8,Pass,Medium,Physics,Average
7011,2.8,69,1,77,9,Pass,Medium,Physics,Average
7012,6.6,51,9,43,5,Pass,High,"Math,English",Good
7013,3,63,2,38,9,Fail,Low,"Math,English",Poor
7014,2.3,51,6,36,9,Fail,Low,"Math,English,Physics",Poor
7015,4.5,91,8,84,6,Pass,High,None,Excellent
7016,7.1,52,3,41,7,Pass,Medium,"Math,English",Average
7017,2.7,58,5,46,5,Fail,Low,"Math,English,Physics",Poor
7018,1.5,45,7,37,7,Fail,Low,"Math,English,Physics",Poor
7019,3.5,57,4,71,6,Pass,Medium,English,Average
7020,6.2,47,5,66,7,Pass,High,English,Good
7021,4.9,97,1,49,9,Pass,Medium,Math,Good
7022,6.7,72,4,30,8,Pass,Medium,Math,Average
7023,7.7,82,7,38,5,Pass,High,Math,Excellent
7024,6.5,95,10,53,5,Pass,High,None,Excellent
7025,5.2,59,7,63,9,Pass,High,English,Good
7026,4.5,80,10,65,7,Pass,High,None,Excellent
7027,1.3,97,10,33,5,Pass,Medium,"Math,Physics",Good
7028,7.9,47,4,58,6,Pass,High,English,Good
7029,3.7,48,6,45,6,Pass,Medium,"Math,English",Average
7030,2.1,49,5,37,7,Fail,Low,"Math,English,Physics",Poor
7031,5.7,94,1,68,6,Pass,High,None,Excellent
7032,3,70,8,87,8,Pass,High,None,Good
7033,5.1,69,7,41,9,Pass,Medium,Math,Average
7034,5.1,54,5,73,5,Pass,Medium,English,Average
7035,4.1,52,10,33,9,Pass,Medium,"Math,English",Average
7036,6.9,56,10,54,7,Pass,High,English,Good
7037,2.9,98,7,68,9,Pass,High,Physics,Excellent
7038,4.1,47,10,53,5,Pass,Medium,English,Average
7039,4.8,71,3,35,5,Pass,Medium,Math,Average
7040,5.6,94,8,62,7,Pass,High,None,Excellent
7041,6.5,67,5,77,5,Pass,High,None,Good
7042,3.8,84,2,31,6,Fail,Low,Math,Good
7043,5.5,77,2,67,9,Pass,High,None,Good
7044,2.1,58,4,69,8,Pass,Medium,"English,Physics",Average
7045,7.5,98,7,85,8,Pass,High,None,Excellent
7046,3.7,67,10,50,8,Pass,Medium,None,Average
7047,6.1,75,4,64,7,Pass,High,None,Good
7048,1.1,57,9,89,8,Pass,Medium,"English,Physics",Average
7049,2.4,56,2,52,9,Fail,Low,"English,Physics",Poor
7050,4.4,79,6,94,5,Pass,High,None,Good
7051,7.1,62,4,92,6,Pass,High,English,Good
7052,4.7,65,6,52,8,Pass,Medium,None,Average
7053,7.5,89,10,71,8,Pass,High,None,Excellent
7054,4.4,91,9,93,8,Pass,High,None,Excellent
7055,4.4,86,10,95,6,Pass,High,None,Excellent
7056,1.8,45,9,70,9,Pass,Medium,"English,Physics",Average
7057,6.6,82,9,49,8,Pass,High,Math,Excellent
7058,2.7,85,9,38,5,Pass,Medium,"Math,Physics",Good
7059,7.3,86,3,86,7,Pass,High,None,Excellent
7060,7.4,91,9,46,6,Pass,High,Math,Excellent
7061,7.6,53,3,47,9,Pass,High,"Math,English",Good
7062,4.6,67,10,92,5,Pass,High,None,Good
7063,5.7,58,3,55,6,Pass,Medium,English,Average
7064,6.4,55,5,42,6,Pass,Medium,"Math,English",Average
7065,1.9,51,6,46,7,Fail,Low,"Math,English,Physics",Poor
7066,5.2,75,9,55,7,Pass,High,None,Good
7067,1.2,68,1,35,9,Fail,Low,"Math,Physics",Poor
7068,4.5,70,8,33,8,Pass,Medium,Math,Average
7069,2.1,74,4,36,7,Fail,Low,"Math,Physics",Poor
7070,2.3,78,10,46,9,Pass,Medium,"Math,Physics",Good
7071,3.6,90,7,79,6,Pass,High,None,Excellent
7072,4,82,6,35,8,Pass,Medium,Math,Good
7073,5.4,49,6,59,5,Pass,Medium,English,Average
7074,1.5,49,7,85,6,Pass,Medium,"English,Physics",Average
7075,4.5,63,4,68,9,Pass,Medium,English,Average
7076,2.3,95,6,43,5,Pass,Medium,"Math,Physics",Good
7077,5,82,3,83,6,Pass,High,None,Excellent
7078,5.5,72,5,51,7,Pass,Medium,None,Average
7079,4.9,70,2,86,9,Pass,High,None,Good
7080,6.2,86,3,70,5,Pass,High,None,Excellent
7081,3.3,67,9,39,7,Pass,Medium,Math,Average
7082,6.4,90,6,31,5,Pass,Medium,Math,Good
7083,4,93,3,77,8,Pass,High,None,Excellent
7084,4.4,74,2,71,8,Pass,Medium,None,Average
7085,5.5,47,5,40,9,Pass,Medium,"Math,English",Average
7086,1.1,72,10,41,5,Pass,Medium,"Math,Physics",Average
7087,5.6,77,5,43,8,Pass,Medium,Math,Good
7088,5.3,86,1,59,6,Pass,Medium,None,Good
7089,3.2,47,3,89,6,Pass,Medium,English,Average
7090,1.6,49,7,59,8,Pass,Medium,"English,Physics",Average
7091,1.6,63,9,67,8,Pass,Medium,"English,Physics",Average
7092,7.5,86,5,94,9,Pass,High,None,Excellent
7093,5.8,92,4,76,9,Pass,High,None,Excellent
7094,1.9,45,3,68,6,Fail,Low,"English,Physics",Poor
7095,3.5,82,10,78,7,Pass,High,None,Excellent
7096,5.1,53,9,87,5,Pass,High,English,Good
7097,6.8,49,7,46,7,Pass,High,"Math,English",Good
7098,1.3,90,7,35,9,Pass,Medium,"Math,Physics",Good
7099,2.7,86,8,44,7,Pass,Medium,"Math,Physics",Good
7100,7.2,78,10,57,9,Pass,High,None,Good
7101,1.1,81,1,73,7,Fail,Low,Physics,Good
7102,2.4,77,4,47,6,Fail,Low,"Math,Physics",Good
7103,7.7,69,5,61,9,Pass,High,None,Good
7104,5.3,86,5,73,6,Pass,High,None,Excellent
7105,2.8,73,1,92,7,Pass,Medium,Physics,Average
7106,1.5,69,3,87,8,Pass,Medium,Physics,Average
7107,1.2,98,2,76,8,Pass,Medium,Physics,Good
7108,2.7,53,7,46,5,Fail,Low,"Math,English,Physics",Poor
7109,7.2,47,5,68,8,Pass,High,English,Good
7110,3.9,59,3,88,5,Pass,Medium,English,Average
7111,6,48,8,36,7,Pass,Medium,"Math,English",Average
7112,7.4,89,1,92,5,Pass,High,None,Excellent
7113,3.9,82,1,86,5,Pass,Medium,None,Good
7114,2.3,64,6,63,5,Pass,Medium,"English,Physics",Average
7115,4.6,93,1,82,6,Pass,High,None,Excellent
7116,7.4,67,4,95,5,Pass,High,None,Good
7117,6.6,81,6,77,9,Pass,High,None,Excellent
7118,1.5,91,1,89,7,Pass,Medium,Physics,Good
7119,5.8,52,9,72,6,Pass,High,English,Good
7120,5,81,4,33,9,Pass,Medium,Math,Good
7121,7.4,100,9,81,7,Pass,High,None,Excellent
7122,1.9,89,9,61,6,Pass,Medium,Physics,Good
7123,4.7,77,6,80,7,Pass,High,None,Good
7124,7.2,77,7,39,8,Pass,High,Math,Good
7125,3.9,51,1,41,7,Fail,Low,"Math,English",Poor
7126,4.4,66,5,68,8,Pass,Medium,None,Average
7127,1.5,49,3,39,8,Fail,Low,"Math,English,Physics",Poor
7128,2.9,90,10,39,7,Pass,Medium,"Math,Physics",Good
7129,3.3,59,10,52,8,Pass,Medium,English,Average
7130,7.6,65,6,42,6,Pass,High,Math,Good
7131,3,69,4,77,8,Pass,Medium,None,Average
7132,4.2,61,9,73,5,Pass,High,English,Good
7133,5.7,100,7,93,6,Pass,High,None,Excellent
7134,2.1,94,4,69,6,Pass,Medium,Physics,Good
7135,4.4,51,6,35,6,Pass,Medium,"Math,English",Average
7136,6.2,98,2,72,5,Pass,High,None,Excellent
7137,7.1,94,3,61,5,Pass,High,None,Excellent
7138,5.4,63,7,78,5,Pass,High,English,Good
7139,5.7,96,4,48,5,Pass,Medium,Math,Good
7140,1.9,51,10,81,5,Pass,Medium,"English,Physics",Average
7141,7.6,84,7,81,9,Pass,High,None,Excellent
7142,1.9,89,9,63,9,Pass,High,Physics,Excellent
7143,6.4,94,5,88,5,Pass,High,None,Excellent
7144,2.9,68,1,34,6,Fail,Low,"Math,Physics",Poor
7145,7.5,55,5,95,8,Pass,High,English,Good
7146,6,85,6,70,8,Pass,High,None,Excellent
7147,6.3,99,2,63,9,Pass,High,None,Excellent
7148,2.5,45,8,83,5,Pass,Medium,"English,Physics",Average
7149,4.1,98,2,49,7,Pass,Medium,Math,Good
7150,5.3,76,9,83,8,Pass,High,None,Good
7151,6.4,84,2,95,8,Pass,High,None,Excellent
7152,1.7,97,3,47,6,Fail,Low,"Math,Physics",Good
7153,7.7,88,8,73,8,Pass,High,None,Excellent
7154,7.2,46,6,77,9,Pass,High,English,Good
7155,2.9,59,1,64,5,Fail,Low,"English,Physics",Poor
7156,6.8,65,4,68,5,Pass,High,None,Good
7157,4.6,68,5,32,8,Pass,Medium,Math,Average
7158,4.2,94,3,48,7,Pass,Medium,Math,Good
7159,3.2,61,1,47,9,Fail,Low,"Math,English",Poor
7160,5.1,91,3,34,8,Pass,Medium,Math,Good
7161,6.1,96,9,84,9,Pass,High,None,Excellent
7162,3.9,96,2,42,7,Pass,Medium,Math,Good
7163,5.4,53,1,63,9,Pass,Medium,English,Average
7164,5.9,79,7,47,9,Pass,High,Math,Good
7165,6,64,7,72,9,Pass,High,English,Good
7166,1.4,63,5,94,5,Pass,Medium,"English,Physics",Average
7167,7,62,2,70,7,Pass,High,English,Good
7168,4.2,64,1,67,5,Pass,Medium,English,Average
7169,2.8,74,5,67,6,Pass,Medium,Physics,Average
7170,2.7,84,10,42,8,Pass,Medium,"Math,Physics",Good
7171,4.4,45,4,51,5,Pass,Medium,English,Average
7172,7.2,68,9,58,9,Pass,High,None,Good
7173,3.6,68,5,38,6,Pass,Medium,Math,Average
7174,6.2,91,10,46,7,Pass,High,Math,Excellent
7175,1.7,63,2,66,7,Fail,Low,"English,Physics",Poor
7176,4.3,74,4,93,5,Pass,High,None,Good
7177,7.9,70,9,33,9,Pass,High,Math,Good
7178,6.4,86,8,69,9,Pass,High,None,Excellent
7179,2.5,88,3,45,7,Pass,Medium,"Math,Physics",Good
7180,4.5,82,8,40,9,Pass,High,Math,Excellent
7181,2.6,73,2,55,8,Pass,Medium,Physics,Average
7182,3.9,57,3,94,5,Pass,Medium,English,Average
7183,6.5,48,5,31,5,Pass,Medium,"Math,English",Average
7184,6.4,89,10,74,9,Pass,High,None,Excellent
7185,2.6,61,10,72,7,Pass,Medium,"English,Physics",Average
7186,7.5,77,8,32,8,Pass,High,Math,Good
7187,5.1,49,1,63,8,Pass,Medium,English,Average
7188,3.7,72,4,94,8,Pass,High,None,Good
7189,4.5,68,1,93,6,Pass,Medium,None,Average
7190,5.2,61,1,36,9,Pass,Medium,"Math,English",Average
7191,4.9,94,5,64,8,Pass,High,None,Excellent
7192,4.4,83,6,51,9,Pass,High,None,Excellent
7193,4.5,92,1,77,7,Pass,Medium,None,Good
7194,2.2,84,6,61,7,Pass,Medium,Physics,Good
7195,6.7,88,5,55,7,Pass,High,None,Excellent
7196,4.8,90,4,35,6,Pass,Medium,Math,Good
7197,1.9,95,10,75,7,Pass,High,Physics,Excellent
7198,6.4,55,5,84,9,Pass,High,English,Good
7199,7.5,56,8,84,5,Pass,High,English,Good
7200,7.6,57,9,86,5,Pass,High,English,Good
7201,3.6,52,2,92,9,Pass,Medium,English,Average
7202,1.9,45,6,30,5,Fail,Low,"Math,English,Physics",Poor
7203,4.6,53,3,50,8,Pass,Medium,English,Average
7204,1.8,72,2,49,5,Fail,Low,"Math,Physics",Poor
7205,7.5,46,1,58,6,Pass,Medium,English,Average
7206,2.3,58,4,72,7,Pass,Medium,"English,Physics",Average
7207,2.8,57,8,74,5,Pass,Medium,"English,Physics",Average
7208,3.8,92,3,94,5,Pass,High,None,Excellent
7209,3.7,46,5,32,6,Fail,Low,"Math,English",Poor
7210,6.6,48,10,49,6,Pass,High,"Math,English",Good
7211,4.2,56,5,66,5,Pass,Medium,English,Average
7212,2.2,92,5,67,8,Pass,Medium,Physics,Good
7213,2.9,54,9,74,5,Pass,Medium,"English,Physics",Average
7214,4.6,47,8,71,8,Pass,High,English,Good
7215,2,48,8,75,7,Pass,Medium,"English,Physics",Average
7216,5.3,50,1,89,9,Pass,High,English,Good
7217,5,67,1,42,7,Pass,Medium,Math,Average
7218,6,49,2,60,5,Pass,Medium,English,Average
7219,7.6,94,8,91,5,Pass,High,None,Excellent
7220,7.4,47,10,78,8,Pass,High,English,Good
7221,7.6,54,1,47,6,Pass,Medium,"Math,English",Average
7222,2.7,87,4,82,8,Pass,Medium,Physics,Good
7223,1.9,63,9,47,6,Pass,Medium,"Math,English,Physics",Average
7224,3.1,58,2,80,6,Pass,Medium,English,Average
7225,7.3,65,3,70,6,Pass,High,None,Good
7226,7.8,87,6,94,6,Pass,High,None,Excellent
7227,7,72,10,35,5,Pass,High,Math,Good
7228,1.8,65,3,66,9,Pass,Medium,Physics,Average
7229,7.6,80,4,41,9,Pass,High,Math,Excellent
7230,4,68,9,31,7,Pass,Medium,Math,Average
7231,1.1,98,9,82,7,Pass,High,Physics,Excellent
7232,4.1,82,10,54,7,Pass,High,None,Excellent
7233,1.3,61,5,57,8,Fail,Low,"English,Physics",Poor
7234,4.8,66,7,74,7,Pass,High,None,Good
7235,3.4,63,9,66,7,Pass,Medium,English,Average
7236,4.3,89,8,46,7,Pass,High,Math,Excellent
7237,5.3,98,7,85,5,Pass,High,None,Excellent
7238,7.1,54,8,87,7,Pass,High,English,Good
7239,5.6,55,5,33,9,Pass,Medium,"Math,English",Average
7240,4,82,5,84,5,Pass,High,None,Excellent
7241,6.7,46,5,78,6,Pass,High,English,Good
7242,7.3,77,1,67,8,Pass,High,None,Good
7243,1.8,87,6,74,5,Pass,Medium,Physics,Good
7244,4.7,75,5,59,5,Pass,Medium,None,Good
7245,3,92,8,66,9,Pass,High,None,Excellent
7246,1.3,79,8,85,7,Pass,Medium,Physics,Good
7247,5.7,81,2,56,6,Pass,Medium,None,Good
7248,7,91,6,61,9,Pass,High,None,Excellent
7249,2.1,91,10,40,9,Pass,Medium,"Math,Physics",Good
7250,6.7,80,10,87,5,Pass,High,None,Excellent
7251,7,67,6,64,6,Pass,High,None,Good
7252,7.4,80,3,46,9,Pass,High,Math,Excellent
7253,2.9,84,1,59,8,Pass,Medium,Physics,Good
7254,7.3,83,7,47,8,Pass,High,Math,Excellent
7255,3.2,70,10,59,9,Pass,High,None,Good
7256,4.9,69,5,45,5,Pass,Medium,Math,Average
7257,1.4,61,10,83,8,Pass,Medium,"English,Physics",Average
7258,1.3,59,5,33,5,Fail,Low,"Math,English,Physics",Poor
7259,6,81,8,44,7,Pass,High,Math,Excellent
7260,4.1,89,5,56,7,Pass,Medium,None,Good
7261,2.8,48,5,33,5,Fail,Low,"Math,English,Physics",Poor
7262,2.3,66,1,64,9,Pass,Medium,Physics,Average
7263,5.7,61,2,92,7,Pass,High,English,Good
7264,1,66,5,95,7,Pass,Medium,Physics,Average
7265,6.6,61,7,68,8,Pass,High,English,Good
7266,1.6,58,3,57,9,Fail,Low,"English,Physics",Poor
7267,2.3,58,1,63,5,Fail,Low,"English,Physics",Poor
7268,3.7,61,2,62,7,Pass,Medium,English,Average
7269,4.4,52,3,79,9,Pass,Medium,English,Average
7270,3.5,78,9,89,7,Pass,High,None,Good
7271,3.2,70,8,71,8,Pass,High,None,Good
7272,7.7,89,4,57,9,Pass,High,None,Excellent
7273,5.5,74,8,56,6,Pass,High,None,Good
7274,1.2,66,9,30,8,Fail,Low,"Math,Physics",Poor
7275,4,60,3,37,5,Fail,Low,"Math,English",Poor
7276,7.1,74,6,75,9,Pass,High,None,Good
7277,3.1,60,8,53,7,Pass,Medium,English,Average
7278,1.7,82,10,69,9,Pass,High,Physics,Excellent
7279,6.3,98,7,80,5,Pass,High,None,Excellent
7280,5.2,68,9,53,9,Pass,High,None,Good
7281,5,80,7,51,7,Pass,High,None,Excellent
7282,1.4,79,1,37,8,Fail,Low,"Math,Physics",Good
7283,2,50,9,87,8,Pass,Medium,"English,Physics",Average
7284,5.4,48,5,44,7,Pass,Medium,"Math,English",Average
7285,2.5,62,6,37,6,Fail,Low,"Math,English,Physics",Poor
7286,4.5,50,2,71,6,Pass,Medium,English,Average
7287,4.8,70,2,68,8,Pass,Medium,None,Average
7288,3,81,4,64,5,Pass,Medium,None,Good
7289,7.6,71,4,70,9,Pass,High,None,Good
7290,6.9,85,5,77,7,Pass,High,None,Excellent
7291,6.1,55,7,73,5,Pass,High,English,Good
7292,1.5,82,1,64,9,Pass,Medium,Physics,Good
7293,1.7,60,10,56,8,Pass,Medium,"English,Physics",Average
7294,4.4,63,4,94,7,Pass,High,English,Good
7295,2.1,87,9,95,5,Pass,High,Physics,Excellent
7296,7.8,97,8,92,9,Pass,High,None,Excellent
7297,2.1,59,3,58,8,Fail,Low,"English,Physics",Poor
7298,4.4,70,6,60,8,Pass,Medium,None,Average
7299,3.5,100,9,93,9,Pass,High,None,Excellent
7300,5.5,85,8,82,6,Pass,High,None,Excellent
7301,1.9,100,7,54,6,Pass,Medium,Physics,Good
7302,4,75,7,42,9,Pass,Medium,Math,Good
7303,2.9,63,1,69,9,Pass,Medium,"English,Physics",Average
7304,7.2,95,5,36,9,Pass,High,Math,Excellent
7305,1.3,68,7,61,8,Pass,Medium,Physics,Average
7306,7.4,53,2,53,7,Pass,Medium,English,Average
7307,6.8,67,6,30,8,Pass,High,Math,Good
7308,3.1,48,2,76,8,Pass,Medium,English,Average
7309,6.5,54,3,80,6,Pass,High,English,Good
7310,1.2,53,1,65,9,Fail,Low,"English,Physics",Poor
7311,7.8,63,3,56,8,Pass,High,English,Good
7312,4.7,59,7,71,8,Pass,High,English,Good
7313,3.1,95,5,42,9,Pass,Medium,Math,Good
7314,3.5,78,4,54,7,Pass,Medium,None,Good
7315,1.5,86,8,51,6,Pass,Medium,Physics,Good
7316,7.9,63,8,50,5,Pass,High,English,Good
7317,1.3,93,1,44,8,Fail,Low,"Math,Physics",Good
7318,5.6,96,9,66,7,Pass,High,None,Excellent
7319,4.1,100,9,74,5,Pass,High,None,Excellent
7320,7.6,65,2,55,9,Pass,High,None,Good
7321,2.7,78,2,84,5,Pass,Medium,Physics,Good
7322,4.7,95,8,79,9,Pass,High,None,Excellent
7323,4.4,61,6,64,7,Pass,Medium,English,Average
7324,5.9,62,3,70,5,Pass,Medium,English,Average
7325,1.5,61,2,40,6,Fail,Low,"Math,English,Physics",Poor
7326,2.4,46,5,37,7,Fail,Low,"Math,English,Physics",Poor
7327,2.5,95,8,83,5,Pass,High,Physics,Excellent
7328,6.2,45,6,30,8,Pass,Medium,"Math,English",Average
7329,2.3,87,3,49,5,Fail,Low,"Math,Physics",Good
7330,5,54,9,63,5,Pass,High,English,Good
7331,2.5,81,8,86,6,Pass,High,Physics,Excellent
7332,7,92,10,42,7,Pass,High,Math,Excellent
7333,7.6,100,6,83,8,Pass,High,None,Excellent
7334,4.6,49,1,82,7,Pass,Medium,English,Average
7335,3.5,100,2,81,7,Pass,High,None,Excellent
7336,2.6,99,4,35,8,Pass,Medium,"Math,Physics",Good
7337,1.3,56,2,65,8,Fail,Low,"English,Physics",Poor
7338,2.9,80,3,54,6,Pass,Medium,Physics,Good
7339,5.6,75,8,87,9,Pass,High,None,Good
7340,4.7,99,9,84,6,Pass,High,None,Excellent
7341,7.6,82,6,32,8,Pass,High,Math,Excellent
7342,3.8,95,4,57,5,Pass,Medium,None,Good
7343,5.9,53,2,67,5,Pass,Medium,English,Average
7344,4.4,88,7,63,7,Pass,High,None,Excellent
7345,4.6,70,10,42,7,Pass,High,Math,Good
7346,2.9,59,7,34,9,Pass,Medium,"Math,English,Physics",Average
7347,4.2,60,10,89,9,Pass,High,English,Good
7348,4.3,57,9,46,9,Pass,Medium,"Math,English",Average
7349,5.9,69,5,86,9,Pass,High,None,Good
7350,7.6,74,10,60,5,Pass,High,None,Good
7351,3.3,97,4,94,8,Pass,High,None,Excellent
7352,1.3,100,10,95,9,Pass,High,Physics,Excellent
7353,4.5,51,6,62,6,Pass,Medium,English,Average
7354,4.8,99,2,33,9,Pass,Medium,Math,Good
7355,2.2,96,2,84,5,Pass,Medium,Physics,Good
7356,6.3,48,9,53,7,Pass,High,English,Good
7357,7.9,87,7,61,6,Pass,High,None,Excellent
7358,7.6,84,7,76,9,Pass,High,None,Excellent
7359,2.4,82,5,45,5,Pass,Medium,"Math,Physics",Good
7360,7.1,74,7,50,7,Pass,High,None,Good
7361,5.9,54,9,60,9,Pass,High,English,Good
7362,4.2,74,10,43,5,Pass,Medium,Math,Average
7363,4.8,83,5,35,5,Pass,Medium,Math,Good
7364,6.9,51,9,58,8,Pass,High,English,Good
7365,4.4,80,1,84,5,Pass,Medium,None,Good
7366,3.6,79,3,66,9,Pass,Medium,None,Good
7367,4.5,68,7,88,5,Pass,High,None,Good
7368,5.1,83,4,65,6,Pass,High,None,Excellent
7369,2.3,80,2,88,5,Pass,Medium,Physics,Good
7370,7.3,89,3,93,5,Pass,High,None,Excellent
7371,5.7,64,7,72,6,Pass,High,English,Good
7372,5.4,93,8,71,9,Pass,High,None,Excellent
7373,1.7,76,9,89,7,Pass,High,Physics,Good
7374,5.2,83,6,91,8,Pass,High,None,Excellent
7375,1.8,93,10,93,7,Pass,High,Physics,Excellent
7376,1.6,70,9,87,9,Pass,High,Physics,Good
7377,4.7,70,4,31,9,Pass,Medium,Math,Average
7378,3.8,80,5,37,6,Pass,Medium,Math,Good
7379,5.1,87,1,85,7,Pass,High,None,Excellent
7380,1.6,79,9,65,5,Pass,Medium,Physics,Good
7381,4,87,9,42,6,Pass,Medium,Math,Good
7382,2.2,79,9,68,6,Pass,Medium,Physics,Good
7383,7.9,56,3,35,8,Pass,Medium,"Math,English",Average
7384,4.9,77,10,48,6,Pass,High,Math,Good
7385,5.8,80,10,54,7,Pass,High,None,Excellent
7386,3.3,58,10,32,9,Pass,Medium,"Math,English",Average
7387,1.7,77,8,82,8,Pass,Medium,Physics,Good
7388,7.8,90,3,57,5,Pass,High,None,Excellent
7389,3,89,6,55,7,Pass,Medium,None,Good
7390,4,89,5,76,5,Pass,High,None,Excellent
7391,5.5,68,8,37,6,Pass,Medium,Math,Average
7392,1.2,59,3,86,7,Pass,Medium,"English,Physics",Average
7393,6.7,75,1,84,8,Pass,High,None,Good
7394,4.8,61,9,30,8,Pass,Medium,"Math,English",Average
7395,2.9,56,10,69,5,Pass,Medium,"English,Physics",Average
7396,1.4,66,9,52,9,Pass,Medium,Physics,Average
7397,2.1,67,3,83,8,Pass,Medium,Physics,Average
7398,7.3,70,2,71,5,Pass,High,None,Good
7399,5.8,58,4,79,9,Pass,High,English,Good
7400,2.7,56,8,33,7,Pass,Medium,"Math,English,Physics",Average
7401,1.5,94,6,37,8,Pass,Medium,"Math,Physics",Good
7402,5.8,48,10,65,8,Pass,High,English,Good
7403,5,90,1,39,5,Pass,Medium,Math,Good
7404,3.8,95,8,59,8,Pass,High,None,Excellent
7405,3.5,57,5,45,5,Pass,Medium,"Math,English",Average
7406,2.5,99,6,59,8,Pass,Medium,Physics,Good
7407,5.7,62,5,93,5,Pass,High,English,Good
7408,7.8,87,10,40,8,Pass,High,Math,Excellent
7409,2.2,72,5,63,7,Pass,Medium,Physics,Average
7410,5.2,82,3,84,7,Pass,High,None,Excellent
7411,4,85,4,33,5,Pass,Medium,Math,Good
7412,4.1,88,5,78,7,Pass,High,None,Excellent
7413,2.8,63,2,73,5,Pass,Medium,"English,Physics",Average
7414,6.8,90,6,60,5,Pass,High,None,Excellent
7415,4.4,91,2,77,6,Pass,Medium,None,Good
7416,4.8,87,4,55,7,Pass,Medium,None,Good
7417,3.1,82,1,41,6,Fail,Low,Math,Good
7418,2.3,90,4,74,6,Pass,Medium,Physics,Good
7419,1.6,47,7,37,8,Fail,Low,"Math,English,Physics",Poor
7420,6,63,8,38,5,Pass,Medium,"Math,English",Average
7421,2.4,64,2,30,9,Fail,Low,"Math,English,Physics",Poor
7422,5.8,69,3,34,6,Pass,Medium,Math,Average
7423,3.7,55,1,83,8,Pass,Medium,English,Average
7424,3.9,100,7,53,7,Pass,High,None,Excellent
7425,4.3,61,4,55,9,Pass,Medium,English,Average
7426,3.6,93,10,39,5,Pass,Medium,Math,Good
7427,1.7,99,8,90,8,Pass,High,Physics,Excellent
7428,3.2,79,5,69,9,Pass,Medium,None,Good
7429,5.6,58,9,73,5,Pass,High,English,Good
7430,5.7,83,6,41,5,Pass,Medium,Math,Good
7431,3,63,10,51,9,Pass,Medium,English,Average
7432,4.2,47,2,56,8,Pass,Medium,English,Average
7433,2.4,78,1,43,9,Fail,Low,"Math,Physics",Good
7434,2.5,93,1,54,6,Pass,Medium,Physics,Good
7435,1.2,85,9,81,5,Pass,Medium,Physics,Good
7436,7.3,66,1,88,7,Pass,High,None,Good
7437,2.5,82,3,67,9,Pass,Medium,Physics,Good
7438,2.6,100,2,49,9,Pass,Medium,"Math,Physics",Good
7439,3,71,4,49,5,Pass,Medium,Math,Average
7440,1.9,65,1,85,5,Pass,Medium,Physics,Average
7441,5.5,85,1,59,9,Pass,Medium,None,Good
7442,1.5,75,4,70,7,Pass,Medium,Physics,Good
7443,1.9,71,4,92,5,Pass,Medium,Physics,Average
7444,5.5,81,7,58,5,Pass,High,None,Excellent
7445,3.4,46,8,73,6,Pass,Medium,English,Average
7446,6,98,8,86,8,Pass,High,None,Excellent
7447,4.9,91,8,53,6,Pass,High,None,Excellent
7448,2.8,53,9,48,7,Pass,Medium,"Math,English,Physics",Average
7449,5.6,63,1,46,8,Pass,Medium,"Math,English",Average
7450,1.8,86,9,90,9,Pass,High,Physics,Excellent
7451,4.8,80,10,33,7,Pass,High,Math,Excellent
7452,4.1,54,8,51,7,Pass,Medium,English,Average
7453,2.9,84,1,35,6,Fail,Low,"Math,Physics",Good
7454,5.2,98,7,59,8,Pass,High,None,Excellent
7455,7.1,89,9,40,7,Pass,High,Math,Excellent
7456,8,83,4,77,8,Pass,High,None,Excellent
7457,5.3,51,9,75,9,Pass,High,English,Good
7458,3.8,48,1,56,8,Fail,Low,English,Poor
7459,2.6,59,9,48,6,Pass,Medium,"Math,English,Physics",Average
7460,2.8,56,6,88,6,Pass,Medium,"English,Physics",Average
7461,4.4,92,4,83,7,Pass,High,None,Excellent
7462,3.6,50,5,46,8,Pass,Medium,"Math,English",Average
7463,7.4,53,7,79,6,Pass,High,English,Good
7464,3.6,79,10,69,5,Pass,High,None,Good
7465,3.6,52,4,40,6,Fail,Low,"Math,English",Poor
7466,3.7,51,8,43,9,Pass,Medium,"Math,English",Average
7467,6.9,48,3,42,5,Pass,Medium,"Math,English",Average
7468,5.6,57,2,57,8,Pass,Medium,English,Average
7469,5.3,63,1,73,7,Pass,Medium,English,Average
7470,3.3,51,6,92,5,Pass,Medium,English,Average
7471,6.7,54,2,90,6,Pass,High,English,Good
7472,1.3,69,8,46,7,Pass,Medium,"Math,Physics",Average
7473,7.1,88,10,79,7,Pass,High,None,Excellent
7474,4.6,79,4,55,7,Pass,Medium,None,Good
7475,3.8,69,9,36,7,Pass,Medium,Math,Average
7476,4.5,73,4,45,8,Pass,Medium,Math,Average
7477,5.7,100,4,46,8,Pass,High,Math,Excellent
7478,1.1,56,8,64,8,Pass,Medium,"English,Physics",Average
7479,7.1,95,8,52,6,Pass,High,None,Excellent
7480,4.1,91,5,38,8,Pass,Medium,Math,Good
7481,3.4,84,3,47,7,Pass,Medium,Math,Good
7482,2,56,2,77,5,Fail,Low,"English,Physics",Poor
7483,4.1,96,9,95,5,Pass,High,None,Excellent
7484,4.5,50,9,52,5,Pass,Medium,English,Average
7485,3.8,54,5,39,5,Fail,Low,"Math,English",Poor
7486,5.8,46,8,67,5,Pass,High,English,Good
7487,3.9,100,7,88,9,Pass,High,None,Excellent
7488,7.7,89,3,72,5,Pass,High,None,Excellent
7489,5.2,69,5,41,5,Pass,Medium,Math,Average
7490,6.7,51,9,82,5,Pass,High,English,Good
7491,1.8,84,4,43,6,Fail,Low,"Math,Physics",Good
7492,3.8,67,3,81,9,Pass,Medium,None,Average
7493,3.4,92,7,90,5,Pass,High,None,Excellent
7494,5,55,8,70,8,Pass,High,English,Good
7495,7,80,5,50,6,Pass,High,None,Excellent
7496,1.5,93,8,77,9,Pass,High,Physics,Excellent
7497,1.5,92,5,85,8,Pass,Medium,Physics,Good
7498,7,95,9,64,8,Pass,High,None,Excellent
7499,2.5,67,7,73,6,Pass,Medium,Physics,Average
7500,5.7,87,5,68,8,Pass,High,None,Excellent
7501,4.8,51,9,44,7,Pass,Medium,"Math,English",Average
7502,6.8,71,5,41,6,Pass,High,Math,Good
7503,1.9,57,8,37,6,Fail,Low,"Math,English,Physics",Poor
7504,1.9,95,4,30,7,Fail,Low,"Math,Physics",Good
7505,4.9,61,9,71,6,Pass,High,English,Good
7506,7.6,76,6,60,8,Pass,High,None,Good
7507,3.9,70,6,59,8,Pass,Medium,None,Average
7508,3.3,66,3,72,8,Pass,Medium,None,Average
7509,5.2,57,3,55,7,Pass,Medium,English,Average
7510,7.5,56,4,41,8,Pass,High,"Math,English",Good
7511,6.9,51,1,88,7,Pass,High,English,Good
7512,8,45,6,40,7,Pass,High,"Math,English",Good
7513,1.2,77,1,76,7,Fail,Low,Physics,Good
7514,1.8,96,4,52,6,Pass,Medium,Physics,Good
7515,5.3,99,7,72,9,Pass,High,None,Excellent
7516,6.7,58,6,68,7,Pass,High,English,Good
7517,3,91,8,84,8,Pass,High,None,Excellent
7518,2.7,87,4,47,7,Pass,Medium,"Math,Physics",Good
7519,6.5,100,9,71,5,Pass,High,None,Excellent
7520,1.4,85,10,55,6,Pass,Medium,Physics,Good
7521,3.6,61,8,47,8,Pass,Medium,"Math,English",Average
7522,4.5,48,5,70,6,Pass,Medium,English,Average
7523,4.9,96,6,71,6,Pass,High,None,Excellent
7524,6.1,95,5,62,5,Pass,High,None,Excellent
7525,3.5,83,6,72,7,Pass,High,None,Excellent
7526,5.3,45,1,43,8,Pass,Medium,"Math,English",Average
7527,5.1,85,4,84,9,Pass,High,None,Excellent
7528,4.8,89,9,87,6,Pass,High,None,Excellent
7529,5.5,68,4,39,9,Pass,Medium,Math,Average
7530,2.8,78,2,57,9,Pass,Medium,Physics,Good
7531,1.6,78,6,43,7,Pass,Medium,"Math,Physics",Good
7532,1.8,68,2,55,9,Fail,Low,Physics,Poor
7533,2.6,59,3,46,8,Fail,Low,"Math,English,Physics",Poor
7534,4.5,61,7,63,7,Pass,Medium,English,Average
7535,6.9,57,4,43,9,Pass,High,"Math,English",Good
7536,5.9,51,1,55,7,Pass,Medium,English,Average
7537,6.5,53,9,63,8,Pass,High,English,Good
7538,3.5,88,6,53,6,Pass,Medium,None,Good
7539,3.8,79,9,49,5,Pass,Medium,Math,Good
7540,3.8,67,3,68,7,Pass,Medium,None,Average
7541,2.3,98,5,74,5,Pass,Medium,Physics,Good
7542,1.4,91,9,63,6,Pass,Medium,Physics,Good
7543,5.1,83,6,51,8,Pass,High,None,Excellent
7544,7.9,67,2,62,6,Pass,High,None,Good
7545,2.2,70,1,35,5,Fail,Low,"Math,Physics",Poor
7546,1.3,45,9,45,8,Fail,Low,"Math,English,Physics",Poor
7547,6.5,58,1,52,9,Pass,Medium,English,Average
7548,2.8,76,5,47,9,Pass,Medium,"Math,Physics",Good
7549,6.8,95,1,43,7,Pass,High,Math,Excellent
7550,5.9,92,5,79,9,Pass,High,None,Excellent
7551,7.6,54,5,90,5,Pass,High,English,Good
7552,3.9,45,7,65,9,Pass,Medium,English,Average
7553,5.6,49,7,44,7,Pass,Medium,"Math,English",Average
7554,4.3,47,10,34,8,Pass,Medium,"Math,English",Average
7555,5.4,93,1,82,9,Pass,High,None,Excellent
7556,4.1,94,9,77,7,Pass,High,None,Excellent
7557,2.3,97,1,40,9,Pass,Medium,"Math,Physics",Good
7558,4.6,71,5,31,9,Pass,Medium,Math,Average
7559,4.7,95,7,53,5,Pass,High,None,Excellent
7560,6.7,98,8,41,7,Pass,High,Math,Excellent
7561,6.1,66,2,88,7,Pass,High,None,Good
7562,5.6,62,1,61,6,Pass,Medium,English,Average
7563,1.8,60,4,65,6,Fail,Low,"English,Physics",Poor
7564,6,46,4,50,7,Pass,Medium,English,Average
7565,4.5,91,10,95,5,Pass,High,None,Excellent
7566,7.3,57,6,38,9,Pass,High,"Math,English",Good
7567,7.4,89,1,73,8,Pass,High,None,Excellent
7568,1.4,60,1,88,9,Pass,Medium,"English,Physics",Average
7569,6.7,52,3,53,8,Pass,Medium,English,Average
7570,1.3,87,5,92,5,Pass,Medium,Physics,Good
7571,3.6,52,6,70,6,Pass,Medium,English,Average
7572,4.8,98,5,31,7,Pass,Medium,Math,Good
7573,2,54,5,57,5,Fail,Low,"English,Physics",Poor
7574,6.2,99,9,45,8,Pass,High,Math,Excellent
7575,1.1,77,2,88,7,Pass,Medium,Physics,Good
7576,2.2,75,1,30,8,Fail,Low,"Math,Physics",Good
7577,5.1,56,6,30,9,Pass,Medium,"Math,English",Average
7578,6,53,9,60,9,Pass,High,English,Good
7579,7.4,81,7,51,9,Pass,High,None,Excellent
7580,5.9,53,8,88,7,Pass,High,English,Good
7581,5.7,92,5,57,6,Pass,High,None,Excellent
7582,3.8,62,10,56,6,Pass,Medium,English,Average
7583,1,74,4,30,8,Fail,Low,"Math,Physics",Poor
7584,1.8,76,6,31,6,Fail,Low,"Math,Physics",Good
7585,4.7,84,3,95,6,Pass,High,None,Excellent
7586,5.7,67,1,78,8,Pass,High,None,Good
7587,3.9,55,4,48,8,Pass,Medium,"Math,English",Average
7588,6.1,64,9,57,8,Pass,High,English,Good
7589,4.7,63,4,68,7,Pass,Medium,English,Average
7590,1.5,80,1,48,8,Fail,Low,"Math,Physics",Good
7591,2.3,96,4,93,7,Pass,High,Physics,Excellent
7592,6.9,70,7,87,7,Pass,High,None,Good
7593,6.1,54,3,46,7,Pass,Medium,"Math,English",Average
7594,7.3,68,10,70,8,Pass,High,None,Good
7595,1.8,57,6,34,6,Fail,Low,"Math,English,Physics",Poor
7596,7.9,96,1,52,6,Pass,High,None,Excellent
7597,2.5,90,4,39,8,Pass,Medium,"Math,Physics",Good
7598,1.1,97,3,41,6,Fail,Low,"Math,Physics",Good
7599,8,78,1,39,8,Pass,High,Math,Good
7600,3,73,3,89,7,Pass,Medium,None,Average
7601,5.7,80,4,59,9,Pass,High,None,Excellent
7602,2.2,51,5,53,5,Fail,Low,"English,Physics",Poor
7603,5.1,95,6,42,8,Pass,High,Math,Excellent
7604,7.3,74,2,38,7,Pass,Medium,Math,Average
7605,3.2,61,2,47,9,Pass,Medium,"Math,English",Average
7606,5.7,92,6,64,7,Pass,High,None,Excellent
7607,2.3,57,5,33,5,Fail,Low,"Math,English,Physics",Poor
7608,5.4,100,1,70,6,Pass,High,None,Excellent
7609,3.4,68,3,55,6,Pass,Medium,None,Average
7610,2.5,98,5,73,7,Pass,Medium,Physics,Good
7611,3.2,99,2,71,5,Pass,Medium,None,Good
7612,2.3,75,1,39,7,Fail,Low,"Math,Physics",Good
7613,7.3,71,9,30,6,Pass,High,Math,Good
7614,3.8,94,5,83,7,Pass,High,None,Excellent
7615,2.7,65,2,45,9,Fail,Low,"Math,Physics",Poor
7616,4.1,88,10,75,5,Pass,High,None,Excellent
7617,3.2,99,4,42,6,Pass,Medium,Math,Good
7618,6.2,45,3,93,7,Pass,High,English,Good
7619,7.8,59,7,84,5,Pass,High,English,Good
7620,4.1,47,1,92,7,Pass,Medium,English,Average
7621,7,50,10,47,6,Pass,High,"Math,English",Good
7622,5,58,4,90,5,Pass,High,English,Good
7623,2.1,99,7,49,6,Pass,Medium,"Math,Physics",Good
7624,5.8,82,10,94,9,Pass,High,None,Excellent
7625,4.6,77,5,93,9,Pass,High,None,Good
7626,5.6,96,4,93,8,Pass,High,None,Excellent
7627,7.2,82,4,42,5,Pass,High,Math,Excellent
7628,4.1,52,2,86,9,Pass,Medium,English,Average
7629,7.3,70,8,74,8,Pass,High,None,Good
7630,6.3,59,4,67,5,Pass,High,English,Good
7631,4.4,58,2,83,6,Pass,Medium,English,Average
7632,5.2,92,9,65,7,Pass,High,None,Excellent
7633,3.3,64,10,40,7,Pass,Medium,"Math,English",Average
7634,7.9,99,7,56,6,Pass,High,None,Excellent
7635,5.7,92,3,46,9,Pass,High,Math,Excellent
7636,1.3,63,7,62,7,Pass,Medium,"English,Physics",Average
7637,3.3,100,1,34,6,Fail,Low,Math,Good
7638,5.4,77,1,91,8,Pass,High,None,Good
7639,1.4,80,4,94,8,Pass,Medium,Physics,Good
7640,1.2,68,4,73,6,Pass,Medium,Physics,Average
7641,4.2,54,4,43,5,Pass,Medium,"Math,English",Average
7642,3.3,96,9,86,9,Pass,High,None,Excellent
7643,4.1,94,6,77,9,Pass,High,None,Excellent
7644,2.8,78,3,46,6,Fail,Low,"Math,Physics",Good
7645,2.2,80,6,73,7,Pass,Medium,Physics,Good
7646,5.8,91,2,33,9,Pass,Medium,Math,Good
7647,4.6,80,2,59,9,Pass,Medium,None,Good
7648,2.4,60,7,84,8,Pass,Medium,"English,Physics",Average
7649,3.2,59,3,59,8,Pass,Medium,English,Average
7650,5.1,62,7,47,8,Pass,Medium,"Math,English",Average
7651,1.5,51,3,73,9,Pass,Medium,"English,Physics",Average
7652,2,91,2,91,9,Pass,Medium,Physics,Good
7653,1.5,66,4,60,9,Pass,Medium,Physics,Average
7654,6.7,76,4,45,7,Pass,High,Math,Good
7655,6.3,87,3,52,7,Pass,High,None,Excellent
7656,6.3,63,9,43,7,Pass,High,"Math,English",Good
7657,6,84,6,31,5,Pass,Medium,Math,Good
7658,5.7,100,5,41,9,Pass,High,Math,Excellent
7659,4.3,45,6,87,9,Pass,High,English,Good
7660,5.5,79,8,85,6,Pass,High,None,Good
7661,1.3,49,5,53,6,Fail,Low,"English,Physics",Poor
7662,5.4,94,4,66,5,Pass,High,None,Excellent
7663,6.4,56,7,58,6,Pass,High,English,Good
7664,4.5,56,5,71,7,Pass,Medium,English,Average
7665,3.5,65,4,47,5,Pass,Medium,Math,Average
7666,2.9,63,5,32,5,Fail,Low,"Math,English,Physics",Poor
7667,5.5,53,4,42,5,Pass,Medium,"Math,English",Average
7668,5.8,87,8,58,8,Pass,High,None,Excellent
7669,7.1,93,8,95,6,Pass,High,None,Excellent
7670,3.4,92,1,88,9,Pass,High,None,Excellent
7671,6.4,80,3,77,8,Pass,High,None,Excellent
7672,4.9,86,4,33,7,Pass,Medium,Math,Good
7673,7.2,98,2,80,8,Pass,High,None,Excellent
7674,4.7,91,5,34,7,Pass,Medium,Math,Good
7675,4.6,95,8,68,9,Pass,High,None,Excellent
7676,5,76,2,70,9,Pass,High,None,Good
7677,6.2,79,9,34,6,Pass,High,Math,Good
7678,7.8,75,7,37,8,Pass,High,Math,Good
7679,1.5,97,6,85,9,Pass,High,Physics,Excellent
7680,1.4,99,8,54,7,Pass,Medium,Physics,Good
7681,7.6,76,2,81,9,Pass,High,None,Good
7682,4.7,81,5,81,6,Pass,High,None,Excellent
7683,5.3,76,4,36,7,Pass,Medium,Math,Good
7684,4.4,87,8,90,5,Pass,High,None,Excellent
7685,1.7,100,1,76,6,Pass,Medium,Physics,Good
7686,6.4,81,3,95,6,Pass,High,None,Excellent
7687,6.2,83,10,88,5,Pass,High,None,Excellent
7688,3.2,82,8,34,9,Pass,Medium,Math,Good
7689,3.1,74,5,73,6,Pass,Medium,None,Average
7690,6.9,76,4,71,5,Pass,High,None,Good
7691,1.5,89,6,90,5,Pass,Medium,Physics,Good
7692,7.2,46,5,92,6,Pass,High,English,Good
7693,2.8,95,3,79,8,Pass,Medium,Physics,Good
7694,5.2,55,5,67,6,Pass,Medium,English,Average
7695,7.6,64,4,83,8,Pass,High,English,Good
7696,5.7,81,1,73,9,Pass,High,None,Excellent
7697,3.9,53,1,53,5,Fail,Low,English,Poor
7698,5.8,82,7,92,7,Pass,High,None,Excellent
7699,3.4,93,4,68,6,Pass,Medium,None,Good
7700,2.9,63,1,41,7,Fail,Low,"Math,English,Physics",Poor
7701,8,99,6,92,9,Pass,High,None,Excellent
7702,6.3,84,1,38,6,Pass,Medium,Math,Good
7703,5.5,51,8,51,7,Pass,Medium,English,Average
7704,3.5,49,9,65,9,Pass,Medium,English,Average
7705,1.3,91,3,57,8,Pass,Medium,Physics,Good
7706,1.2,86,7,85,9,Pass,Medium,Physics,Good
7707,4.9,68,5,58,6,Pass,Medium,None,Average
7708,6.3,92,3,34,6,Pass,Medium,Math,Good
7709,4.8,85,5,33,6,Pass,Medium,Math,Good
7710,6.9,51,10,80,9,Pass,High,English,Good
7711,1.2,55,7,44,6,Fail,Low,"Math,English,Physics",Poor
7712,3.6,53,7,89,9,Pass,High,English,Good
7713,2.7,93,9,55,5,Pass,Medium,Physics,Good
7714,4.1,74,8,52,5,Pass,Medium,None,Average
7715,1.5,85,4,58,5,Fail,Low,Physics,Good
7716,7.7,47,5,86,7,Pass,High,English,Good
7717,2.6,66,5,91,5,Pass,Medium,Physics,Average
7718,7.5,84,10,88,5,Pass,High,None,Excellent
7719,4,95,2,77,9,Pass,High,None,Excellent
7720,7.9,64,7,64,9,Pass,High,English,Good
7721,4.9,76,7,75,6,Pass,High,None,Good
7722,7.5,92,9,62,6,Pass,High,None,Excellent
7723,1,51,9,39,6,Fail,Low,"Math,English,Physics",Poor
7724,6.2,51,4,77,9,Pass,High,English,Good
7725,7.3,64,5,73,9,Pass,High,English,Good
7726,2,69,7,92,5,Pass,Medium,Physics,Average
7727,1.7,89,10,78,8,Pass,High,Physics,Excellent
7728,4,79,7,70,9,Pass,High,None,Good
7729,7.5,88,10,68,8,Pass,High,None,Excellent
7730,4.8,68,8,52,9,Pass,High,None,Good
7731,4.7,84,8,42,9,Pass,High,Math,Excellent
7732,2,57,2,82,7,Pass,Medium,"English,Physics",Average
7733,1,96,9,86,8,Pass,High,Physics,Excellent
7734,6.7,92,4,77,7,Pass,High,None,Excellent
7735,1.6,83,1,49,5,Fail,Low,"Math,Physics",Good
7736,5.4,48,1,91,7,Pass,Medium,English,Average
7737,7.4,56,5,74,7,Pass,High,English,Good
7738,2.5,61,7,92,5,Pass,Medium,"English,Physics",Average
7739,5.7,45,5,37,8,Pass,Medium,"Math,English",Average
7740,1.6,61,3,55,6,Fail,Low,"English,Physics",Poor
7741,5.2,46,7,67,9,Pass,High,English,Good
7742,2.1,50,1,70,8,Fail,Low,"English,Physics",Poor
7743,6.2,88,1,31,5,Pass,Medium,Math,Good
7744,3.1,55,2,36,7,Fail,Low,"Math,English",Poor
7745,4.2,97,1,54,6,Pass,Medium,None,Good
7746,5.2,87,9,80,7,Pass,High,None,Excellent
7747,2.2,62,4,79,9,Pass,Medium,"English,Physics",Average
7748,6.2,84,7,93,5,Pass,High,None,Excellent
7749,3.1,69,5,41,6,Pass,Medium,Math,Average
7750,5.6,83,7,82,8,Pass,High,None,Excellent
7751,2.1,72,7,39,8,Pass,Medium,"Math,Physics",Average
7752,5.8,90,1,90,5,Pass,High,None,Excellent
7753,1.9,60,1,84,5,Fail,Low,"English,Physics",Poor
7754,4,56,3,71,7,Pass,Medium,English,Average
7755,2.7,85,10,95,6,Pass,High,Physics,Excellent
7756,6.2,96,2,73,9,Pass,High,None,Excellent
7757,2.8,73,7,57,5,Pass,Medium,Physics,Average
7758,7.2,67,3,87,6,Pass,High,None,Good
7759,7.2,65,7,31,5,Pass,Medium,Math,Average
7760,2.4,60,9,84,5,Pass,Medium,"English,Physics",Average
7761,5.3,97,1,63,8,Pass,High,None,Excellent
7762,1.6,95,3,49,6,Fail,Low,"Math,Physics",Good
7763,3.7,92,6,76,8,Pass,High,None,Excellent
7764,6,85,9,55,8,Pass,High,None,Excellent
7765,5.6,89,5,30,6,Pass,Medium,Math,Good
7766,5.4,70,3,94,8,Pass,High,None,Good
7767,3,81,8,44,7,Pass,Medium,Math,Good
7768,3.6,66,5,43,9,Pass,Medium,Math,Average
7769,1.7,95,6,84,9,Pass,High,Physics,Excellent
7770,6,54,2,30,7,Pass,Medium,"Math,English",Average
7771,4.5,51,4,62,5,Pass,Medium,English,Average
7772,6,53,1,85,8,Pass,High,English,Good
7773,2.7,69,4,52,9,Pass,Medium,Physics,Average
7774,3.3,90,1,83,6,Pass,Medium,None,Good
7775,3.3,59,4,32,5,Fail,Low,"Math,English",Poor
7776,1.2,57,2,75,9,Fail,Low,"English,Physics",Poor
7777,3.4,86,6,35,8,Pass,Medium,Math,Good
7778,6.6,90,6,54,9,Pass,High,None,Excellent
7779,7.3,70,8,46,8,Pass,High,Math,Good
7780,4.6,65,9,57,5,Pass,Medium,None,Average
7781,4.2,67,8,61,7,Pass,High,None,Good
7782,1.2,88,1,52,8,Fail,Low,Physics,Good
7783,7.2,72,3,45,8,Pass,High,Math,Good
7784,1.1,95,6,55,5,Pass,Medium,Physics,Good
7785,7.6,82,1,62,5,Pass,High,None,Excellent
7786,4.4,56,8,87,6,Pass,High,English,Good
7787,3.4,68,6,77,5,Pass,Medium,None,Average
7788,7.5,57,1,84,9,Pass,High,English,Good
7789,1.2,84,10,70,8,Pass,Medium,Physics,Good
7790,5.1,92,2,91,7,Pass,High,None,Excellent
7791,4.8,46,6,46,5,Pass,Medium,"Math,English",Average
7792,2.5,98,10,88,8,Pass,High,Physics,Excellent
7793,4,83,8,43,7,Pass,Medium,Math,Good
7794,5.6,56,5,50,6,Pass,Medium,English,Average
7795,6.1,83,1,92,9,Pass,High,None,Excellent
7796,1,95,10,75,6,Pass,Medium,Physics,Good
7797,7.6,58,2,84,5,Pass,High,English,Good
7798,2.2,74,4,91,9,Pass,Medium,Physics,Average
7799,2.6,85,4,68,6,Pass,Medium,Physics,Good
7800,2.8,94,7,71,8,Pass,High,Physics,Excellent
7801,1.3,87,2,77,5,Pass,Medium,Physics,Good
7802,1.9,92,7,57,6,Pass,Medium,Physics,Good
7803,7.9,63,7,35,9,Pass,High,"Math,English",Good
7804,3.2,75,7,88,9,Pass,High,None,Good
7805,1.8,87,3,68,7,Pass,Medium,Physics,Good
7806,1.7,94,6,86,9,Pass,High,Physics,Excellent
7807,6,87,6,83,9,Pass,High,None,Excellent
7808,7,69,4,89,5,Pass,High,None,Good
7809,2.8,48,1,46,9,Fail,Low,"Math,English,Physics",Poor
7810,1.1,94,9,69,7,Pass,Medium,Physics,Good
7811,2.6,95,2,95,9,Pass,High,Physics,Excellent
7812,1.4,57,9,83,7,Pass,Medium,"English,Physics",Average
7813,1.7,80,8,73,8,Pass,Medium,Physics,Good
7814,4,86,1,86,7,Pass,Medium,None,Good
7815,2.6,98,7,65,5,Pass,Medium,Physics,Good
7816,4.6,81,10,86,6,Pass,High,None,Excellent
7817,2.8,47,3,72,6,Pass,Medium,"English,Physics",Average
7818,7.6,60,10,73,8,Pass,High,English,Good
7819,7.3,70,10,91,5,Pass,High,None,Good
7820,5,84,9,90,8,Pass,High,None,Excellent
7821,3.5,100,5,40,8,Pass,Medium,Math,Good
7822,3.7,83,3,62,9,Pass,Medium,None,Good
7823,3.9,63,8,95,9,Pass,High,English,Good
7824,6.1,90,3,52,5,Pass,Medium,None,Good
7825,4.2,59,7,78,6,Pass,High,English,Good
7826,7,76,7,49,7,Pass,High,Math,Good
7827,7.6,93,7,44,9,Pass,High,Math,Excellent
7828,3.4,65,1,95,5,Pass,Medium,None,Average
7829,4.9,45,5,59,5,Pass,Medium,English,Average
7830,1.7,50,1,33,6,Fail,Low,"Math,English,Physics",Poor
7831,2.4,71,7,93,5,Pass,Medium,Physics,Average
7832,3.9,67,8,94,5,Pass,High,None,Good
7833,2.4,91,7,37,6,Pass,Medium,"Math,Physics",Good
7834,7.1,75,1,81,9,Pass,High,None,Good
7835,2.1,56,3,43,6,Fail,Low,"Math,English,Physics",Poor
7836,4.2,65,10,87,8,Pass,High,None,Good
7837,5.2,96,3,40,9,Pass,Medium,Math,Good
7838,5.8,46,7,88,8,Pass,High,English,Good
7839,3.7,49,4,53,5,Fail,Low,English,Poor
7840,7.1,53,3,61,8,Pass,High,English,Good
7841,5,64,6,75,6,Pass,High,English,Good
7842,4.1,90,10,57,6,Pass,High,None,Excellent
7843,1.5,62,6,45,7,Fail,Low,"Math,English,Physics",Poor
7844,4.3,66,10,71,5,Pass,High,None,Good
7845,6.7,52,5,45,6,Pass,Medium,"Math,English",Average
7846,5.3,78,6,41,9,Pass,High,Math,Good
7847,6.8,53,3,91,6,Pass,High,English,Good
7848,4.5,51,10,63,9,Pass,High,English,Good
7849,1.8,74,5,67,5,Pass,Medium,Physics,Average
7850,1.1,62,9,76,7,Pass,Medium,"English,Physics",Average
7851,3.1,71,4,51,7,Pass,Medium,None,Average
7852,5.9,60,2,32,8,Pass,Medium,"Math,English",Average
7853,6.5,65,5,30,6,Pass,Medium,Math,Average
7854,3.1,49,3,82,5,Pass,Medium,English,Average
7855,4.5,99,3,93,8,Pass,High,None,Excellent
7856,3.9,73,4,73,5,Pass,Medium,None,Average
7857,3.9,91,4,76,5,Pass,Medium,None,Good
7858,2.6,81,5,67,8,Pass,Medium,Physics,Good
7859,2,87,7,92,5,Pass,High,Physics,Excellent
7860,2.4,66,4,70,8,Pass,Medium,Physics,Average
7861,1.4,58,7,50,6,Fail,Low,"English,Physics",Poor
7862,2.4,63,9,74,8,Pass,Medium,"English,Physics",Average
7863,1.1,79,3,42,6,Fail,Low,"Math,Physics",Good
7864,5.4,68,5,95,7,Pass,High,None,Good
7865,3.2,86,4,95,8,Pass,High,None,Excellent
7866,7.8,50,9,72,7,Pass,High,English,Good
7867,2.4,47,5,91,8,Pass,Medium,"English,Physics",Average
7868,3.4,78,10,77,5,Pass,High,None,Good
7869,3.5,89,2,55,7,Pass,Medium,None,Good
7870,1.1,94,10,90,9,Pass,High,Physics,Excellent
7871,6.9,46,1,91,9,Pass,High,English,Good
7872,1.2,59,7,43,9,Fail,Low,"Math,English,Physics",Poor
7873,7.6,81,1,83,7,Pass,High,None,Excellent
7874,7.2,59,8,70,6,Pass,High,English,Good
7875,4.7,76,9,89,8,Pass,High,None,Good
7876,4.8,65,7,38,5,Pass,Medium,Math,Average
7877,5.6,61,9,73,5,Pass,High,English,Good
7878,3.7,78,10,85,7,Pass,High,None,Good
7879,5.5,76,6,32,9,Pass,Medium,Math,Good
7880,1.3,94,7,88,5,Pass,Medium,Physics,Good
7881,1.4,91,3,42,5,Fail,Low,"Math,Physics",Good
7882,4.2,96,9,59,6,Pass,High,None,Excellent
7883,4.8,67,3,82,5,Pass,Medium,None,Average
7884,7.2,79,6,80,5,Pass,High,None,Good
7885,1.7,81,4,71,8,Pass,Medium,Physics,Good
7886,6.8,87,9,55,5,Pass,High,None,Excellent
7887,2.5,85,1,88,8,Pass,Medium,Physics,Good
7888,3.8,81,9,32,9,Pass,Medium,Math,Good
7889,3.2,77,4,70,6,Pass,Medium,None,Good
7890,3.8,69,10,30,5,Pass,Medium,Math,Average
7891,2.1,90,5,94,6,Pass,Medium,Physics,Good
7892,4.5,81,1,79,6,Pass,Medium,None,Good
7893,6.6,84,1,88,6,Pass,High,None,Excellent
7894,4.1,65,6,92,7,Pass,High,None,Good
7895,4.4,90,10,54,8,Pass,High,None,Excellent
7896,6.9,92,1,39,6,Pass,Medium,Math,Good
7897,5.9,82,2,30,9,Pass,Medium,Math,Good
7898,4.4,84,3,43,5,Pass,Medium,Math,Good
7899,2.8,78,7,50,6,Pass,Medium,Physics,Good
7900,7.2,63,2,87,6,Pass,High,English,Good
7901,5,71,5,67,5,Pass,Medium,None,Average
7902,2.5,53,9,30,9,Pass,Medium,"Math,English,Physics",Average
7903,2.9,49,10,34,6,Pass,Medium,"Math,English,Physics",Average
7904,6.6,49,8,73,6,Pass,High,English,Good
7905,1.3,69,8,94,9,Pass,High,Physics,Good
7906,7.9,70,2,86,6,Pass,High,None,Good
7907,1.9,63,1,74,9,Pass,Medium,"English,Physics",Average
7908,6.6,74,9,89,6,Pass,High,None,Good
7909,3.8,80,10,95,5,Pass,High,None,Excellent
7910,4.4,92,4,76,9,Pass,High,None,Excellent
7911,7.2,92,9,55,5,Pass,High,None,Excellent
7912,3.9,60,7,38,5,Pass,Medium,"Math,English",Average
7913,4.8,51,6,80,6,Pass,High,English,Good
7914,1.3,62,10,37,9,Pass,Medium,"Math,English,Physics",Average
7915,1,100,9,34,7,Pass,Medium,"Math,Physics",Good
7916,2.7,65,10,68,5,Pass,Medium,Physics,Average
7917,5.8,75,4,69,5,Pass,High,None,Good
7918,1.8,45,1,65,5,Fail,Low,"English,Physics",Poor
7919,1.8,47,5,50,6,Fail,Low,"English,Physics",Poor
7920,3.9,75,6,55,6,Pass,Medium,None,Good
7921,5.5,69,6,85,5,Pass,High,None,Good
7922,6,97,1,86,6,Pass,High,None,Excellent
7923,2.2,52,7,88,6,Pass,Medium,"English,Physics",Average
7924,1.6,45,8,36,6,Fail,Low,"Math,English,Physics",Poor
7925,7.6,51,5,71,8,Pass,High,English,Good
7926,2.8,51,2,42,9,Fail,Low,"Math,English,Physics",Poor
7927,7,52,2,63,6,Pass,Medium,English,Average
7928,7,63,5,82,8,Pass,High,English,Good
7929,6.4,61,7,75,8,Pass,High,English,Good
7930,2.2,55,7,86,6,Pass,Medium,"English,Physics",Average
7931,6.8,91,4,90,8,Pass,High,None,Excellent
7932,6.4,85,3,85,7,Pass,High,None,Excellent
7933,5.2,93,9,58,8,Pass,High,None,Excellent
7934,3.4,55,7,43,9,Pass,Medium,"Math,English",Average
7935,2.8,82,2,42,8,Pass,Medium,"Math,Physics",Good
7936,1.9,85,1,46,6,Fail,Low,"Math,Physics",Good
7937,4.6,94,2,58,5,Pass,Medium,None,Good
7938,5.1,96,3,31,7,Pass,Medium,Math,Good
7939,3.5,46,5,91,8,Pass,Medium,English,Average
7940,4.3,48,3,49,7,Pass,Medium,"Math,English",Average
7941,3.5,94,10,85,9,Pass,High,None,Excellent
7942,5.5,72,9,81,8,Pass,High,None,Good
7943,7.3,77,10,54,8,Pass,High,None,Good
7944,2.1,55,4,91,7,Pass,Medium,"English,Physics",Average
7945,3.7,47,7,46,8,Pass,Medium,"Math,English",Average
7946,2,84,4,68,8,Pass,Medium,Physics,Good
7947,5.4,49,3,39,5,Pass,Medium,"Math,English",Average
7948,6.1,96,10,88,7,Pass,High,None,Excellent
7949,7.5,65,1,54,6,Pass,Medium,None,Average
7950,3,66,9,57,6,Pass,Medium,None,Average
7951,7.7,98,1,90,9,Pass,High,None,Excellent
7952,1.4,81,1,87,5,Pass,Medium,Physics,Good
7953,5.2,55,1,73,7,Pass,Medium,English,Average
7954,1.4,88,5,52,7,Pass,Medium,Physics,Good
7955,7.3,66,7,46,5,Pass,High,Math,Good
7956,4.7,85,7,67,5,Pass,High,None,Excellent
7957,5.7,97,10,59,9,Pass,High,None,Excellent
7958,6.8,57,1,48,6,Pass,Medium,"Math,English",Average
7959,2.1,98,6,61,7,Pass,Medium,Physics,Good
7960,1.3,96,9,49,5,Pass,Medium,"Math,Physics",Good
7961,7.2,47,6,93,7,Pass,High,English,Good
7962,3.2,57,4,65,6,Pass,Medium,English,Average
7963,1.9,72,10,94,7,Pass,High,Physics,Good
7964,4.3,98,9,72,7,Pass,High,None,Excellent
7965,5.2,55,3,55,5,Pass,Medium,English,Average
7966,1.2,55,10,36,5,Fail,Low,"Math,English,Physics",Poor
7967,2.9,65,4,63,5,Pass,Medium,Physics,Average
7968,1.2,96,4,65,6,Pass,Medium,Physics,Good
7969,3.9,65,4,35,8,Pass,Medium,Math,Average
7970,7.3,51,6,66,6,Pass,High,English,Good
7971,7.9,61,7,91,5,Pass,High,English,Good
7972,5.5,92,9,89,9,Pass,High,None,Excellent
7973,2.1,58,3,93,7,Pass,Medium,"English,Physics",Average
7974,7.3,77,8,79,7,Pass,High,None,Good
7975,4.6,55,8,81,7,Pass,High,English,Good
7976,2.1,57,1,46,7,Fail,Low,"Math,English,Physics",Poor
7977,7.5,45,5,89,9,Pass,High,English,Good
7978,6.3,78,10,83,5,Pass,High,None,Good
7979,6.1,53,5,39,8,Pass,Medium,"Math,English",Average
7980,6,57,8,54,7,Pass,High,English,Good
7981,2.4,81,8,47,8,Pass,Medium,"Math,Physics",Good
7982,2.5,74,2,93,6,Pass,Medium,Physics,Average
7983,5.8,85,3,88,6,Pass,High,None,Excellent
7984,2.5,89,2,56,7,Pass,Medium,Physics,Good
7985,4.1,81,1,87,5,Pass,Medium,None,Good
7986,6.5,91,2,90,9,Pass,High,None,Excellent
7987,6.5,51,10,72,7,Pass,High,English,Good
7988,4.2,58,6,40,6,Pass,Medium,"Math,English",Average
7989,6.5,92,1,34,6,Pass,Medium,Math,Good
7990,6.9,50,6,87,8,Pass,High,English,Good
7991,5.6,78,1,68,9,Pass,High,None,Good
7992,2.6,60,2,77,7,Pass,Medium,"English,Physics",Average
7993,2.9,95,8,49,5,Pass,Medium,"Math,Physics",Good
7994,3.2,81,6,48,8,Pass,Medium,Math,Good
7995,1.8,80,9,89,9,Pass,High,Physics,Excellent
7996,2.9,90,1,55,8,Pass,Medium,Physics,Good
7997,2.5,50,5,54,5,Fail,Low,"English,Physics",Poor
7998,4.2,52,7,44,6,Pass,Medium,"Math,English",Average
7999,7.4,68,9,50,7,Pass,High,None,Good
8000,1.7,47,9,76,7,Pass,Medium,"English,Physics",Average
8001,6,48,4,64,5,Pass,Medium,English,Average
8002,5.8,76,4,73,7,Pass,High,None,Good
8003,1.7,45,4,35,7,Fail,Low,"Math,English,Physics",Poor
8004,7.5,78,3,52,8,Pass,High,None,Good
8005,5,89,8,68,5,Pass,High,None,Excellent
8006,3.5,53,5,47,8,Pass,Medium,"Math,English",Average
8007,6.3,56,7,69,7,Pass,High,English,Good
8008,2.8,54,10,65,9,Pass,Medium,"English,Physics",Average
8009,5.9,54,6,57,9,Pass,High,English,Good
8010,1.3,94,9,93,8,Pass,High,Physics,Excellent
8011,6.9,88,3,87,6,Pass,High,None,Excellent
8012,4.1,98,6,67,6,Pass,High,None,Excellent
8013,5.5,92,3,73,5,Pass,High,None,Excellent
8014,2.5,67,2,31,9,Fail,Low,"Math,Physics",Poor
8015,5.7,50,3,64,9,Pass,Medium,English,Average
8016,6.4,68,2,30,8,Pass,Medium,Math,Average
8017,4.3,68,2,75,7,Pass,Medium,None,Average
8018,5.3,65,10,89,5,Pass,High,None,Good
8019,4.2,100,7,92,8,Pass,High,None,Excellent
8020,7.3,86,10,74,6,Pass,High,None,Excellent
8021,4.5,75,3,86,7,Pass,High,None,Good
8022,6.9,91,8,66,5,Pass,High,None,Excellent
8023,6.6,85,2,36,7,Pass,Medium,Math,Good
8024,3.9,74,7,45,6,Pass,Medium,Math,Average
8025,2.6,100,3,79,8,Pass,Medium,Physics,Good
8026,3.8,78,9,43,8,Pass,Medium,Math,Good
8027,6.8,62,7,35,9,Pass,High,"Math,English",Good
8028,2.6,56,9,90,8,Pass,High,"English,Physics",Good
8029,4.7,79,2,50,9,Pass,Medium,None,Good
8030,6.6,51,6,39,8,Pass,Medium,"Math,English",Average
8031,3.5,85,5,61,5,Pass,Medium,None,Good
8032,5.5,84,2,35,6,Pass,Medium,Math,Good
8033,2.7,69,4,31,7,Fail,Low,"Math,Physics",Poor
8034,1.8,50,4,68,6,Fail,Low,"English,Physics",Poor
8035,6.6,45,8,78,6,Pass,High,English,Good
8036,1.7,90,7,56,9,Pass,Medium,Physics,Good
8037,2.9,60,5,85,9,Pass,Medium,"English,Physics",Average
8038,7,92,9,43,5,Pass,High,Math,Excellent
8039,3.4,48,1,52,7,Fail,Low,English,Poor
8040,7.8,73,4,80,8,Pass,High,None,Good
8041,7.9,82,5,54,8,Pass,High,None,Excellent
8042,2.9,91,8,82,6,Pass,High,Physics,Excellent
8043,1.3,72,3,40,5,Fail,Low,"Math,Physics",Poor
8044,5.9,66,5,64,7,Pass,High,None,Good
8045,4.2,52,3,84,8,Pass,Medium,English,Average
8046,1.7,76,7,87,6,Pass,Medium,Physics,Good
8047,6,77,10,66,5,Pass,High,None,Good
8048,1.2,57,3,38,7,Fail,Low,"Math,English,Physics",Poor
8049,7.1,71,7,57,6,Pass,High,None,Good
8050,2,62,2,84,6,Pass,Medium,"English,Physics",Average
8051,1.9,62,7,75,5,Pass,Medium,"English,Physics",Average
8052,2.2,57,9,56,5,Pass,Medium,"English,Physics",Average
8053,7.7,66,5,39,5,Pass,High,Math,Good
8054,5.9,58,6,52,5,Pass,Medium,English,Average
8055,6.6,55,10,50,7,Pass,High,English,Good
8056,3.8,83,3,74,5,Pass,Medium,None,Good
8057,3.4,94,10,32,5,Pass,Medium,Math,Good
8058,2.6,97,5,88,5,Pass,High,Physics,Excellent
8059,4.4,66,5,72,7,Pass,Medium,None,Average
8060,4.9,80,3,36,8,Pass,Medium,Math,Good
8061,5.4,61,8,56,6,Pass,High,English,Good
8062,2.8,95,6,91,9,Pass,High,Physics,Excellent
8063,7.6,76,3,71,6,Pass,High,None,Good
8064,2.2,58,1,33,7,Fail,Low,"Math,English,Physics",Poor
8065,7.8,86,10,91,5,Pass,High,None,Excellent
8066,1.1,73,1,37,7,Fail,Low,"Math,Physics",Poor
8067,4.4,50,10,46,8,Pass,Medium,"Math,English",Average
8068,3.3,94,2,34,9,Pass,Medium,Math,Good
8069,4.1,48,10,92,8,Pass,High,English,Good
8070,5,55,5,38,5,Pass,Medium,"Math,English",Average
8071,4,89,7,37,7,Pass,Medium,Math,Good
8072,3.9,84,1,36,7,Pass,Medium,Math,Good
8073,6.1,54,1,66,5,Pass,Medium,English,Average
8074,5.8,99,4,84,5,Pass,High,None,Excellent
8075,6.8,72,10,37,9,Pass,High,Math,Good
8076,2.7,55,6,34,8,Fail,Low,"Math,English,Physics",Poor
8077,5.3,79,9,46,5,Pass,High,Math,Good
8078,5.1,59,1,87,5,Pass,Medium,English,Average
8079,3.6,52,10,92,8,Pass,High,English,Good
8080,4.4,64,5,56,5,Pass,Medium,English,Average
8081,3.2,94,9,57,9,Pass,High,None,Excellent
8082,2,65,8,87,9,Pass,High,Physics,Good
8083,2.5,45,7,79,8,Pass,Medium,"English,Physics",Average
8084,1.7,73,10,60,6,Pass,Medium,Physics,Average
8085,5.8,68,2,41,9,Pass,Medium,Math,Average
8086,5.6,74,9,84,7,Pass,High,None,Good
8087,7.7,84,8,33,7,Pass,High,Math,Excellent
8088,6.1,79,10,71,6,Pass,High,None,Good
8089,1.4,77,10,83,9,Pass,High,Physics,Good
8090,7.2,64,9,51,5,Pass,High,English,Good
8091,7,60,9,30,6,Pass,High,"Math,English",Good
8092,4.1,53,9,77,5,Pass,High,English,Good
8093,5.1,75,3,72,7,Pass,High,None,Good
8094,7.8,61,7,49,6,Pass,High,"Math,English",Good
8095,4.7,75,1,47,9,Pass,Medium,Math,Good
8096,7.3,92,9,78,7,Pass,High,None,Excellent
8097,1.6,67,9,46,9,Pass,Medium,"Math,Physics",Average
8098,2.3,50,3,82,5,Pass,Medium,"English,Physics",Average
8099,4.1,74,5,51,9,Pass,Medium,None,Average
8100,5.1,99,8,39,6,Pass,High,Math,Excellent
8101,6.7,51,6,53,5,Pass,Medium,English,Average
8102,7.9,100,10,41,6,Pass,High,Math,Excellent
8103,3.7,92,10,33,5,Pass,Medium,Math,Good
8104,1.3,84,9,71,6,Pass,Medium,Physics,Good
8105,6.6,86,3,34,7,Pass,Medium,Math,Good
8106,5.2,90,7,55,6,Pass,High,None,Excellent
8107,2.4,55,6,88,7,Pass,Medium,"English,Physics",Average
8108,4.5,78,5,91,8,Pass,High,None,Good
8109,6.2,56,4,34,9,Pass,Medium,"Math,English",Average
8110,6.4,96,5,55,5,Pass,High,None,Excellent
8111,4.5,96,4,35,9,Pass,Medium,Math,Good
8112,3.1,89,3,53,7,Pass,Medium,None,Good
8113,7.8,91,7,82,7,Pass,High,None,Excellent
8114,5.6,71,6,36,7,Pass,Medium,Math,Average
8115,3.9,56,4,39,6,Fail,Low,"Math,English",Poor
8116,3,57,9,68,9,Pass,Medium,English,Average
8117,6.1,52,1,57,7,Pass,Medium,English,Average
8118,2.7,60,1,71,8,Pass,Medium,"English,Physics",Average
8119,2.2,73,9,91,7,Pass,High,Physics,Good
8120,4.7,79,7,81,9,Pass,High,None,Good
8121,3,73,2,51,7,Pass,Medium,None,Average
8122,5.4,75,10,86,7,Pass,High,None,Good
8123,1.8,57,5,40,5,Fail,Low,"Math,English,Physics",Poor
8124,5.6,56,4,43,7,Pass,Medium,"Math,English",Average
8125,3,95,1,60,9,Pass,Medium,None,Good
8126,1,46,9,33,5,Fail,Low,"Math,English,Physics",Poor
8127,1.9,77,6,51,5,Pass,Medium,Physics,Good
8128,7.5,52,6,93,7,Pass,High,English,Good
8129,7.1,85,4,90,7,Pass,High,None,Excellent
8130,2.6,84,2,35,8,Fail,Low,"Math,Physics",Good
8131,6.4,97,8,35,9,Pass,High,Math,Excellent
8132,5.3,93,8,95,9,Pass,High,None,Excellent
8133,7.8,85,3,65,6,Pass,High,None,Excellent
8134,3.6,76,7,44,6,Pass,Medium,Math,Good
8135,5.8,82,7,69,9,Pass,High,None,Excellent
8136,1.4,72,5,70,7,Pass,Medium,Physics,Average
8137,3.8,59,5,36,5,Fail,Low,"Math,English",Poor
8138,7.7,67,8,51,8,Pass,High,None,Good
8139,4.8,68,4,40,7,Pass,Medium,Math,Average
8140,3,57,1,31,5,Fail,Low,"Math,English",Poor
8141,1.8,65,1,59,9,Fail,Low,Physics,Poor
8142,5.9,98,9,82,7,Pass,High,None,Excellent
8143,5.5,56,4,50,8,Pass,Medium,English,Average
8144,3.6,57,1,54,6,Fail,Low,English,Poor
8145,7.7,83,2,34,5,Pass,Medium,Math,Good
8146,1.2,67,10,95,7,Pass,High,Physics,Good
8147,3.1,94,7,78,8,Pass,High,None,Excellent
8148,7.4,90,2,37,7,Pass,High,Math,Excellent
8149,3.2,87,1,56,9,Pass,Medium,None,Good
8150,2.8,72,10,31,5,Pass,Medium,"Math,Physics",Average
8151,4.7,58,9,57,9,Pass,High,English,Good
8152,6.8,61,5,40,9,Pass,High,"Math,English",Good
8153,1.7,68,4,75,6,Pass,Medium,Physics,Average
8154,7.6,97,4,50,9,Pass,High,None,Excellent
8155,6.6,78,1,71,8,Pass,High,None,Good
8156,2.3,95,3,61,5,Pass,Medium,Physics,Good
8157,6,92,1,61,6,Pass,High,None,Excellent
8158,3.7,66,5,51,7,Pass,Medium,None,Average
8159,3.8,54,5,50,9,Pass,Medium,English,Average
8160,6.5,98,9,51,7,Pass,High,None,Excellent
8161,7.7,52,8,63,6,Pass,High,English,Good
8162,1.9,65,5,39,7,Fail,Low,"Math,Physics",Poor
8163,3.9,81,5,94,8,Pass,High,None,Excellent
8164,4.4,51,7,94,6,Pass,High,English,Good
8165,3.6,70,2,72,5,Pass,Medium,None,Average
8166,3.5,57,7,70,5,Pass,Medium,English,Average
8167,1.4,60,1,42,5,Fail,Low,"Math,English,Physics",Poor
8168,5.8,74,5,33,5,Pass,Medium,Math,Average
8169,4.1,75,6,52,6,Pass,Medium,None,Good
8170,2.4,49,10,63,6,Pass,Medium,"English,Physics",Average
8171,6.7,76,1,70,6,Pass,High,None,Good
8172,6.6,60,9,47,9,Pass,High,"Math,English",Good
8173,4.4,91,9,62,6,Pass,High,None,Excellent
8174,3.1,53,1,54,6,Fail,Low,English,Poor
8175,5.5,66,4,81,6,Pass,High,None,Good
8176,3,99,8,46,5,Pass,Medium,Math,Good
8177,2.7,88,2,80,8,Pass,Medium,Physics,Good
8178,6.1,84,8,32,5,Pass,High,Math,Excellent
8179,1.3,89,10,84,8,Pass,High,Physics,Excellent
8180,1.7,81,9,85,8,Pass,High,Physics,Excellent
8181,1,58,9,64,8,Pass,Medium,"English,Physics",Average
8182,2.1,60,1,88,5,Pass,Medium,"English,Physics",Average
8183,1.5,87,9,88,9,Pass,High,Physics,Excellent
8184,8,64,4,42,7,Pass,High,"Math,English",Good
8185,3,88,8,91,9,Pass,High,None,Excellent
8186,2,59,9,76,5,Pass,Medium,"English,Physics",Average
8187,2.7,100,3,32,8,Pass,Medium,"Math,Physics",Good
8188,7.6,88,6,50,7,Pass,High,None,Excellent
8189,4.6,70,3,94,9,Pass,High,None,Good
8190,3.6,53,1,47,6,Fail,Low,"Math,English",Poor
8191,7.1,45,10,42,9,Pass,High,"Math,English",Good
8192,3.8,79,6,74,5,Pass,Medium,None,Good
8193,3.3,88,5,91,7,Pass,High,None,Excellent
8194,2.5,64,3,59,6,Fail,Low,"English,Physics",Poor
8195,3.6,89,4,43,7,Pass,Medium,Math,Good
8196,3.2,99,2,82,7,Pass,Medium,None,Good
8197,5.7,50,10,39,9,Pass,High,"Math,English",Good
8198,3,86,10,60,8,Pass,High,None,Excellent
8199,5,54,4,35,9,Pass,Medium,"Math,English",Average
8200,1.5,92,4,48,6,Fail,Low,"Math,Physics",Good
8201,2.3,77,3,41,5,Fail,Low,"Math,Physics",Good
8202,3.9,60,6,93,9,Pass,High,English,Good
8203,7.6,80,1,84,8,Pass,High,None,Excellent
8204,3.6,50,9,38,8,Pass,Medium,"Math,English",Average
8205,5.6,63,10,35,9,Pass,High,"Math,English",Good
8206,2.8,75,3,30,6,Fail,Low,"Math,Physics",Good
8207,1.9,46,3,71,8,Fail,Low,"English,Physics",Poor
8208,1.4,62,3,84,8,Pass,Medium,"English,Physics",Average
8209,3.1,86,7,78,6,Pass,High,None,Excellent
8210,2.1,72,8,59,6,Pass,Medium,Physics,Average
8211,2.2,48,2,64,6,Fail,Low,"English,Physics",Poor
8212,6.3,45,1,92,6,Pass,High,English,Good
8213,1.1,91,5,51,9,Pass,Medium,Physics,Good
8214,4.9,86,8,72,9,Pass,High,None,Excellent
8215,3.7,94,3,57,7,Pass,Medium,None,Good
8216,4.5,60,6,47,7,Pass,Medium,"Math,English",Average
8217,4.9,89,3,61,7,Pass,Medium,None,Good
8218,3.2,91,6,83,8,Pass,High,None,Excellent
8219,3.1,46,4,63,6,Pass,Medium,English,Average
8220,6.1,96,7,60,9,Pass,High,None,Excellent
8221,7.1,80,10,33,9,Pass,High,Math,Excellent
8222,2.3,45,1,43,6,Fail,Low,"Math,English,Physics",Poor
8223,1.7,83,1,44,7,Fail,Low,"Math,Physics",Good
8224,7.3,67,5,89,8,Pass,High,None,Good
8225,3.4,70,9,49,9,Pass,Medium,Math,Average
8226,4.9,55,5,49,5,Pass,Medium,"Math,English",Average
8227,3.5,86,4,78,8,Pass,High,None,Excellent
8228,1.9,45,8,47,8,Pass,Medium,"Math,English,Physics",Average
8229,5.1,55,5,53,7,Pass,Medium,English,Average
8230,4.7,68,1,56,6,Pass,Medium,None,Average
8231,2.4,54,7,62,5,Pass,Medium,"English,Physics",Average
8232,4.2,58,4,93,7,Pass,High,English,Good
8233,6.6,58,10,54,6,Pass,High,English,Good
8234,5.1,51,5,47,5,Pass,Medium,"Math,English",Average
8235,1.7,67,6,74,9,Pass,Medium,Physics,Average
8236,4.8,87,7,49,5,Pass,Medium,Math,Good
8237,5.9,66,2,64,7,Pass,Medium,None,Average
8238,6.5,80,1,35,5,Pass,Medium,Math,Good
8239,5.4,71,3,38,5,Pass,Medium,Math,Average
8240,2.1,100,10,81,5,Pass,High,Physics,Excellent
8241,6,46,1,57,9,Pass,Medium,English,Average
8242,5.7,83,4,48,6,Pass,Medium,Math,Good
8243,1.2,95,6,92,5,Pass,Medium,Physics,Good
8244,3.9,90,5,36,8,Pass,Medium,Math,Good
8245,3.3,63,4,66,7,Pass,Medium,English,Average
8246,5.7,51,7,65,8,Pass,High,English,Good
8247,2.5,56,6,46,6,Fail,Low,"Math,English,Physics",Poor
8248,5.1,47,3,66,7,Pass,Medium,English,Average
8249,7.4,91,9,89,6,Pass,High,None,Excellent
8250,6.6,49,5,78,7,Pass,High,English,Good
8251,7.5,52,10,85,8,Pass,High,English,Good
8252,7.8,58,1,63,8,Pass,High,English,Good
8253,1.1,80,6,59,9,Pass,Medium,Physics,Good
8254,5.4,51,5,56,6,Pass,Medium,English,Average
8255,3.9,51,10,80,8,Pass,High,English,Good
8256,7,94,8,38,7,Pass,High,Math,Excellent
8257,2.8,90,4,49,5,Pass,Medium,"Math,Physics",Good
8258,7.9,76,1,76,5,Pass,High,None,Good
8259,5.3,52,2,48,5,Pass,Medium,"Math,English",Average
8260,6.6,56,8,41,9,Pass,High,"Math,English",Good
8261,1.6,54,10,34,8,Pass,Medium,"Math,English,Physics",Average
8262,2.3,58,8,54,6,Pass,Medium,"English,Physics",Average
8263,6.3,53,5,60,6,Pass,Medium,English,Average
8264,1.2,82,6,75,9,Pass,Medium,Physics,Good
8265,6.7,74,2,63,7,Pass,High,None,Good
8266,1.1,49,9,70,8,Pass,Medium,"English,Physics",Average
8267,5.6,45,6,67,8,Pass,High,English,Good
8268,3.6,45,9,75,7,Pass,Medium,English,Average
8269,5.3,64,10,56,7,Pass,High,English,Good
8270,5.9,93,3,72,8,Pass,High,None,Excellent
8271,3.4,55,6,74,8,Pass,Medium,English,Average
8272,1.8,70,10,47,5,Pass,Medium,"Math,Physics",Average
8273,1.5,88,5,61,6,Pass,Medium,Physics,Good
8274,5.1,47,9,31,5,Pass,Medium,"Math,English",Average
8275,4.6,50,10,70,5,Pass,High,English,Good
8276,6.2,87,1,49,6,Pass,Medium,Math,Good
8277,4.6,89,9,87,9,Pass,High,None,Excellent
8278,4,55,5,67,9,Pass,Medium,English,Average
8279,3.8,52,1,30,9,Fail,Low,"Math,English",Poor
8280,1.2,73,10,83,9,Pass,High,Physics,Good
8281,3.3,54,8,43,7,Pass,Medium,"Math,English",Average
8282,7.8,78,7,54,5,Pass,High,None,Good
8283,7.1,68,6,38,7,Pass,High,Math,Good
8284,3.3,90,2,90,7,Pass,High,None,Excellent
8285,5.1,92,5,81,6,Pass,High,None,Excellent
8286,6.9,61,3,37,9,Pass,Medium,"Math,English",Average
8287,4.1,76,2,45,8,Pass,Medium,Math,Good
8288,1.1,55,10,37,9,Pass,Medium,"Math,English,Physics",Average
8289,1.5,78,1,52,5,Fail,Low,Physics,Good
8290,4.6,68,9,63,7,Pass,High,None,Good
8291,7.8,99,2,47,5,Pass,High,Math,Excellent
8292,5.9,49,1,73,7,Pass,Medium,English,Average
8293,1.5,73,7,44,7,Pass,Medium,"Math,Physics",Average
8294,2.3,92,9,44,7,Pass,Medium,"Math,Physics",Good
8295,6.4,92,6,52,8,Pass,High,None,Excellent
8296,6.9,78,8,94,9,Pass,High,None,Good
8297,5.3,60,7,61,7,Pass,High,English,Good
8298,5.5,69,9,61,6,Pass,High,None,Good
8299,1.2,81,7,62,7,Pass,Medium,Physics,Good
8300,6.8,52,6,72,9,Pass,High,English,Good
8301,6.5,73,1,42,9,Pass,Medium,Math,Average
8302,2.8,96,9,38,8,Pass,Medium,"Math,Physics",Good
8303,6,90,10,91,7,Pass,High,None,Excellent
8304,2.5,69,5,86,6,Pass,Medium,Physics,Average
8305,1.3,86,2,77,8,Pass,Medium,Physics,Good
8306,2.4,67,8,72,8,Pass,Medium,Physics,Average
8307,2.3,78,4,61,7,Pass,Medium,Physics,Good
8308,3.4,47,3,89,7,Pass,Medium,English,Average
8309,3.9,74,1,30,8,Fail,Low,Math,Poor
8310,4.6,94,5,86,8,Pass,High,None,Excellent
8311,4.3,97,3,90,8,Pass,High,None,Excellent
8312,2.9,78,4,37,5,Fail,Low,"Math,Physics",Good
8313,1.2,76,9,36,8,Pass,Medium,"Math,Physics",Good
8314,5.2,97,7,66,9,Pass,High,None,Excellent
8315,3.8,73,5,71,6,Pass,Medium,None,Average
8316,3.1,53,8,61,6,Pass,Medium,English,Average
8317,7.1,46,6,46,7,Pass,High,"Math,English",Good
8318,6.2,83,10,57,8,Pass,High,None,Excellent
8319,7,51,2,77,6,Pass,High,English,Good
8320,4.5,90,7,83,6,Pass,High,None,Excellent
8321,1.9,49,1,71,9,Fail,Low,"English,Physics",Poor
8322,5.9,52,3,65,9,Pass,Medium,English,Average
8323,2.4,76,1,95,5,Pass,Medium,Physics,Good
8324,4.1,99,1,60,5,Pass,Medium,None,Good
8325,1.5,98,5,94,6,Pass,Medium,Physics,Good
8326,6.8,62,6,32,7,Pass,Medium,"Math,English",Average
8327,1.9,82,3,42,6,Fail,Low,"Math,Physics",Good
8328,7.3,90,3,60,7,Pass,High,None,Excellent
8329,7,62,3,58,6,Pass,High,English,Good
8330,4.3,93,1,86,9,Pass,High,None,Excellent
8331,6.2,85,5,62,8,Pass,High,None,Excellent
8332,5.3,89,1,82,6,Pass,High,None,Excellent
8333,6.6,60,10,39,5,Pass,High,"Math,English",Good
8334,4,65,10,92,7,Pass,High,None,Good
8335,6.5,54,3,94,7,Pass,High,English,Good
8336,4.2,86,6,31,6,Pass,Medium,Math,Good
8337,7.6,48,6,31,7,Pass,Medium,"Math,English",Average
8338,4.4,88,3,66,5,Pass,Medium,None,Good
8339,4.2,52,9,31,9,Pass,Medium,"Math,English",Average
8340,6.5,91,8,90,8,Pass,High,None,Excellent
8341,6.8,97,3,69,8,Pass,High,None,Excellent
8342,4.9,99,5,92,7,Pass,High,None,Excellent
8343,2.3,63,5,54,6,Pass,Medium,"English,Physics",Average
8344,4.3,91,5,67,7,Pass,High,None,Excellent
8345,7.8,84,3,66,5,Pass,High,None,Excellent
8346,6.3,84,5,56,6,Pass,High,None,Excellent
8347,6.7,95,5,79,9,Pass,High,None,Excellent
8348,1.2,53,4,63,5,Fail,Low,"English,Physics",Poor
8349,4.3,74,4,73,9,Pass,High,None,Good
8350,5.5,100,2,33,6,Pass,Medium,Math,Good
8351,6.8,61,9,81,9,Pass,High,English,Good
8352,1.3,84,7,84,5,Pass,Medium,Physics,Good
8353,7,88,1,41,5,Pass,Medium,Math,Good
8354,4.8,59,5,43,7,Pass,Medium,"Math,English",Average
8355,2.4,48,2,64,6,Fail,Low,"English,Physics",Poor
8356,3.2,50,10,35,8,Pass,Medium,"Math,English",Average
8357,3,60,6,76,8,Pass,Medium,English,Average
8358,4.7,70,7,52,9,Pass,High,None,Good
8359,1.4,81,2,94,8,Pass,Medium,Physics,Good
8360,2.1,67,6,88,8,Pass,Medium,Physics,Average
8361,6.7,57,3,38,5,Pass,Medium,"Math,English",Average
8362,1.9,91,9,87,5,Pass,High,Physics,Excellent
8363,2.6,61,4,77,5,Pass,Medium,"English,Physics",Average
8364,4.2,98,3,92,8,Pass,High,None,Excellent
8365,4.6,71,3,38,9,Pass,Medium,Math,Average
8366,6.3,96,2,73,6,Pass,High,None,Excellent
8367,4.1,66,9,75,7,Pass,High,None,Good
8368,6.5,81,8,44,9,Pass,High,Math,Excellent
8369,5.3,63,5,82,5,Pass,High,English,Good
8370,1.8,83,9,77,9,Pass,High,Physics,Excellent
8371,2.1,79,2,71,6,Pass,Medium,Physics,Good
8372,4.1,57,6,46,5,Pass,Medium,"Math,English",Average
8373,3.8,58,7,64,6,Pass,Medium,English,Average
8374,6.2,92,6,60,7,Pass,High,None,Excellent
8375,5.1,75,3,33,9,Pass,Medium,Math,Good
8376,3.7,89,10,77,7,Pass,High,None,Excellent
8377,2.2,46,10,43,8,Pass,Medium,"Math,English,Physics",Average
8378,2.6,90,10,54,9,Pass,High,Physics,Excellent
8379,5,96,9,75,8,Pass,High,None,Excellent
8380,4,83,8,77,6,Pass,High,None,Excellent
8381,4.6,81,8,69,8,Pass,High,None,Excellent
8382,2.2,58,8,79,6,Pass,Medium,"English,Physics",Average
8383,5.6,53,9,36,7,Pass,Medium,"Math,English",Average
8384,7,54,1,89,5,Pass,High,English,Good
8385,2.8,51,8,64,7,Pass,Medium,"English,Physics",Average
8386,4.4,72,2,92,8,Pass,High,None,Good
8387,7.8,90,4,49,6,Pass,High,Math,Excellent
8388,3.3,69,1,45,8,Fail,Low,Math,Poor
8389,5.2,90,6,51,5,Pass,High,None,Excellent
8390,1.6,72,10,65,9,Pass,Medium,Physics,Average
8391,5.2,46,1,48,9,Pass,Medium,"Math,English",Average
8392,1.6,61,5,31,9,Fail,Low,"Math,English,Physics",Poor
8393,7.7,96,9,36,8,Pass,High,Math,Excellent
8394,6,48,1,76,9,Pass,Medium,English,Average
8395,6.5,57,9,78,6,Pass,High,English,Good
8396,5.9,62,4,72,5,Pass,High,English,Good
8397,5.1,47,3,61,7,Pass,Medium,English,Average
8398,4.1,95,8,46,6,Pass,High,Math,Excellent
8399,7,81,6,43,5,Pass,High,Math,Excellent
8400,7.7,77,7,61,7,Pass,High,None,Good
8401,4.5,85,9,89,9,Pass,High,None,Excellent
8402,7.5,68,5,89,7,Pass,High,None,Good
8403,5.1,52,2,81,8,Pass,Medium,English,Average
8404,4.8,79,3,95,8,Pass,High,None,Good
8405,4.2,46,3,33,9,Fail,Low,"Math,English",Poor
8406,2.5,77,4,92,9,Pass,High,Physics,Good
8407,1,56,10,62,6,Pass,Medium,"English,Physics",Average
8408,2.7,66,7,30,6,Fail,Low,"Math,Physics",Poor
8409,4.6,57,10,93,8,Pass,High,English,Good
8410,3.7,54,6,66,5,Pass,Medium,English,Average
8411,4.1,61,3,36,6,Fail,Low,"Math,English",Poor
8412,7.9,87,7,53,5,Pass,High,None,Excellent
8413,3.5,49,4,84,8,Pass,Medium,English,Average
8414,4.2,53,10,32,6,Pass,Medium,"Math,English",Average
8415,1.9,57,8,52,5,Pass,Medium,"English,Physics",Average
8416,1.3,96,7,65,5,Pass,Medium,Physics,Good
8417,6.4,67,7,86,6,Pass,High,None,Good
8418,5,74,9,77,9,Pass,High,None,Good
8419,6.3,87,8,42,7,Pass,High,Math,Excellent
8420,2,99,1,90,9,Pass,Medium,Physics,Good
8421,5,48,7,53,7,Pass,Medium,English,Average
8422,2.8,65,3,72,5,Pass,Medium,Physics,Average
8423,2.6,87,4,62,6,Pass,Medium,Physics,Good
8424,1.1,53,6,53,8,Fail,Low,"English,Physics",Poor
8425,1.9,51,5,51,6,Fail,Low,"English,Physics",Poor
8426,3.2,60,8,81,9,Pass,High,English,Good
8427,1.8,67,2,35,7,Fail,Low,"Math,Physics",Poor
8428,7.9,67,5,48,6,Pass,High,Math,Good
8429,3.2,75,5,58,7,Pass,Medium,None,Good
8430,1.9,49,3,93,9,Pass,Medium,"English,Physics",Average
8431,2.4,50,10,43,9,Pass,Medium,"Math,English,Physics",Average
8432,5.1,95,5,59,6,Pass,High,None,Excellent
8433,1.4,45,4,50,8,Fail,Low,"English,Physics",Poor
8434,7,92,5,94,8,Pass,High,None,Excellent
8435,7.7,72,10,33,7,Pass,High,Math,Good
8436,2.7,62,9,75,6,Pass,Medium,"English,Physics",Average
8437,4.2,68,7,37,5,Pass,Medium,Math,Average
8438,1.2,57,1,47,9,Fail,Low,"Math,English,Physics",Poor
8439,5.5,77,3,89,7,Pass,High,None,Good
8440,3.9,54,9,74,9,Pass,High,English,Good
8441,2.9,51,4,60,7,Pass,Medium,"English,Physics",Average
8442,2.4,81,4,57,6,Pass,Medium,Physics,Good
8443,5.6,76,10,93,7,Pass,High,None,Good
8444,3.9,89,6,66,7,Pass,High,None,Excellent
8445,2.3,66,3,64,5,Fail,Low,Physics,Poor
8446,5.8,60,3,65,7,Pass,Medium,English,Average
8447,5,68,9,86,8,Pass,High,None,Good
8448,7,96,5,33,7,Pass,High,Math,Excellent
8449,1.8,98,7,78,7,Pass,High,Physics,Excellent
8450,6.5,58,5,68,6,Pass,High,English,Good
8451,5.7,55,6,47,7,Pass,Medium,"Math,English",Average
8452,1.8,63,8,89,5,Pass,Medium,"English,Physics",Average
8453,5.9,67,8,39,6,Pass,Medium,Math,Average
8454,4.1,78,2,52,9,Pass,Medium,None,Good
8455,7.6,84,9,88,8,Pass,High,None,Excellent
8456,2,57,10,36,8,Pass,Medium,"Math,English,Physics",Average
8457,5.5,83,6,42,9,Pass,High,Math,Excellent
8458,3.7,88,7,32,7,Pass,Medium,Math,Good
8459,7.7,72,3,69,5,Pass,High,None,Good
8460,3.3,84,4,40,5,Pass,Medium,Math,Good
8461,7.7,60,6,80,5,Pass,High,English,Good
8462,7.3,94,7,52,5,Pass,High,None,Excellent
8463,2.9,95,6,61,7,Pass,Medium,Physics,Good
8464,6.6,72,5,70,9,Pass,High,None,Good
8465,8,48,2,71,9,Pass,High,English,Good
8466,2.8,72,7,67,8,Pass,Medium,Physics,Average
8467,4.1,56,5,71,9,Pass,Medium,English,Average
8468,4.6,60,9,72,5,Pass,High,English,Good
8469,3.1,97,4,62,7,Pass,Medium,None,Good
8470,1.1,98,10,66,6,Pass,Medium,Physics,Good
8471,2.5,93,2,86,6,Pass,Medium,Physics,Good
8472,3,80,7,93,5,Pass,High,None,Excellent
8473,4.1,64,7,93,8,Pass,High,English,Good
8474,2.2,70,1,89,6,Pass,Medium,Physics,Average
8475,7.1,100,5,81,5,Pass,High,None,Excellent
8476,5.9,100,3,56,7,Pass,High,None,Excellent
8477,1.6,70,9,88,6,Pass,Medium,Physics,Average
8478,5.6,66,9,48,5,Pass,High,Math,Good
8479,5.6,100,7,32,6,Pass,High,Math,Excellent
8480,7.7,53,9,68,7,Pass,High,English,Good
8481,1,49,2,95,9,Pass,Medium,"English,Physics",Average
8482,2.7,61,10,85,9,Pass,High,"English,Physics",Good
8483,7.5,93,8,35,7,Pass,High,Math,Excellent
8484,7.5,78,10,57,7,Pass,High,None,Good
8485,6,46,10,77,9,Pass,High,English,Good
8486,6.4,97,10,77,7,Pass,High,None,Excellent
8487,1.6,99,1,83,7,Pass,Medium,Physics,Good
8488,4.6,51,3,45,7,Pass,Medium,"Math,English",Average
8489,2.6,80,8,64,9,Pass,Medium,Physics,Good
8490,2.3,57,8,59,9,Pass,Medium,"English,Physics",Average
8491,6.7,64,10,77,6,Pass,High,English,Good
8492,1.9,74,8,37,9,Pass,Medium,"Math,Physics",Average
8493,4.3,74,7,80,6,Pass,High,None,Good
8494,7.6,55,2,39,9,Pass,Medium,"Math,English",Average
8495,2.3,75,3,57,8,Pass,Medium,Physics,Good
8496,7.8,47,9,65,6,Pass,High,English,Good
8497,8,46,2,89,7,Pass,High,English,Good
8498,4.9,92,7,39,8,Pass,High,Math,Excellent
8499,2.2,47,1,43,9,Fail,Low,"Math,English,Physics",Poor
8500,3.2,100,3,92,9,Pass,High,None,Excellent
8501,4,59,1,76,8,Pass,Medium,English,Average
8502,3.2,61,6,85,5,Pass,Medium,English,Average
8503,3,92,4,35,7,Pass,Medium,Math,Good
8504,7.8,96,1,48,6,Pass,High,Math,Excellent
8505,2.1,51,5,81,8,Pass,Medium,"English,Physics",Average
8506,6.1,92,4,91,6,Pass,High,None,Excellent
8507,1,49,10,78,9,Pass,Medium,"English,Physics",Average
8508,5.2,78,10,40,5,Pass,High,Math,Good
8509,7.4,77,2,75,5,Pass,High,None,Good
8510,3,98,7,74,6,Pass,High,None,Excellent
8511,2.3,89,8,87,9,Pass,High,Physics,Excellent
8512,5.6,60,4,61,5,Pass,Medium,English,Average
8513,6,81,9,39,7,Pass,High,Math,Excellent
8514,5.8,47,3,42,9,Pass,Medium,"Math,English",Average
8515,3.2,91,6,42,8,Pass,Medium,Math,Good
8516,2.8,92,7,65,8,Pass,High,Physics,Excellent
8517,7.7,87,7,48,8,Pass,High,Math,Excellent
8518,7.5,95,6,36,7,Pass,High,Math,Excellent
8519,4.2,94,9,44,9,Pass,High,Math,Excellent
8520,6.9,65,1,75,6,Pass,High,None,Good
8521,4.2,85,9,77,6,Pass,High,None,Excellent
8522,4,52,9,95,9,Pass,High,English,Good
8523,2.1,66,4,33,7,Fail,Low,"Math,Physics",Poor
8524,4,95,5,32,9,Pass,Medium,Math,Good
8525,4.8,98,3,32,6,Pass,Medium,Math,Good
8526,1.2,49,7,57,9,Pass,Medium,"English,Physics",Average
8527,4.1,61,2,52,8,Pass,Medium,English,Average
8528,6.5,81,8,59,9,Pass,High,None,Excellent
8529,5.8,58,9,91,5,Pass,High,English,Good
8530,5.4,83,6,80,9,Pass,High,None,Excellent
8531,7.4,85,9,70,6,Pass,High,None,Excellent
8532,1.1,72,6,93,6,Pass,Medium,Physics,Average
8533,4.9,75,3,72,6,Pass,Medium,None,Good
8534,6.5,61,10,87,8,Pass,High,English,Good
8535,4.8,79,3,88,6,Pass,High,None,Good
8536,3.3,84,2,69,5,Pass,Medium,None,Good
8537,2,66,5,75,9,Pass,Medium,Physics,Average
8538,7.2,89,4,91,7,Pass,High,None,Excellent
8539,4.3,92,6,78,6,Pass,High,None,Excellent
8540,7.1,97,5,52,9,Pass,High,None,Excellent
8541,5.1,73,6,73,8,Pass,High,None,Good
8542,5.7,54,4,73,9,Pass,High,English,Good
8543,6.6,62,3,48,6,Pass,Medium,"Math,English",Average
8544,5.6,79,1,73,6,Pass,Medium,None,Good
8545,3.8,88,5,40,6,Pass,Medium,Math,Good
8546,4.6,60,6,89,5,Pass,High,English,Good
8547,6.6,94,5,67,9,Pass,High,None,Excellent
8548,3.6,93,5,32,7,Pass,Medium,Math,Good
8549,3.7,51,6,45,5,Pass,Medium,"Math,English",Average
8550,1.7,74,4,38,7,Fail,Low,"Math,Physics",Poor
8551,7.4,63,4,70,6,Pass,High,English,Good
8552,1.6,99,8,67,7,Pass,Medium,Physics,Good
8553,5.5,67,8,94,7,Pass,High,None,Good
8554,3.9,52,3,64,5,Pass,Medium,English,Average
8555,3.8,61,7,64,5,Pass,Medium,English,Average
8556,5.8,65,5,77,9,Pass,High,None,Good
8557,1.5,70,5,37,7,Fail,Low,"Math,Physics",Poor
8558,5.2,72,3,56,5,Pass,Medium,None,Average
8559,6.4,83,2,38,9,Pass,Medium,Math,Good
8560,6.8,77,3,59,7,Pass,High,None,Good
8561,2.2,84,7,43,7,Pass,Medium,"Math,Physics",Good
8562,7.3,63,3,52,6,Pass,High,English,Good
8563,5.6,73,2,58,5,Pass,Medium,None,Average
8564,7.2,64,4,55,8,Pass,High,English,Good
8565,4.4,64,5,44,5,Pass,Medium,"Math,English",Average
8566,4.8,54,7,45,6,Pass,Medium,"Math,English",Average
8567,7.4,56,1,42,9,Pass,Medium,"Math,English",Average
8568,7.3,100,8,53,5,Pass,High,None,Excellent
8569,4.1,77,10,91,7,Pass,High,None,Good
8570,2.9,100,3,86,8,Pass,High,Physics,Excellent
8571,3.8,69,6,65,9,Pass,Medium,None,Average
8572,3.7,69,4,89,5,Pass,Medium,None,Average
8573,3,97,5,51,9,Pass,Medium,None,Good
8574,2.9,48,10,32,7,Pass,Medium,"Math,English,Physics",Average
8575,7,48,6,65,8,Pass,High,English,Good
8576,1.5,53,2,65,7,Fail,Low,"English,Physics",Poor
8577,5.7,59,3,39,8,Pass,Medium,"Math,English",Average
8578,2.2,100,8,50,9,Pass,Medium,Physics,Good
8579,3.4,70,8,78,5,Pass,High,None,Good
8580,1.4,59,1,38,8,Fail,Low,"Math,English,Physics",Poor
8581,2.9,70,10,81,7,Pass,High,Physics,Good
8582,6.4,72,8,77,8,Pass,High,None,Good
8583,7.2,51,2,89,9,Pass,High,English,Good
8584,2.6,76,10,79,9,Pass,High,Physics,Good
8585,4.2,56,10,68,9,Pass,High,English,Good
8586,4.3,79,8,45,5,Pass,Medium,Math,Good
8587,7.1,96,10,57,9,Pass,High,None,Excellent
8588,6.3,76,5,35,5,Pass,Medium,Math,Good
8589,4.6,53,1,90,6,Pass,Medium,English,Average
8590,5.7,58,8,35,8,Pass,Medium,"Math,English",Average
8591,6.9,57,5,95,7,Pass,High,English,Good
8592,1.1,100,1,69,5,Fail,Low,Physics,Good
8593,3.8,88,4,91,5,Pass,High,None,Excellent
8594,7.4,77,1,57,7,Pass,High,None,Good
8595,6.2,76,9,76,8,Pass,High,None,Good
8596,4.8,63,10,38,9,Pass,High,"Math,English",Good
8597,4.7,74,2,81,8,Pass,High,None,Good
8598,3.4,60,8,44,5,Pass,Medium,"Math,English",Average
8599,4.6,56,4,63,9,Pass,Medium,English,Average
8600,5.6,54,9,49,6,Pass,High,"Math,English",Good
8601,3.9,46,2,89,7,Pass,Medium,English,Average
8602,6,62,3,87,8,Pass,High,English,Good
8603,7,57,2,31,9,Pass,Medium,"Math,English",Average
8604,2.1,73,10,79,7,Pass,High,Physics,Good
8605,4.2,68,5,43,8,Pass,Medium,Math,Average
8606,3.9,82,1,85,5,Pass,Medium,None,Good
8607,5.8,56,3,73,5,Pass,Medium,English,Average
8608,2.7,73,1,75,5,Pass,Medium,Physics,Average
8609,5.5,66,10,35,6,Pass,High,Math,Good
8610,7.1,80,8,37,5,Pass,High,Math,Excellent
8611,3.9,45,4,68,5,Pass,Medium,English,Average
8612,7.4,87,3,73,5,Pass,High,None,Excellent
8613,8,99,8,56,9,Pass,High,None,Excellent
8614,1.7,84,9,45,7,Pass,Medium,"Math,Physics",Good
8615,2.6,78,8,68,6,Pass,Medium,Physics,Good
8616,7.7,78,6,30,8,Pass,High,Math,Good
8617,7.7,92,3,80,6,Pass,High,None,Excellent
8618,1.7,77,8,92,7,Pass,High,Physics,Good
8619,1.1,48,5,62,5,Fail,Low,"English,Physics",Poor
8620,2.1,82,5,79,5,Pass,Medium,Physics,Good
8621,8,74,9,83,8,Pass,High,None,Good
8622,2.3,97,1,56,6,Pass,Medium,Physics,Good
8623,4.5,96,7,48,6,Pass,High,Math,Excellent
8624,6.9,90,8,57,8,Pass,High,None,Excellent
8625,1.1,64,10,52,6,Pass,Medium,"English,Physics",Average
8626,5.2,70,3,93,6,Pass,High,None,Good
8627,2.9,59,8,68,6,Pass,Medium,"English,Physics",Average
8628,7,51,1,78,8,Pass,High,English,Good
8629,3,51,8,88,8,Pass,High,English,Good
8630,5.8,94,7,49,7,Pass,High,Math,Excellent
8631,5.7,73,4,90,6,Pass,High,None,Good
8632,2.6,67,7,38,7,Pass,Medium,"Math,Physics",Average
8633,1.2,78,10,52,9,Pass,Medium,Physics,Good
8634,3.9,64,7,36,9,Pass,Medium,"Math,English",Average
8635,3,59,10,60,6,Pass,Medium,English,Average
8636,6.7,77,1,89,5,Pass,High,None,Good
8637,6.6,97,3,90,9,Pass,High,None,Excellent
8638,4.2,61,7,55,5,Pass,Medium,English,Average
8639,5.2,64,5,83,7,Pass,High,English,Good
8640,5.2,57,9,60,6,Pass,High,English,Good
8641,6.8,88,7,70,7,Pass,High,None,Excellent
8642,4,68,3,57,7,Pass,Medium,None,Average
8643,2.9,98,1,35,8,Pass,Medium,"Math,Physics",Good
8644,2.9,91,5,63,6,Pass,Medium,Physics,Good
8645,4.8,100,10,38,8,Pass,High,Math,Excellent
8646,4.1,81,5,41,7,Pass,Medium,Math,Good
8647,4.1,51,7,45,5,Pass,Medium,"Math,English",Average
8648,1.6,52,1,60,6,Fail,Low,"English,Physics",Poor
8649,6,67,10,62,6,Pass,High,None,Good
8650,2.5,58,2,36,9,Fail,Low,"Math,English,Physics",Poor
8651,2.4,48,6,32,5,Fail,Low,"Math,English,Physics",Poor
8652,3.9,65,8,49,5,Pass,Medium,Math,Average
8653,2.6,90,4,34,7,Pass,Medium,"Math,Physics",Good
8654,5.1,54,3,67,7,Pass,Medium,English,Average
8655,3.6,66,3,85,7,Pass,Medium,None,Average
8656,4.1,74,3,52,9,Pass,Medium,None,Average
8657,4.8,74,2,31,5,Fail,Low,Math,Poor
8658,2.4,60,1,50,8,Fail,Low,"English,Physics",Poor
8659,2.1,55,5,43,5,Fail,Low,"Math,English,Physics",Poor
8660,7.2,66,10,91,8,Pass,High,None,Good
8661,4,73,5,40,6,Pass,Medium,Math,Average
8662,3.9,69,5,33,8,Pass,Medium,Math,Average
8663,1.2,58,4,76,6,Fail,Low,"English,Physics",Poor
8664,4.5,58,3,49,7,Pass,Medium,"Math,English",Average
8665,4.9,46,3,81,5,Pass,Medium,English,Average
8666,4.9,98,2,45,7,Pass,Medium,Math,Good
8667,5.9,57,5,74,5,Pass,High,English,Good
8668,2.2,47,4,37,8,Fail,Low,"Math,English,Physics",Poor
8669,2.8,74,6,91,5,Pass,Medium,Physics,Average
8670,6.7,62,2,50,8,Pass,Medium,English,Average
8671,7.6,98,2,93,5,Pass,High,None,Excellent
8672,2,80,8,59,6,Pass,Medium,Physics,Good
8673,4.5,65,6,65,8,Pass,High,None,Good
8674,2.5,97,3,34,7,Pass,Medium,"Math,Physics",Good
8675,1.4,63,5,67,7,Pass,Medium,"English,Physics",Average
8676,3.3,60,3,48,7,Fail,Low,"Math,English",Poor
8677,2,72,2,56,7,Fail,Low,Physics,Poor
8678,6,48,3,42,6,Pass,Medium,"Math,English",Average
8679,4.7,95,1,38,6,Pass,Medium,Math,Good
8680,2,99,7,46,9,Pass,Medium,"Math,Physics",Good
8681,1.1,59,6,73,9,Pass,Medium,"English,Physics",Average
8682,6.7,45,5,74,9,Pass,High,English,Good
8683,2.2,92,6,71,9,Pass,Medium,Physics,Good
8684,5.2,91,8,80,5,Pass,High,None,Excellent
8685,3.4,60,3,87,8,Pass,Medium,English,Average
8686,5.1,98,3,87,7,Pass,High,None,Excellent
8687,3.2,64,5,59,5,Pass,Medium,English,Average
8688,1.6,77,5,34,6,Fail,Low,"Math,Physics",Good
8689,2.6,61,1,37,7,Fail,Low,"Math,English,Physics",Poor
8690,2.3,49,4,66,8,Pass,Medium,"English,Physics",Average
8691,4,49,9,76,8,Pass,High,English,Good
8692,5.6,83,8,74,6,Pass,High,None,Excellent
8693,2.8,57,3,34,7,Fail,Low,"Math,English,Physics",Poor
8694,1.1,88,5,92,9,Pass,Medium,Physics,Good
8695,4.6,80,5,76,7,Pass,High,None,Excellent
8696,5.2,74,7,54,7,Pass,High,None,Good
8697,7.7,48,8,79,8,Pass,High,English,Good
8698,5.1,67,9,74,6,Pass,High,None,Good
8699,4.3,65,7,59,7,Pass,Medium,None,Average
8700,5,65,2,77,5,Pass,Medium,None,Average
8701,7.5,50,8,80,5,Pass,High,English,Good
8702,6.8,68,8,84,6,Pass,High,None,Good
8703,3.3,91,2,84,9,Pass,High,None,Excellent
8704,2.7,97,6,75,7,Pass,High,Physics,Excellent
8705,2.8,75,10,60,7,Pass,Medium,Physics,Good
8706,4.5,63,1,63,8,Pass,Medium,English,Average
8707,6.2,82,7,62,7,Pass,High,None,Excellent
8708,4.5,56,10,85,9,Pass,High,English,Good
8709,1.5,58,2,87,7,Pass,Medium,"English,Physics",Average
8710,6.1,94,5,86,7,Pass,High,None,Excellent
8711,6.6,56,7,46,8,Pass,High,"Math,English",Good
8712,3,100,10,40,5,Pass,Medium,Math,Good
8713,5.6,100,9,46,5,Pass,High,Math,Excellent
8714,4,59,1,39,9,Fail,Low,"Math,English",Poor
8715,7.2,63,9,55,6,Pass,High,English,Good
8716,6.9,72,5,35,6,Pass,Medium,Math,Average
8717,4.7,84,6,45,8,Pass,Medium,Math,Good
8718,5.8,85,8,33,7,Pass,High,Math,Excellent
8719,7.2,49,2,91,8,Pass,High,English,Good
8720,4.5,49,7,93,5,Pass,High,English,Good
8721,3.2,50,4,85,9,Pass,Medium,English,Average
8722,6.3,67,9,52,6,Pass,High,None,Good
8723,2.5,47,6,62,7,Pass,Medium,"English,Physics",Average
8724,3.7,81,7,60,6,Pass,Medium,None,Good
8725,7.1,77,6,36,5,Pass,High,Math,Good
8726,6.1,87,8,34,7,Pass,High,Math,Excellent
8727,3.8,65,6,66,5,Pass,Medium,None,Average
8728,2.5,64,7,30,6,Fail,Low,"Math,English,Physics",Poor
8729,3.5,45,8,74,6,Pass,Medium,English,Average
8730,3,83,1,76,5,Pass,Medium,None,Good
8731,2.2,91,10,59,7,Pass,Medium,Physics,Good
8732,6.2,61,4,89,5,Pass,High,English,Good
8733,2.8,73,6,53,7,Pass,Medium,Physics,Average
8734,4.2,52,1,60,8,Pass,Medium,English,Average
8735,3.7,70,4,57,8,Pass,Medium,None,Average
8736,7.9,72,6,74,7,Pass,High,None,Good
8737,3.7,78,7,33,5,Pass,Medium,Math,Good
8738,1.6,70,6,90,7,Pass,Medium,Physics,Average
8739,1.6,57,4,68,6,Fail,Low,"English,Physics",Poor
8740,5.1,88,7,53,5,Pass,High,None,Excellent
8741,5.2,81,10,75,7,Pass,High,None,Excellent
8742,3.9,57,2,82,6,Pass,Medium,English,Average
8743,4,82,6,77,9,Pass,High,None,Excellent
8744,1.4,69,5,38,6,Fail,Low,"Math,Physics",Poor
8745,4.6,91,2,51,7,Pass,Medium,None,Good
8746,4.5,67,9,31,5,Pass,Medium,Math,Average
8747,2,66,7,45,5,Fail,Low,"Math,Physics",Poor
8748,1.7,65,3,34,8,Fail,Low,"Math,Physics",Poor
8749,1.9,98,7,41,7,Pass,Medium,"Math,Physics",Good
8750,1.7,74,6,81,6,Pass,Medium,Physics,Average
8751,5.3,55,7,55,6,Pass,Medium,English,Average
8752,2.4,48,4,44,7,Fail,Low,"Math,English,Physics",Poor
8753,2.8,77,10,88,6,Pass,High,Physics,Good
8754,2.2,91,8,68,9,Pass,High,Physics,Excellent
8755,7.7,56,8,92,8,Pass,High,English,Good
8756,7,53,7,54,5,Pass,High,English,Good
8757,2.6,76,7,70,6,Pass,Medium,Physics,Good
8758,3.3,55,10,57,9,Pass,Medium,English,Average
8759,2.5,81,8,50,7,Pass,Medium,Physics,Good
8760,4.4,68,1,90,6,Pass,Medium,None,Average
8761,1.1,51,6,86,7,Pass,Medium,"English,Physics",Average
8762,5.7,52,2,40,9,Pass,Medium,"Math,English",Average
8763,4.7,77,1,48,9,Pass,Medium,Math,Good
8764,7.3,69,10,30,5,Pass,High,Math,Good
8765,2.2,45,7,61,7,Pass,Medium,"English,Physics",Average
8766,6.6,47,6,63,8,Pass,High,English,Good
8767,6.5,84,5,46,5,Pass,High,Math,Excellent
8768,1.9,72,5,84,7,Pass,Medium,Physics,Average
8769,3.8,87,9,48,7,Pass,High,Math,Excellent
8770,2.2,77,9,71,9,Pass,High,Physics,Good
8771,2.8,90,6,88,9,Pass,High,Physics,Excellent
8772,2.8,45,3,67,7,Pass,Medium,"English,Physics",Average
8773,4.9,82,7,60,9,Pass,High,None,Excellent
8774,3.9,97,4,95,7,Pass,High,None,Excellent
8775,7.6,71,5,79,7,Pass,High,None,Good
8776,1.9,82,7,59,5,Pass,Medium,Physics,Good
8777,7.8,79,7,64,5,Pass,High,None,Good
8778,2.6,54,10,88,8,Pass,High,"English,Physics",Good
8779,6.4,56,8,46,5,Pass,High,"Math,English",Good
8780,3.4,54,1,95,6,Pass,Medium,English,Average
8781,2,98,5,50,6,Pass,Medium,Physics,Good
8782,7,78,9,81,9,Pass,High,None,Good
8783,3.2,68,7,94,6,Pass,High,None,Good
8784,5.6,72,2,43,5,Pass,Medium,Math,Average
8785,5,66,1,45,8,Pass,Medium,Math,Average
8786,4.3,89,8,84,7,Pass,High,None,Excellent
8787,4.5,60,9,38,8,Pass,Medium,"Math,English",Average
8788,6.1,57,10,37,5,Pass,High,"Math,English",Good
8789,1.6,80,5,63,5,Pass,Medium,Physics,Good
8790,5.7,80,6,62,5,Pass,High,None,Excellent
8791,7.3,87,2,36,9,Pass,High,Math,Excellent
8792,1.4,67,5,50,6,Fail,Low,Physics,Poor
8793,2,58,4,34,5,Fail,Low,"Math,English,Physics",Poor
8794,6,76,8,41,7,Pass,High,Math,Good
8795,4.1,47,8,88,6,Pass,High,English,Good
8796,3.8,71,5,87,6,Pass,High,None,Good
8797,2,63,8,66,9,Pass,Medium,"English,Physics",Average
8798,4.5,66,6,74,8,Pass,High,None,Good
8799,1.9,45,10,54,6,Pass,Medium,"English,Physics",Average
8800,4.3,49,6,56,6,Pass,Medium,English,Average
8801,6.3,93,4,80,5,Pass,High,None,Excellent
8802,2.8,77,10,71,7,Pass,High,Physics,Good
8803,4.4,95,3,71,5,Pass,Medium,None,Good
8804,7.9,63,9,89,7,Pass,High,English,Good
8805,5.8,80,5,87,6,Pass,High,None,Excellent
8806,6.9,95,10,51,7,Pass,High,None,Excellent
8807,3.9,50,10,87,5,Pass,High,English,Good
8808,6.4,59,4,40,5,Pass,Medium,"Math,English",Average
8809,1.3,80,6,35,8,Fail,Low,"Math,Physics",Good
8810,1.9,100,4,51,9,Pass,Medium,Physics,Good
8811,2.4,77,6,41,8,Pass,Medium,"Math,Physics",Good
8812,3.8,68,10,56,6,Pass,Medium,None,Average
8813,6.9,71,8,30,7,Pass,High,Math,Good
8814,3.4,93,8,93,5,Pass,High,None,Excellent
8815,5.6,55,6,68,5,Pass,High,English,Good
8816,6,93,1,89,5,Pass,High,None,Excellent
8817,5.1,67,1,83,5,Pass,Medium,None,Average
8818,3.5,77,3,54,6,Pass,Medium,None,Good
8819,5,85,2,49,9,Pass,Medium,Math,Good
8820,3.4,90,1,65,8,Pass,Medium,None,Good
8821,1.6,91,1,52,8,Fail,Low,Physics,Good
8822,7.9,100,6,30,5,Pass,High,Math,Excellent
8823,1.9,73,7,56,5,Pass,Medium,Physics,Average
8824,1.5,75,8,81,7,Pass,Medium,Physics,Good
8825,7.1,45,3,31,5,Pass,Medium,"Math,English",Average
8826,3.1,78,1,50,8,Pass,Medium,None,Good
8827,5.6,62,5,38,7,Pass,Medium,"Math,English",Average
8828,3.3,62,8,77,7,Pass,High,English,Good
8829,3.7,50,4,68,5,Pass,Medium,English,Average
8830,2.8,96,2,71,7,Pass,Medium,Physics,Good
8831,3.4,84,9,74,9,Pass,High,None,Excellent
8832,3.9,45,9,31,5,Pass,Medium,"Math,English",Average
8833,6,91,3,72,9,Pass,High,None,Excellent
8834,4.6,86,7,47,5,Pass,Medium,Math,Good
8835,7.6,74,1,68,9,Pass,High,None,Good
8836,1.3,48,8,35,5,Fail,Low,"Math,English,Physics",Poor
8837,4.5,76,8,71,8,Pass,High,None,Good
8838,5.1,54,3,81,5,Pass,Medium,English,Average
8839,7.4,87,5,56,8,Pass,High,None,Excellent
8840,1.3,49,4,44,6,Fail,Low,"Math,English,Physics",Poor
8841,5,53,7,48,6,Pass,Medium,"Math,English",Average
8842,7,49,7,91,5,Pass,High,English,Good
8843,2.7,55,8,93,8,Pass,High,"English,Physics",Good
8844,7.1,79,5,80,8,Pass,High,None,Good
8845,1.1,71,5,76,7,Pass,Medium,Physics,Average
8846,6.1,48,8,86,7,Pass,High,English,Good
8847,7.5,54,5,49,9,Pass,High,"Math,English",Good
8848,5.6,83,1,49,7,Pass,Medium,Math,Good
8849,4.1,77,3,93,5,Pass,High,None,Good
8850,1.3,82,2,67,7,Fail,Low,Physics,Good
8851,7.4,52,10,67,7,Pass,High,English,Good
8852,4.3,93,5,94,5,Pass,High,None,Excellent
8853,1.2,68,8,34,5,Fail,Low,"Math,Physics",Poor
8854,5.8,83,9,93,9,Pass,High,None,Excellent
8855,4.4,77,9,56,8,Pass,High,None,Good
8856,1.9,85,1,49,7,Fail,Low,"Math,Physics",Good
8857,2.5,87,1,89,6,Pass,Medium,Physics,Good
8858,1.5,63,1,69,8,Fail,Low,"English,Physics",Poor
8859,5,46,1,35,5,Fail,Low,"Math,English",Poor
8860,5.4,99,9,65,7,Pass,High,None,Excellent
8861,4.5,55,1,94,9,Pass,Medium,English,Average
8862,6.7,79,7,40,6,Pass,High,Math,Good
8863,7,61,6,78,8,Pass,High,English,Good
8864,5.3,86,9,57,7,Pass,High,None,Excellent
8865,1.1,47,9,51,5,Fail,Low,"English,Physics",Poor
8866,5.9,66,4,76,8,Pass,High,None,Good
8867,3.9,79,9,95,6,Pass,High,None,Good
8868,5,65,6,54,5,Pass,Medium,None,Average
8869,5.5,69,5,61,6,Pass,High,None,Good
8870,3.5,83,9,46,7,Pass,Medium,Math,Good
8871,7.4,46,7,69,8,Pass,High,English,Good
8872,1.9,45,9,59,9,Pass,Medium,"English,Physics",Average
8873,5.7,51,5,88,7,Pass,High,English,Good
8874,1,64,4,57,7,Fail,Low,"English,Physics",Poor
8875,7.5,87,10,76,9,Pass,High,None,Excellent
8876,1.8,99,3,52,9,Pass,Medium,Physics,Good
8877,1.7,50,5,86,5,Pass,Medium,"English,Physics",Average
8878,3.3,99,9,30,6,Pass,Medium,Math,Good
8879,3.6,80,3,58,7,Pass,Medium,None,Good
8880,2.5,95,1,79,5,Pass,Medium,Physics,Good
8881,5.1,65,2,93,5,Pass,High,None,Good
8882,4.1,95,10,66,7,Pass,High,None,Excellent
8883,1.2,90,5,90,6,Pass,Medium,Physics,Good
8884,3.2,79,3,36,9,Pass,Medium,Math,Good
8885,6.7,80,6,93,7,Pass,High,None,Excellent
8886,5.8,52,8,47,6,Pass,Medium,"Math,English",Average
8887,6.1,94,6,58,9,Pass,High,None,Excellent
8888,5.9,48,10,89,8,Pass,High,English,Good
8889,3.2,87,9,83,7,Pass,High,None,Excellent
8890,1.7,60,6,50,7,Fail,Low,"English,Physics",Poor
8891,2.9,47,5,50,6,Fail,Low,"English,Physics",Poor
8892,6.8,51,4,87,5,Pass,High,English,Good
8893,7.9,46,2,78,5,Pass,High,English,Good
8894,4.5,45,6,65,6,Pass,Medium,English,Average
8895,1.1,45,2,46,7,Fail,Low,"Math,English,Physics",Poor
8896,2,82,5,82,7,Pass,Medium,Physics,Good
8897,3.3,95,1,44,7,Pass,Medium,Math,Good
8898,5.1,51,3,69,8,Pass,Medium,English,Average
8899,1.5,68,10,80,5,Pass,Medium,Physics,Average
8900,7.6,49,5,94,8,Pass,High,English,Good
8901,3.6,65,7,42,7,Pass,Medium,Math,Average
8902,7.4,72,8,67,5,Pass,High,None,Good
8903,6.5,62,7,55,7,Pass,High,English,Good
8904,6.3,68,7,44,7,Pass,High,Math,Good
8905,5.2,76,2,34,6,Pass,Medium,Math,Good
8906,5.4,89,6,31,5,Pass,Medium,Math,Good
8907,5.5,77,5,94,7,Pass,High,None,Good
8908,5.4,54,9,89,9,Pass,High,English,Good
8909,4.9,53,10,85,9,Pass,High,English,Good
8910,7.9,93,4,67,7,Pass,High,None,Excellent
8911,6.1,77,7,86,6,Pass,High,None,Good
8912,6.4,77,8,80,7,Pass,High,None,Good
8913,7.1,51,6,70,9,Pass,High,English,Good
8914,2.5,48,3,81,5,Pass,Medium,"English,Physics",Average
8915,1.6,72,5,30,6,Fail,Low,"Math,Physics",Poor
8916,4.4,67,1,47,7,Pass,Medium,Math,Average
8917,4.6,97,8,56,9,Pass,High,None,Excellent
8918,6.8,76,2,71,5,Pass,High,None,Good
8919,4.1,88,10,35,9,Pass,High,Math,Excellent
8920,5,60,7,53,6,Pass,Medium,English,Average
8921,4.7,90,9,74,8,Pass,High,None,Excellent
8922,1.3,99,1,36,7,Fail,Low,"Math,Physics",Good
8923,5.3,54,4,45,5,Pass,Medium,"Math,English",Average
8924,6.8,58,7,87,6,Pass,High,English,Good
8925,2.1,83,9,86,6,Pass,High,Physics,Excellent
8926,5.2,80,2,71,8,Pass,High,None,Excellent
8927,5.2,78,2,43,8,Pass,Medium,Math,Good
8928,2.1,68,6,85,7,Pass,Medium,Physics,Average
8929,1.9,62,3,41,7,Fail,Low,"Math,English,Physics",Poor
8930,7.9,60,4,44,6,Pass,High,"Math,English",Good
8931,3.8,85,3,37,7,Pass,Medium,Math,Good
8932,2.6,81,1,87,7,Pass,Medium,Physics,Good
8933,2.2,85,6,82,8,Pass,Medium,Physics,Good
8934,5.7,69,2,38,6,Pass,Medium,Math,Average
8935,5.3,52,2,75,9,Pass,Medium,English,Average
8936,5.5,68,7,36,9,Pass,Medium,Math,Average
8937,1.6,64,5,73,5,Pass,Medium,"English,Physics",Average
8938,7.3,92,8,43,8,Pass,High,Math,Excellent
8939,3.7,74,2,35,5,Fail,Low,Math,Poor
8940,3.2,64,10,64,6,Pass,Medium,English,Average
8941,4.2,62,8,90,9,Pass,High,English,Good
8942,3.7,48,7,53,9,Pass,Medium,English,Average
8943,7,92,10,31,9,Pass,High,Math,Excellent
8944,7.5,80,8,80,5,Pass,High,None,Excellent
8945,3.1,50,3,60,7,Pass,Medium,English,Average
8946,7,47,8,56,5,Pass,High,English,Good
8947,6.5,62,6,60,9,Pass,High,English,Good
8948,7.5,91,2,72,8,Pass,High,None,Excellent
8949,2.7,84,6,81,8,Pass,High,Physics,Excellent
8950,5,62,5,43,5,Pass,Medium,"Math,English",Average
8951,2.9,100,3,88,5,Pass,Medium,Physics,Good
8952,6.8,67,1,49,6,Pass,Medium,Math,Average
8953,1,79,7,81,5,Pass,Medium,Physics,Good
8954,5,50,2,69,5,Pass,Medium,English,Average
8955,3.4,98,1,73,9,Pass,Medium,None,Good
8956,3.3,70,1,35,7,Fail,Low,Math,Poor
8957,5.5,65,7,86,9,Pass,High,None,Good
8958,7,68,1,87,7,Pass,High,None,Good
8959,5.3,59,9,59,9,Pass,High,English,Good
8960,7,71,6,81,9,Pass,High,None,Good
8961,2.9,76,4,40,6,Fail,Low,"Math,Physics",Good
8962,4.6,56,4,76,7,Pass,Medium,English,Average
8963,4.2,49,5,34,9,Pass,Medium,"Math,English",Average
8964,1.1,51,2,32,9,Fail,Low,"Math,English,Physics",Poor
8965,4.9,66,5,44,7,Pass,Medium,Math,Average
8966,5.6,71,2,31,6,Pass,Medium,Math,Average
8967,5.1,59,4,31,7,Pass,Medium,"Math,English",Average
8968,6.2,83,10,83,6,Pass,High,None,Excellent
8969,5,89,5,75,6,Pass,High,None,Excellent
8970,1.5,79,6,70,8,Pass,Medium,Physics,Good
8971,1.8,70,6,59,6,Pass,Medium,Physics,Average
8972,5.2,67,9,73,8,Pass,High,None,Good
8973,2.9,57,4,39,5,Fail,Low,"Math,English,Physics",Poor
8974,1.6,70,5,59,6,Pass,Medium,Physics,Average
8975,4,47,6,78,7,Pass,Medium,English,Average
8976,4.9,73,4,64,8,Pass,High,None,Good
8977,3.3,46,6,94,5,Pass,Medium,English,Average
8978,6,72,2,46,5,Pass,Medium,Math,Average
8979,5.5,67,7,60,6,Pass,High,None,Good
8980,3.3,80,3,81,7,Pass,Medium,None,Good
8981,6.3,93,10,55,6,Pass,High,None,Excellent
8982,5.5,50,4,34,9,Pass,Medium,"Math,English",Average
8983,5.5,55,9,43,5,Pass,Medium,"Math,English",Average
8984,4.9,82,5,80,9,Pass,High,None,Excellent
8985,1.1,98,9,44,9,Pass,Medium,"Math,Physics",Good
8986,5.9,78,10,41,8,Pass,High,Math,Good
8987,3.6,61,10,75,9,Pass,High,English,Good
8988,7.6,47,10,93,5,Pass,High,English,Good
8989,6.7,88,10,88,5,Pass,High,None,Excellent
8990,5.1,90,6,55,7,Pass,High,None,Excellent
8991,2.8,78,8,58,6,Pass,Medium,Physics,Good
8992,2.4,66,5,33,7,Fail,Low,"Math,Physics",Poor
8993,3.4,73,5,79,7,Pass,Medium,None,Average
8994,4.3,98,3,54,6,Pass,Medium,None,Good
8995,3.1,73,7,69,5,Pass,Medium,None,Average
8996,4.6,49,2,61,8,Pass,Medium,English,Average
8997,2.2,54,3,66,9,Pass,Medium,"English,Physics",Average
8998,7.8,54,2,39,8,Pass,Medium,"Math,English",Average
8999,1.8,97,8,67,9,Pass,High,Physics,Excellent
9000,7.5,53,4,90,6,Pass,High,English,Good
9001,7.4,65,10,56,6,Pass,High,None,Good
9002,4.7,57,8,36,7,Pass,Medium,"Math,English",Average
9003,6.1,54,8,38,6,Pass,Medium,"Math,English",Average
9004,4.1,82,8,88,9,Pass,High,None,Excellent
9005,5.4,55,8,65,8,Pass,High,English,Good
9006,3.4,48,8,59,8,Pass,Medium,English,Average
9007,3.1,90,9,48,8,Pass,Medium,Math,Good
9008,5,75,2,70,8,Pass,Medium,None,Good
9009,4.5,93,9,84,7,Pass,High,None,Excellent
9010,5.1,96,8,35,8,Pass,High,Math,Excellent
9011,3,78,10,51,9,Pass,High,None,Good
9012,3.6,86,1,53,7,Pass,Medium,None,Good
9013,1.6,79,5,91,7,Pass,Medium,Physics,Good
9014,1.4,83,2,71,7,Pass,Medium,Physics,Good
9015,2.8,83,10,51,6,Pass,Medium,Physics,Good
9016,1.5,77,5,45,7,Fail,Low,"Math,Physics",Good
9017,1.7,52,8,42,9,Pass,Medium,"Math,English,Physics",Average
9018,6.7,76,9,66,8,Pass,High,None,Good
9019,1.3,99,9,81,6,Pass,High,Physics,Excellent
9020,5.6,77,1,53,8,Pass,Medium,None,Good
9021,2.9,52,7,46,5,Pass,Medium,"Math,English,Physics",Average
9022,7.1,90,8,45,6,Pass,High,Math,Excellent
9023,4.4,58,10,30,9,Pass,Medium,"Math,English",Average
9024,3.1,78,3,30,6,Fail,Low,Math,Good
9025,4.6,52,6,59,7,Pass,Medium,English,Average
9026,3.7,95,3,53,6,Pass,Medium,None,Good
9027,5,86,9,75,7,Pass,High,None,Excellent
9028,1.8,51,3,31,8,Fail,Low,"Math,English,Physics",Poor
9029,8,57,2,44,6,Pass,Medium,"Math,English",Average
9030,4,98,9,58,6,Pass,High,None,Excellent
9031,3.4,65,8,91,9,Pass,High,None,Good
9032,6,91,8,42,5,Pass,High,Math,Excellent
9033,3.5,76,2,94,6,Pass,Medium,None,Good
9034,6.8,55,6,74,8,Pass,High,English,Good
9035,4.2,58,5,76,7,Pass,Medium,English,Average
9036,6,55,2,45,8,Pass,Medium,"Math,English",Average
9037,1.8,46,5,32,9,Fail,Low,"Math,English,Physics",Poor
9038,6.9,78,4,34,6,Pass,Medium,Math,Good
9039,6.2,88,9,55,5,Pass,High,None,Excellent
9040,2.5,91,1,44,5,Fail,Low,"Math,Physics",Good
9041,2,61,6,84,6,Pass,Medium,"English,Physics",Average
9042,3.2,58,7,51,5,Pass,Medium,English,Average
9043,7.8,69,6,66,8,Pass,High,None,Good
9044,2.8,92,5,58,7,Pass,Medium,Physics,Good
9045,4.2,71,4,55,6,Pass,Medium,None,Average
9046,1.2,52,5,40,7,Fail,Low,"Math,English,Physics",Poor
9047,3.8,100,9,49,5,Pass,High,Math,Excellent
9048,5,61,5,62,9,Pass,High,English,Good
9049,7.7,49,10,59,7,Pass,High,English,Good
9050,4.6,56,8,79,9,Pass,High,English,Good
9051,6.7,82,7,63,8,Pass,High,None,Excellent
9052,4.8,62,4,34,9,Pass,Medium,"Math,English",Average
9053,1.3,70,10,41,7,Pass,Medium,"Math,Physics",Average
9054,3.2,75,5,81,7,Pass,Medium,None,Good
9055,5,81,7,80,6,Pass,High,None,Excellent
9056,7.7,50,6,50,9,Pass,High,English,Good
9057,7,85,3,87,8,Pass,High,None,Excellent
9058,2.6,59,10,93,6,Pass,High,"English,Physics",Good
9059,2.5,86,3,35,6,Fail,Low,"Math,Physics",Good
9060,2.4,93,2,78,8,Pass,Medium,Physics,Good
9061,7.5,70,3,66,6,Pass,High,None,Good
9062,7,95,10,39,8,Pass,High,Math,Excellent
9063,6.4,56,1,95,5,Pass,High,English,Good
9064,3.7,85,9,85,6,Pass,High,None,Excellent
9065,4.5,91,2,95,7,Pass,High,None,Excellent
9066,4.3,58,3,74,5,Pass,Medium,English,Average
9067,2.8,45,5,93,6,Pass,Medium,"English,Physics",Average
9068,4.5,61,10,45,8,Pass,High,"Math,English",Good
9069,1.2,77,4,39,5,Fail,Low,"Math,Physics",Good
9070,1.9,99,5,50,5,Pass,Medium,Physics,Good
9071,7.2,73,6,41,7,Pass,High,Math,Good
9072,6.3,97,5,42,6,Pass,High,Math,Excellent
9073,4,98,10,39,6,Pass,High,Math,Excellent
9074,4.6,89,1,42,8,Pass,Medium,Math,Good
9075,3.6,75,6,63,5,Pass,Medium,None,Good
9076,6.2,52,9,88,7,Pass,High,English,Good
9077,6.5,74,3,78,8,Pass,High,None,Good
9078,6.3,57,2,35,8,Pass,Medium,"Math,English",Average
9079,6.1,60,6,41,7,Pass,Medium,"Math,English",Average
9080,2.4,46,3,58,6,Fail,Low,"English,Physics",Poor
9081,3.4,89,4,55,7,Pass,Medium,None,Good
9082,4.3,62,6,45,6,Pass,Medium,"Math,English",Average
9083,3.3,79,6,82,9,Pass,High,None,Good
9084,6.3,89,2,48,5,Pass,Medium,Math,Good
9085,3.3,63,3,76,7,Pass,Medium,English,Average
9086,2,57,9,61,8,Pass,Medium,"English,Physics",Average
9087,3.8,95,2,90,6,Pass,High,None,Excellent
9088,7.9,48,3,34,5,Pass,Medium,"Math,English",Average
9089,2.6,63,9,88,5,Pass,High,"English,Physics",Good
9090,5.3,94,4,31,7,Pass,Medium,Math,Good
9091,4,69,1,31,8,Fail,Low,Math,Poor
9092,1.5,82,2,32,7,Fail,Low,"Math,Physics",Good
9093,4.4,95,3,72,8,Pass,High,None,Excellent
9094,5.9,75,9,34,9,Pass,High,Math,Good
9095,4.6,80,9,79,7,Pass,High,None,Excellent
9096,7.1,48,6,39,6,Pass,Medium,"Math,English",Average
9097,3,100,6,56,7,Pass,Medium,None,Good
9098,1.6,83,3,53,7,Fail,Low,Physics,Good
9099,7.6,51,5,51,9,Pass,High,English,Good
9100,3.6,99,4,32,9,Pass,Medium,Math,Good
9101,5,60,10,45,7,Pass,High,"Math,English",Good
9102,6.5,92,10,59,8,Pass,High,None,Excellent
9103,3.3,49,9,72,9,Pass,High,English,Good
9104,6,91,9,33,9,Pass,High,Math,Excellent
9105,1.9,67,1,69,8,Fail,Low,Physics,Poor
9106,3,80,8,45,5,Pass,Medium,Math,Good
9107,2,76,9,45,9,Pass,Medium,"Math,Physics",Good
9108,6.7,68,5,95,9,Pass,High,None,Good
9109,2.6,69,4,84,8,Pass,Medium,Physics,Average
9110,6,89,10,49,8,Pass,High,Math,Excellent
9111,7.6,72,4,80,7,Pass,High,None,Good
9112,4.7,63,2,86,7,Pass,Medium,English,Average
9113,4.8,51,9,80,5,Pass,High,English,Good
9114,4.2,88,5,47,5,Pass,Medium,Math,Good
9115,3.3,85,3,88,5,Pass,Medium,None,Good
9116,4.3,61,6,57,6,Pass,Medium,English,Average
9117,5.2,46,9,57,8,Pass,High,English,Good
9118,7.9,60,9,42,9,Pass,High,"Math,English",Good
9119,7.6,83,5,35,8,Pass,High,Math,Excellent
9120,7,62,8,58,8,Pass,High,English,Good
9121,7.2,83,4,38,5,Pass,High,Math,Excellent
9122,4.3,45,5,58,8,Pass,Medium,English,Average
9123,5.6,47,7,67,6,Pass,High,English,Good
9124,7.3,65,7,94,9,Pass,High,None,Good
9125,3.8,74,7,85,5,Pass,High,None,Good
9126,7.7,55,8,59,7,Pass,High,English,Good
9127,3.9,66,5,88,9,Pass,High,None,Good
9128,5.2,91,1,87,7,Pass,High,None,Excellent
9129,6,69,9,39,7,Pass,High,Math,Good
9130,7.7,47,9,50,8,Pass,High,English,Good
9131,2.7,74,7,85,9,Pass,High,Physics,Good
9132,6.2,68,6,55,6,Pass,High,None,Good
9133,4.6,89,5,44,8,Pass,Medium,Math,Good
9134,2.9,80,5,64,7,Pass,Medium,Physics,Good
9135,6.4,67,3,44,9,Pass,Medium,Math,Average
9136,4.9,98,10,35,8,Pass,High,Math,Excellent
9137,5.6,52,1,57,9,Pass,Medium,English,Average
9138,3.3,98,6,92,5,Pass,High,None,Excellent
9139,4.4,48,8,58,6,Pass,Medium,English,Average
9140,5.3,94,2,77,6,Pass,High,None,Excellent
9141,3.8,83,8,92,6,Pass,High,None,Excellent
9142,2.4,87,8,87,7,Pass,High,Physics,Excellent
9143,7.7,75,10,50,7,Pass,High,None,Good
9144,4.6,73,8,51,6,Pass,Medium,None,Average
9145,6.1,80,10,56,9,Pass,High,None,Excellent
9146,3.9,57,3,86,5,Pass,Medium,English,Average
9147,3.5,85,10,39,7,Pass,Medium,Math,Good
9148,3.9,53,8,51,8,Pass,Medium,English,Average
9149,3.9,99,4,73,8,Pass,High,None,Excellent
9150,4.8,65,3,57,7,Pass,Medium,None,Average
9151,4.8,95,9,79,6,Pass,High,None,Excellent
9152,4.5,47,8,80,9,Pass,High,English,Good
9153,1.9,69,10,30,5,Fail,Low,"Math,Physics",Poor
9154,4.5,69,2,63,8,Pass,Medium,None,Average
9155,2.2,56,8,64,7,Pass,Medium,"English,Physics",Average
9156,1.9,73,3,90,9,Pass,Medium,Physics,Average
9157,7.5,55,10,59,6,Pass,High,English,Good
9158,5.2,96,6,69,5,Pass,High,None,Excellent
9159,5.6,55,5,94,5,Pass,High,English,Good
9160,3.8,93,8,66,8,Pass,High,None,Excellent
9161,7.4,70,9,93,8,Pass,High,None,Good
9162,5.5,97,7,30,7,Pass,High,Math,Excellent
9163,6.4,58,6,44,5,Pass,Medium,"Math,English",Average
9164,3.6,60,6,42,6,Pass,Medium,"Math,English",Average
9165,7.7,100,1,58,6,Pass,High,None,Excellent
9166,6.7,54,5,84,7,Pass,High,English,Good
9167,7,75,8,74,5,Pass,High,None,Good
9168,2.2,75,6,33,8,Pass,Medium,"Math,Physics",Good
9169,2.9,80,1,93,6,Pass,Medium,Physics,Good
9170,3,54,5,44,9,Pass,Medium,"Math,English",Average
9171,2.9,70,5,77,7,Pass,Medium,Physics,Average
9172,7,64,3,85,6,Pass,High,English,Good
9173,1.2,88,8,44,9,Pass,Medium,"Math,Physics",Good
9174,1.5,53,9,68,9,Pass,Medium,"English,Physics",Average
9175,2.9,59,6,89,6,Pass,Medium,"English,Physics",Average
9176,2.4,53,6,73,7,Pass,Medium,"English,Physics",Average
9177,2.6,51,2,72,9,Pass,Medium,"English,Physics",Average
9178,6.6,70,10,33,9,Pass,High,Math,Good
9179,4.9,68,2,79,5,Pass,Medium,None,Average
9180,1,56,6,68,5,Fail,Low,"English,Physics",Poor
9181,4,64,8,83,5,Pass,High,English,Good
9182,3.9,100,2,52,9,Pass,Medium,None,Good
9183,1.8,58,9,89,9,Pass,High,"English,Physics",Good
9184,5.7,66,9,64,7,Pass,High,None,Good
9185,5.9,60,4,83,8,Pass,High,English,Good
9186,6,73,4,87,5,Pass,High,None,Good
9187,6.1,76,4,91,8,Pass,High,None,Good
9188,1,63,5,77,5,Pass,Medium,"English,Physics",Average
9189,7.7,99,8,36,5,Pass,High,Math,Excellent
9190,6.7,79,2,74,7,Pass,High,None,Good
9191,7.3,87,5,42,7,Pass,High,Math,Excellent
9192,1.1,76,2,82,6,Pass,Medium,Physics,Good
9193,7.5,99,8,68,5,Pass,High,None,Excellent
9194,6.7,97,1,47,5,Pass,Medium,Math,Good
9195,6.9,64,7,51,5,Pass,High,English,Good
9196,1.7,95,3,65,7,Pass,Medium,Physics,Good
9197,6.2,84,4,82,5,Pass,High,None,Excellent
9198,7.7,64,8,32,6,Pass,High,"Math,English",Good
9199,5.7,52,3,91,9,Pass,High,English,Good
9200,5,79,7,58,6,Pass,High,None,Good
9201,7.6,86,1,37,9,Pass,High,Math,Excellent
9202,4.1,57,9,75,7,Pass,High,English,Good
9203,5.2,85,6,85,8,Pass,High,None,Excellent
9204,4.3,50,3,78,7,Pass,Medium,English,Average
9205,7.5,91,7,72,8,Pass,High,None,Excellent
9206,1.5,60,5,39,9,Fail,Low,"Math,English,Physics",Poor
9207,4.5,49,8,42,8,Pass,Medium,"Math,English",Average
9208,5.8,97,8,86,9,Pass,High,None,Excellent
9209,6.5,89,9,31,8,Pass,High,Math,Excellent
9210,5.1,95,6,94,9,Pass,High,None,Excellent
9211,7.4,78,4,71,8,Pass,High,None,Good
9212,7.6,50,2,87,9,Pass,High,English,Good
9213,1.5,77,3,39,6,Fail,Low,"Math,Physics",Good
9214,3.8,59,5,92,5,Pass,Medium,English,Average
9215,1.2,59,8,90,6,Pass,Medium,"English,Physics",Average
9216,3.3,58,10,30,7,Pass,Medium,"Math,English",Average
9217,4.8,83,2,55,8,Pass,Medium,None,Good
9218,7.4,49,5,34,9,Pass,Medium,"Math,English",Average
9219,6.9,96,9,64,6,Pass,High,None,Excellent
9220,1.9,70,2,42,6,Fail,Low,"Math,Physics",Poor
9221,1.7,92,8,56,9,Pass,Medium,Physics,Good
9222,5.1,61,3,41,8,Pass,Medium,"Math,English",Average
9223,4.7,87,8,79,7,Pass,High,None,Excellent
9224,2.9,91,4,88,7,Pass,High,Physics,Excellent
9225,7.3,96,4,60,7,Pass,High,None,Excellent
9226,7.5,60,7,66,9,Pass,High,English,Good
9227,3.8,79,5,31,6,Pass,Medium,Math,Good
9228,7.2,82,4,94,7,Pass,High,None,Excellent
9229,3.7,97,7,32,6,Pass,Medium,Math,Good
9230,6.2,67,3,49,7,Pass,Medium,Math,Average
9231,4.3,57,9,31,7,Pass,Medium,"Math,English",Average
9232,1.9,77,5,71,8,Pass,Medium,Physics,Good
9233,7.5,73,3,72,9,Pass,High,None,Good
9234,4.2,97,2,50,8,Pass,Medium,None,Good
9235,6.1,90,7,74,6,Pass,High,None,Excellent
9236,3.6,78,7,49,6,Pass,Medium,Math,Good
9237,1.1,78,5,72,9,Pass,Medium,Physics,Good
9238,1.7,71,4,79,7,Pass,Medium,Physics,Average
9239,4.5,59,2,72,9,Pass,Medium,English,Average
9240,5.8,94,2,53,7,Pass,High,None,Excellent
9241,3.3,53,7,89,5,Pass,Medium,English,Average
9242,5.9,70,10,61,5,Pass,High,None,Good
9243,5.9,47,7,34,9,Pass,Medium,"Math,English",Average
9244,5.9,80,4,31,5,Pass,Medium,Math,Good
9245,4.4,91,4,55,5,Pass,Medium,None,Good
9246,7.4,49,4,54,6,Pass,High,English,Good
9247,4.4,64,2,79,7,Pass,Medium,English,Average
9248,4.2,64,9,68,5,Pass,High,English,Good
9249,2.4,49,1,40,8,Fail,Low,"Math,English,Physics",Poor
9250,3.2,54,8,92,6,Pass,High,English,Good
9251,1.3,60,6,47,7,Fail,Low,"Math,English,Physics",Poor
9252,5.4,69,10,57,6,Pass,High,None,Good
9253,2.7,88,7,71,8,Pass,High,Physics,Excellent
9254,3.1,69,5,89,7,Pass,Medium,None,Average
9255,6.4,74,6,51,9,Pass,High,None,Good
9256,3.3,58,6,69,9,Pass,Medium,English,Average
9257,2.7,66,9,91,6,Pass,High,Physics,Good
9258,2.2,87,10,32,9,Pass,Medium,"Math,Physics",Good
9259,6.4,72,4,92,7,Pass,High,None,Good
9260,1.9,74,5,49,8,Pass,Medium,"Math,Physics",Average
9261,4.2,63,4,55,8,Pass,Medium,English,Average
9262,4.5,82,1,70,9,Pass,Medium,None,Good
9263,5.8,86,10,32,5,Pass,High,Math,Excellent
9264,5.4,64,6,72,5,Pass,High,English,Good
9265,6.7,79,5,46,5,Pass,High,Math,Good
9266,1.3,66,4,82,9,Pass,Medium,Physics,Average
9267,3.1,59,6,81,9,Pass,Medium,English,Average
9268,3,55,5,62,9,Pass,Medium,English,Average
9269,2,98,3,89,7,Pass,Medium,Physics,Good
9270,3,78,2,85,5,Pass,Medium,None,Good
9271,3.2,68,6,93,6,Pass,High,None,Good
9272,4.7,50,4,37,7,Pass,Medium,"Math,English",Average
9273,5.6,61,10,62,7,Pass,High,English,Good
9274,3.7,72,3,54,9,Pass,Medium,None,Average
9275,6,94,8,36,9,Pass,High,Math,Excellent
9276,3.4,75,9,88,7,Pass,High,None,Good
9277,3,80,7,62,9,Pass,Medium,None,Good
9278,4.8,99,2,70,5,Pass,Medium,None,Good
9279,1.2,53,8,62,7,Pass,Medium,"English,Physics",Average
9280,1.6,54,5,58,7,Fail,Low,"English,Physics",Poor
9281,3.9,65,10,68,7,Pass,High,None,Good
9282,7.6,78,7,86,9,Pass,High,None,Good
9283,6.1,75,5,93,7,Pass,High,None,Good
9284,1.6,73,2,95,6,Pass,Medium,Physics,Average
9285,6.9,87,4,38,6,Pass,High,Math,Excellent
9286,6.1,87,5,58,5,Pass,High,None,Excellent
9287,5.3,55,6,57,7,Pass,Medium,English,Average
9288,6.7,77,5,82,7,Pass,High,None,Good
9289,3.8,90,10,75,9,Pass,High,None,Excellent
9290,2.6,45,1,68,8,Fail,Low,"English,Physics",Poor
9291,4.6,65,1,87,8,Pass,Medium,None,Average
9292,4.8,67,3,83,7,Pass,High,None,Good
9293,4.8,53,9,35,5,Pass,Medium,"Math,English",Average
9294,5,100,2,74,6,Pass,High,None,Excellent
9295,7.6,45,10,69,7,Pass,High,English,Good
9296,7.3,65,5,52,7,Pass,High,None,Good
9297,7.1,66,9,71,5,Pass,High,None,Good
9298,6.6,98,7,67,5,Pass,High,None,Excellent
9299,7.6,48,8,45,8,Pass,High,"Math,English",Good
9300,1.7,45,2,76,7,Fail,Low,"English,Physics",Poor
9301,2.9,95,5,50,7,Pass,Medium,Physics,Good
9302,4.5,54,9,50,9,Pass,High,English,Good
9303,6.9,59,1,54,6,Pass,Medium,English,Average
9304,4.5,96,1,90,9,Pass,High,None,Excellent
9305,6.2,80,10,83,9,Pass,High,None,Excellent
9306,2,73,8,89,6,Pass,Medium,Physics,Average
9307,2.8,96,2,71,7,Pass,Medium,Physics,Good
9308,6.1,90,9,90,8,Pass,High,None,Excellent
9309,2.2,49,10,61,6,Pass,Medium,"English,Physics",Average
9310,3.5,73,9,82,5,Pass,High,None,Good
9311,2.9,91,4,73,7,Pass,Medium,Physics,Good
9312,3.4,91,2,40,6,Pass,Medium,Math,Good
9313,6,71,3,76,6,Pass,High,None,Good
9314,3.6,69,10,89,6,Pass,High,None,Good
9315,4.9,60,1,65,8,Pass,Medium,English,Average
9316,1.7,60,3,89,9,Pass,Medium,"English,Physics",Average
9317,6.6,80,5,62,9,Pass,High,None,Excellent
9318,3.6,69,3,71,6,Pass,Medium,None,Average
9319,5.5,85,3,42,6,Pass,Medium,Math,Good
9320,6.1,45,10,43,9,Pass,High,"Math,English",Good
9321,2.5,49,6,87,8,Pass,Medium,"English,Physics",Average
9322,7.2,85,3,69,7,Pass,High,None,Excellent
9323,5.3,64,3,94,9,Pass,High,English,Good
9324,4,49,9,34,6,Pass,Medium,"Math,English",Average
9325,2.3,80,2,59,8,Pass,Medium,Physics,Good
9326,7.6,73,1,74,8,Pass,High,None,Good
9327,6.3,92,10,87,6,Pass,High,None,Excellent
9328,2.5,78,8,68,5,Pass,Medium,Physics,Good
9329,3.4,92,3,41,8,Pass,Medium,Math,Good
9330,6.7,62,7,63,9,Pass,High,English,Good
9331,5.9,46,2,43,5,Pass,Medium,"Math,English",Average
9332,6.4,60,8,67,7,Pass,High,English,Good
9333,4.1,73,9,45,9,Pass,High,Math,Good
9334,6,77,8,90,6,Pass,High,None,Good
9335,3.7,60,8,88,5,Pass,High,English,Good
9336,2.5,79,8,40,9,Pass,Medium,"Math,Physics",Good
9337,5.4,91,7,40,8,Pass,High,Math,Excellent
9338,7.8,87,2,45,6,Pass,High,Math,Excellent
9339,3.2,86,8,67,5,Pass,Medium,None,Good
9340,4.2,61,5,59,8,Pass,Medium,English,Average
9341,5.7,48,6,70,6,Pass,High,English,Good
9342,4.8,93,4,30,6,Pass,Medium,Math,Good
9343,6.9,48,1,67,5,Pass,Medium,English,Average
9344,6.3,95,5,89,5,Pass,High,None,Excellent
9345,1.4,69,3,48,5,Fail,Low,"Math,Physics",Poor
9346,8,77,9,88,9,Pass,High,None,Good
9347,6.3,58,4,39,6,Pass,Medium,"Math,English",Average
9348,7,68,10,46,7,Pass,High,Math,Good
9349,5.6,55,2,58,8,Pass,Medium,English,Average
9350,7,69,4,35,5,Pass,Medium,Math,Average
9351,1.8,72,3,95,6,Pass,Medium,Physics,Average
9352,3.4,51,3,92,8,Pass,Medium,English,Average
9353,7.1,93,5,60,7,Pass,High,None,Excellent
9354,2.4,80,1,54,8,Fail,Low,Physics,Good
9355,1.5,54,5,50,7,Fail,Low,"English,Physics",Poor
9356,6.5,93,8,45,5,Pass,High,Math,Excellent
9357,6.8,80,10,33,9,Pass,High,Math,Excellent
9358,2.1,75,9,75,7,Pass,Medium,Physics,Good
9359,7,63,1,37,5,Pass,Medium,"Math,English",Average
9360,5.8,62,2,35,8,Pass,Medium,"Math,English",Average
9361,4.6,93,2,82,8,Pass,High,None,Excellent
9362,6.8,50,6,93,8,Pass,High,English,Good
9363,3.9,72,1,80,9,Pass,Medium,None,Average
9364,2.4,51,1,92,6,Pass,Medium,"English,Physics",Average
9365,3,82,2,35,7,Fail,Low,Math,Good
9366,4.5,56,4,91,6,Pass,High,English,Good
9367,4.7,85,2,62,8,Pass,Medium,None,Good
9368,6.6,94,4,31,9,Pass,High,Math,Excellent
9369,6.5,78,3,70,5,Pass,High,None,Good
9370,5.1,69,3,45,9,Pass,Medium,Math,Average
9371,6.5,61,9,88,6,Pass,High,English,Good
9372,2.3,97,8,38,8,Pass,Medium,"Math,Physics",Good
9373,1.4,77,10,39,7,Pass,Medium,"Math,Physics",Good
9374,7.1,67,9,36,9,Pass,High,Math,Good
9375,1.5,53,1,95,6,Pass,Medium,"English,Physics",Average
9376,2.7,50,5,49,6,Fail,Low,"Math,English,Physics",Poor
9377,5.9,46,4,92,5,Pass,High,English,Good
9378,3.9,82,9,33,7,Pass,Medium,Math,Good
9379,7.1,53,3,57,6,Pass,Medium,English,Average
9380,3.1,47,5,64,7,Pass,Medium,English,Average
9381,1.1,60,8,31,8,Fail,Low,"Math,English,Physics",Poor
9382,3.1,69,10,70,9,Pass,High,None,Good
9383,5,68,5,57,6,Pass,Medium,None,Average
9384,3.6,91,9,30,8,Pass,Medium,Math,Good
9385,4.7,73,2,56,5,Pass,Medium,None,Average
9386,7.1,88,6,68,7,Pass,High,None,Excellent
9387,7.4,99,5,69,8,Pass,High,None,Excellent
9388,2.9,84,9,57,7,Pass,Medium,Physics,Good
9389,4.2,70,7,53,7,Pass,Medium,None,Average
9390,4.8,82,8,80,6,Pass,High,None,Excellent
9391,7.6,79,7,85,7,Pass,High,None,Good
9392,8,67,10,55,8,Pass,High,None,Good
9393,2.6,48,10,81,5,Pass,Medium,"English,Physics",Average
9394,6.1,86,5,35,6,Pass,Medium,Math,Good
9395,3.6,58,5,88,9,Pass,High,English,Good
9396,1.1,97,4,41,5,Fail,Low,"Math,Physics",Good
9397,1.1,100,2,92,8,Pass,Medium,Physics,Good
9398,4.2,91,9,65,6,Pass,High,None,Excellent
9399,4.4,83,10,38,7,Pass,High,Math,Excellent
9400,1.2,51,10,58,5,Pass,Medium,"English,Physics",Average
9401,5.8,52,10,37,6,Pass,Medium,"Math,English",Average
9402,3.1,86,10,72,9,Pass,High,None,Excellent
9403,4.9,95,3,64,9,Pass,High,None,Excellent
9404,3.1,63,3,51,9,Pass,Medium,English,Average
9405,2.2,46,3,95,6,Pass,Medium,"English,Physics",Average
9406,3.9,91,8,50,5,Pass,Medium,None,Good
9407,2.6,45,6,70,7,Pass,Medium,"English,Physics",Average
9408,4.7,86,1,70,5,Pass,Medium,None,Good
9409,2.4,82,3,78,7,Pass,Medium,Physics,Good
9410,4.6,98,4,33,5,Pass,Medium,Math,Good
9411,2.1,57,2,94,5,Pass,Medium,"English,Physics",Average
9412,5.7,86,6,39,6,Pass,Medium,Math,Good
9413,6.3,88,10,39,9,Pass,High,Math,Excellent
9414,1.8,68,1,46,9,Fail,Low,"Math,Physics",Poor
9415,4.3,76,1,82,9,Pass,Medium,None,Good
9416,1.5,74,8,64,9,Pass,Medium,Physics,Average
9417,5.2,50,4,33,5,Pass,Medium,"Math,English",Average
9418,2.9,82,1,40,9,Fail,Low,"Math,Physics",Good
9419,4.7,77,7,73,5,Pass,High,None,Good
9420,4.6,88,9,89,7,Pass,High,None,Excellent
9421,7.5,99,10,91,8,Pass,High,None,Excellent
9422,4.8,67,7,61,8,Pass,High,None,Good
9423,5.1,54,1,75,7,Pass,Medium,English,Average
9424,3.8,90,1,52,5,Pass,Medium,None,Good
9425,7.6,59,1,66,9,Pass,High,English,Good
9426,6.4,67,8,87,6,Pass,High,None,Good
9427,3,100,7,72,5,Pass,High,None,Excellent
9428,6.9,80,3,44,5,Pass,Medium,Math,Good
9429,4,45,3,31,7,Fail,Low,"Math,English",Poor
9430,6.8,52,3,34,7,Pass,Medium,"Math,English",Average
9431,6.8,47,2,82,6,Pass,High,English,Good
9432,2.3,58,4,74,9,Pass,Medium,"English,Physics",Average
9433,5.9,61,7,70,8,Pass,High,English,Good
9434,3,78,9,92,9,Pass,High,None,Good
9435,3.1,91,3,61,9,Pass,Medium,None,Good
9436,3.1,50,10,31,5,Pass,Medium,"Math,English",Average
9437,6.1,49,7,39,6,Pass,Medium,"Math,English",Average
9438,2.6,90,4,72,5,Pass,Medium,Physics,Good
9439,1,95,1,72,7,Pass,Medium,Physics,Good
9440,6,85,5,52,8,Pass,High,None,Excellent
9441,2.2,84,8,89,6,Pass,High,Physics,Excellent
9442,1.7,73,3,35,6,Fail,Low,"Math,Physics",Poor
9443,2.7,79,10,42,9,Pass,Medium,"Math,Physics",Good
9444,3.7,62,4,50,5,Pass,Medium,English,Average
9445,4.3,84,3,87,9,Pass,High,None,Excellent
9446,1.3,92,10,57,9,Pass,Medium,Physics,Good
9447,7.8,74,8,37,6,Pass,High,Math,Good
9448,6,59,10,87,8,Pass,High,English,Good
9449,3.3,97,8,69,7,Pass,High,None,Excellent
9450,3.2,59,4,30,9,Fail,Low,"Math,English",Poor
9451,4.1,60,2,94,8,Pass,Medium,English,Average
9452,5.4,77,3,39,9,Pass,Medium,Math,Good
9453,2,54,3,89,8,Pass,Medium,"English,Physics",Average
9454,2.3,63,4,49,5,Fail,Low,"Math,English,Physics",Poor
9455,7,81,2,91,7,Pass,High,None,Excellent
9456,2.8,94,2,42,6,Pass,Medium,"Math,Physics",Good
9457,3.7,47,3,87,5,Pass,Medium,English,Average
9458,7.1,80,1,66,9,Pass,High,None,Excellent
9459,5.6,48,8,39,9,Pass,Medium,"Math,English",Average
9460,3.4,55,6,32,7,Fail,Low,"Math,English",Poor
9461,5.8,85,3,63,7,Pass,High,None,Excellent
9462,1.1,77,1,63,7,Fail,Low,Physics,Good
9463,6.1,72,3,59,9,Pass,High,None,Good
9464,4.4,76,1,66,9,Pass,Medium,None,Good
9465,6.7,60,3,63,6,Pass,High,English,Good
9466,7.7,53,4,61,7,Pass,High,English,Good
9467,7.5,55,6,87,8,Pass,High,English,Good
9468,7.4,50,7,53,6,Pass,High,English,Good
9469,4.6,93,7,38,8,Pass,High,Math,Excellent
9470,3.5,71,9,70,5,Pass,High,None,Good
9471,4.3,56,8,53,7,Pass,Medium,English,Average
9472,5.8,66,4,54,6,Pass,Medium,None,Average
9473,7.2,84,6,65,6,Pass,High,None,Excellent
9474,2.4,92,1,37,5,Fail,Low,"Math,Physics",Good
9475,7.4,81,8,88,5,Pass,High,None,Excellent
9476,6.7,65,6,64,5,Pass,High,None,Good
9477,7.9,77,2,67,6,Pass,High,None,Good
9478,7.2,61,8,61,9,Pass,High,English,Good
9479,3,100,4,80,8,Pass,High,None,Excellent
9480,1.7,73,9,57,8,Pass,Medium,Physics,Average
9481,1.8,97,4,85,5,Pass,Medium,Physics,Good
9482,3,84,1,37,9,Fail,Low,Math,Good
9483,5.3,54,7,70,9,Pass,High,English,Good
9484,6.6,62,10,52,5,Pass,High,English,Good
9485,7.3,91,5,83,7,Pass,High,None,Excellent
9486,5.4,96,10,52,6,Pass,High,None,Excellent
9487,1,57,5,61,7,Fail,Low,"English,Physics",Poor
9488,2.3,71,4,39,9,Fail,Low,"Math,Physics",Poor
9489,1.7,54,6,64,5,Fail,Low,"English,Physics",Poor
9490,3.5,76,1,92,6,Pass,Medium,None,Good
9491,4.5,85,3,65,8,Pass,Medium,None,Good
9492,1.3,89,7,78,9,Pass,Medium,Physics,Good
9493,3.4,47,8,75,6,Pass,Medium,English,Average
9494,2.3,66,9,56,6,Pass,Medium,Physics,Average
9495,5.5,71,1,60,7,Pass,Medium,None,Average
9496,4.2,99,4,63,8,Pass,High,None,Excellent
9497,4.5,47,2,88,7,Pass,Medium,English,Average
9498,4,77,2,83,7,Pass,Medium,None,Good
9499,7.7,46,1,95,7,Pass,High,English,Good
9500,2.5,55,5,59,7,Pass,Medium,"English,Physics",Average
9501,4.6,90,2,52,9,Pass,Medium,None,Good
9502,6.2,54,4,38,8,Pass,Medium,"Math,English",Average
9503,4.9,83,9,84,7,Pass,High,None,Excellent
9504,7.5,99,3,30,9,Pass,High,Math,Excellent
9505,3.6,77,8,85,9,Pass,High,None,Good
9506,4.2,51,10,68,6,Pass,High,English,Good
9507,1.6,59,6,47,6,Fail,Low,"Math,English,Physics",Poor
9508,5.3,70,10,71,5,Pass,High,None,Good
9509,3,55,5,94,9,Pass,High,English,Good
9510,2.1,82,2,62,5,Fail,Low,Physics,Good
9511,4.8,71,3,59,9,Pass,Medium,None,Average
9512,4.7,98,8,34,7,Pass,High,Math,Excellent
9513,1.5,83,9,79,7,Pass,Medium,Physics,Good
9514,5.9,51,7,94,5,Pass,High,English,Good
9515,5.4,45,1,39,7,Fail,Low,"Math,English",Poor
9516,2.3,54,6,89,7,Pass,Medium,"English,Physics",Average
9517,4.3,65,7,56,6,Pass,Medium,None,Average
9518,6,59,6,57,7,Pass,High,English,Good
9519,4.7,74,10,74,6,Pass,High,None,Good
9520,3.8,74,2,81,8,Pass,Medium,None,Average
9521,3.3,52,9,95,9,Pass,High,English,Good
9522,5.3,68,3,91,6,Pass,High,None,Good
9523,7.6,63,6,89,6,Pass,High,English,Good
9524,5.7,47,6,69,6,Pass,High,English,Good
9525,1.5,99,8,44,9,Pass,Medium,"Math,Physics",Good
9526,4.2,59,4,36,9,Pass,Medium,"Math,English",Average
9527,7.2,80,6,68,9,Pass,High,None,Excellent
9528,1.7,50,1,80,7,Fail,Low,"English,Physics",Poor
9529,7.9,86,9,36,6,Pass,High,Math,Excellent
9530,7.6,94,9,41,9,Pass,High,Math,Excellent
9531,1.5,92,7,43,8,Pass,Medium,"Math,Physics",Good
9532,7.5,62,1,63,9,Pass,High,English,Good
9533,3.5,82,3,68,5,Pass,Medium,None,Good
9534,6.9,63,5,93,5,Pass,High,English,Good
9535,3.9,93,4,41,6,Pass,Medium,Math,Good
9536,4.1,94,5,63,6,Pass,High,None,Excellent
9537,5.4,74,7,56,6,Pass,High,None,Good
9538,6.4,57,9,51,7,Pass,High,English,Good
9539,1.2,83,1,47,5,Fail,Low,"Math,Physics",Good
9540,5.2,96,5,75,5,Pass,High,None,Excellent
9541,2.3,56,3,73,6,Pass,Medium,"English,Physics",Average
9542,3.4,78,3,47,5,Pass,Medium,Math,Good
9543,3.4,56,2,66,5,Pass,Medium,English,Average
9544,4.3,88,6,36,7,Pass,Medium,Math,Good
9545,3.3,68,6,89,8,Pass,High,None,Good
9546,1.8,48,3,77,6,Fail,Low,"English,Physics",Poor
9547,2,80,1,80,8,Pass,Medium,Physics,Good
9548,1.2,94,7,81,8,Pass,Medium,Physics,Good
9549,4.3,92,2,81,7,Pass,High,None,Excellent
9550,7.7,58,8,83,5,Pass,High,English,Good
9551,1.8,61,3,70,6,Fail,Low,"English,Physics",Poor
9552,7.6,93,1,71,9,Pass,High,None,Excellent
9553,6.1,47,10,51,8,Pass,High,English,Good
9554,5.5,82,9,68,8,Pass,High,None,Excellent
9555,5.5,67,5,52,7,Pass,Medium,None,Average
9556,6.8,57,1,77,8,Pass,High,English,Good
9557,1.7,53,10,62,8,Pass,Medium,"English,Physics",Average
9558,4.5,65,6,70,8,Pass,High,None,Good
9559,5.9,85,10,59,7,Pass,High,None,Excellent
9560,5.1,52,3,76,5,Pass,Medium,English,Average
9561,6.8,61,4,86,8,Pass,High,English,Good
9562,1.5,60,8,86,6,Pass,Medium,"English,Physics",Average
9563,5.8,60,5,91,8,Pass,High,English,Good
9564,4.7,72,6,86,8,Pass,High,None,Good
9565,3.7,95,10,54,6,Pass,High,None,Excellent
9566,3.4,100,4,69,7,Pass,Medium,None,Good
9567,5.3,60,6,46,9,Pass,Medium,"Math,English",Average
9568,7.2,90,3,77,6,Pass,High,None,Excellent
9569,4.5,96,10,68,9,Pass,High,None,Excellent
9570,6.8,90,1,44,5,Pass,Medium,Math,Good
9571,3.8,58,6,46,5,Pass,Medium,"Math,English",Average
9572,1.7,90,1,64,8,Pass,Medium,Physics,Good
9573,1.4,88,10,62,8,Pass,Medium,Physics,Good
9574,1.4,82,3,47,7,Fail,Low,"Math,Physics",Good
9575,3.7,64,8,59,9,Pass,Medium,English,Average
9576,3.4,89,7,66,5,Pass,Medium,None,Good
9577,6,92,8,36,5,Pass,High,Math,Excellent
9578,6.2,85,10,57,8,Pass,High,None,Excellent
9579,1.4,78,10,47,8,Pass,Medium,"Math,Physics",Good
9580,2.5,98,2,76,7,Pass,Medium,Physics,Good
9581,2.9,73,10,52,8,Pass,Medium,Physics,Average
9582,4.8,47,7,49,8,Pass,Medium,"Math,English",Average
9583,2,54,4,60,7,Fail,Low,"English,Physics",Poor
9584,1.9,64,1,43,8,Fail,Low,"Math,English,Physics",Poor
9585,7.6,46,3,52,8,Pass,High,English,Good
9586,6.6,71,5,31,8,Pass,Medium,Math,Average
9587,2.3,76,10,58,9,Pass,Medium,Physics,Good
9588,3.8,100,8,79,5,Pass,High,None,Excellent
9589,3.5,54,2,88,6,Pass,Medium,English,Average
9590,6.5,84,2,62,5,Pass,High,None,Excellent
9591,4.6,61,8,77,9,Pass,High,English,Good
9592,1.9,98,9,73,6,Pass,High,Physics,Excellent
9593,6.2,77,10,41,5,Pass,High,Math,Good
9594,3.8,50,1,71,7,Pass,Medium,English,Average
9595,2.8,83,2,64,9,Pass,Medium,Physics,Good
9596,3.6,91,4,70,7,Pass,Medium,None,Good
9597,4.5,62,3,84,7,Pass,Medium,English,Average
9598,3.4,53,1,42,5,Fail,Low,"Math,English",Poor
9599,2.7,52,4,68,6,Pass,Medium,"English,Physics",Average
9600,3.8,69,2,95,8,Pass,High,None,Good
9601,1.1,75,10,64,8,Pass,Medium,Physics,Good
9602,6.4,86,5,62,9,Pass,High,None,Excellent
9603,2.2,48,1,65,7,Fail,Low,"English,Physics",Poor
9604,1.3,64,8,42,9,Pass,Medium,"Math,English,Physics",Average
9605,5.6,72,10,85,5,Pass,High,None,Good
9606,6.4,84,2,75,7,Pass,High,None,Excellent
9607,6.7,45,3,75,8,Pass,High,English,Good
9608,4.5,84,3,73,5,Pass,Medium,None,Good
9609,2.4,99,4,75,5,Pass,Medium,Physics,Good
9610,6.2,88,7,60,9,Pass,High,None,Excellent
9611,5.9,67,9,53,9,Pass,High,None,Good
9612,2.7,91,3,61,6,Pass,Medium,Physics,Good
9613,7.3,57,1,45,8,Pass,Medium,"Math,English",Average
9614,1.7,60,10,86,8,Pass,High,"English,Physics",Good
9615,7.9,70,1,53,9,Pass,High,None,Good
9616,7,99,6,63,8,Pass,High,None,Excellent
9617,5.8,75,5,81,8,Pass,High,None,Good
9618,7.6,94,10,77,5,Pass,High,None,Excellent
9619,6.1,45,7,82,7,Pass,High,English,Good
9620,2.3,61,7,84,7,Pass,Medium,"English,Physics",Average
9621,4.1,60,3,67,6,Pass,Medium,English,Average
9622,1.5,99,7,31,7,Pass,Medium,"Math,Physics",Good
9623,3.7,81,9,82,8,Pass,High,None,Excellent
9624,6.2,96,8,79,5,Pass,High,None,Excellent
9625,3.7,97,3,58,7,Pass,Medium,None,Good
9626,3.3,54,10,84,8,Pass,High,English,Good
9627,5.2,82,5,90,8,Pass,High,None,Excellent
9628,7.1,88,8,79,9,Pass,High,None,Excellent
9629,1.3,75,2,45,9,Fail,Low,"Math,Physics",Good
9630,3.7,54,7,73,7,Pass,Medium,English,Average
9631,2.1,98,10,45,9,Pass,Medium,"Math,Physics",Good
9632,5.9,93,10,57,8,Pass,High,None,Excellent
9633,1.7,78,7,86,8,Pass,Medium,Physics,Good
9634,5.7,95,8,55,9,Pass,High,None,Excellent
9635,3,96,1,40,5,Fail,Low,Math,Good
9636,2.4,50,8,30,9,Fail,Low,"Math,English,Physics",Poor
9637,7.6,72,1,72,5,Pass,High,None,Good
9638,1.1,72,3,75,9,Pass,Medium,Physics,Average
9639,4.1,57,9,65,8,Pass,High,English,Good
9640,1.2,85,4,95,8,Pass,Medium,Physics,Good
9641,4.4,56,10,86,9,Pass,High,English,Good
9642,4.5,94,9,35,6,Pass,High,Math,Excellent
9643,3.3,84,1,91,5,Pass,Medium,None,Good
9644,1.9,94,8,56,6,Pass,Medium,Physics,Good
9645,3.6,99,3,55,8,Pass,Medium,None,Good
9646,5.7,98,7,42,5,Pass,High,Math,Excellent
9647,6.5,46,2,47,9,Pass,Medium,"Math,English",Average
9648,4.7,52,7,67,5,Pass,Medium,English,Average
9649,5.1,86,7,35,5,Pass,Medium,Math,Good
9650,2.4,53,9,57,7,Pass,Medium,"English,Physics",Average
9651,3,100,2,34,5,Fail,Low,Math,Good
9652,2.1,94,8,88,8,Pass,High,Physics,Excellent
9653,2.7,52,5,74,6,Pass,Medium,"English,Physics",Average
9654,2.6,95,10,82,6,Pass,High,Physics,Excellent
9655,4.6,47,9,31,9,Pass,Medium,"Math,English",Average
9656,4.9,53,8,78,7,Pass,High,English,Good
9657,7.6,57,3,92,6,Pass,High,English,Good
9658,2.4,53,3,87,6,Pass,Medium,"English,Physics",Average
9659,5.5,75,10,33,5,Pass,High,Math,Good
9660,6.7,69,8,59,8,Pass,High,None,Good
9661,4.9,96,9,86,8,Pass,High,None,Excellent
9662,2.8,88,2,76,9,Pass,Medium,Physics,Good
9663,2.8,99,3,47,8,Pass,Medium,"Math,Physics",Good
9664,1.3,89,8,73,6,Pass,Medium,Physics,Good
9665,3.1,52,2,81,5,Pass,Medium,English,Average
9666,6.2,91,8,78,8,Pass,High,None,Excellent
9667,1.3,75,5,59,7,Pass,Medium,Physics,Good
9668,2.5,89,6,81,7,Pass,High,Physics,Excellent
9669,5.9,97,10,66,7,Pass,High,None,Excellent
9670,6.5,89,4,92,8,Pass,High,None,Excellent
9671,4.2,75,3,41,5,Pass,Medium,Math,Good
9672,5.9,61,8,46,8,Pass,High,"Math,English",Good
9673,3.7,91,9,63,6,Pass,High,None,Excellent
9674,2.1,98,8,57,8,Pass,Medium,Physics,Good
9675,3.8,63,9,33,7,Pass,Medium,"Math,English",Average
9676,5.1,47,1,75,7,Pass,Medium,English,Average
9677,7.6,90,5,43,5,Pass,High,Math,Excellent
9678,1.5,74,7,42,9,Pass,Medium,"Math,Physics",Average
9679,4.6,54,8,87,7,Pass,High,English,Good
9680,3.3,93,2,78,7,Pass,Medium,None,Good
9681,4.6,73,4,79,9,Pass,High,None,Good
9682,1.2,84,7,50,8,Pass,Medium,Physics,Good
9683,3.2,62,5,80,7,Pass,Medium,English,Average
9684,6.7,56,1,67,5,Pass,Medium,English,Average
9685,4.9,93,2,55,8,Pass,Medium,None,Good
9686,4.2,67,5,35,8,Pass,Medium,Math,Average
9687,3,55,6,47,7,Pass,Medium,"Math,English",Average
9688,3.1,53,1,35,8,Fail,Low,"Math,English",Poor
9689,3.7,98,3,70,8,Pass,High,None,Excellent
9690,6.8,100,6,86,5,Pass,High,None,Excellent
9691,7.8,68,6,79,8,Pass,High,None,Good
9692,4.1,69,7,54,7,Pass,Medium,None,Average
9693,3.8,99,10,77,7,Pass,High,None,Excellent
9694,6.9,69,3,53,9,Pass,High,None,Good
9695,4,91,1,59,6,Pass,Medium,None,Good
9696,4.9,53,7,74,9,Pass,High,English,Good
9697,2.6,56,3,72,5,Pass,Medium,"English,Physics",Average
9698,6.2,55,5,85,5,Pass,High,English,Good
9699,4.7,93,4,62,7,Pass,High,None,Excellent
9700,6.7,82,1,74,6,Pass,High,None,Excellent
9701,6.5,72,7,36,9,Pass,High,Math,Good
9702,2.5,52,4,47,6,Fail,Low,"Math,English,Physics",Poor
9703,6,54,1,74,7,Pass,Medium,English,Average
9704,6.6,69,6,66,8,Pass,High,None,Good
9705,3.4,91,4,50,7,Pass,Medium,None,Good
9706,2.2,80,4,73,7,Pass,Medium,Physics,Good
9707,1,94,2,59,6,Fail,Low,Physics,Good
9708,4.2,87,1,40,5,Pass,Medium,Math,Good
9709,3.5,53,3,37,8,Fail,Low,"Math,English",Poor
9710,4.9,85,10,34,8,Pass,High,Math,Excellent
9711,2.3,52,5,37,5,Fail,Low,"Math,English,Physics",Poor
9712,7,47,9,34,6,Pass,High,"Math,English",Good
9713,2.8,97,7,39,6,Pass,Medium,"Math,Physics",Good
9714,2.6,62,4,44,5,Fail,Low,"Math,English,Physics",Poor
9715,4.4,90,8,85,9,Pass,High,None,Excellent
9716,4.5,79,4,84,6,Pass,High,None,Good
9717,2.5,61,6,32,5,Fail,Low,"Math,English,Physics",Poor
9718,2.9,80,1,70,9,Pass,Medium,Physics,Good
9719,2.2,97,6,39,7,Pass,Medium,"Math,Physics",Good
9720,6,72,10,36,8,Pass,High,Math,Good
9721,6.4,94,5,92,5,Pass,High,None,Excellent
9722,4.2,59,2,92,6,Pass,Medium,English,Average
9723,6,63,1,55,8,Pass,Medium,English,Average
9724,6.2,66,6,63,9,Pass,High,None,Good
9725,2,50,2,68,8,Fail,Low,"English,Physics",Poor
9726,7.8,91,9,89,5,Pass,High,None,Excellent
9727,6.7,51,9,55,7,Pass,High,English,Good
9728,2.4,88,1,91,9,Pass,Medium,Physics,Good
9729,2.3,92,5,39,9,Pass,Medium,"Math,Physics",Good
9730,1.9,53,8,83,9,Pass,Medium,"English,Physics",Average
9731,2,64,4,60,8,Pass,Medium,"English,Physics",Average
9732,6.2,81,3,67,7,Pass,High,None,Excellent
9733,4.3,55,5,54,5,Pass,Medium,English,Average
9734,6.5,46,5,94,5,Pass,High,English,Good
9735,6.2,66,8,79,8,Pass,High,None,Good
9736,5.2,92,6,53,5,Pass,High,None,Excellent
9737,5.8,80,2,56,5,Pass,Medium,None,Good
9738,1.1,49,1,79,7,Fail,Low,"English,Physics",Poor
9739,3.2,51,3,79,8,Pass,Medium,English,Average
9740,5.5,50,2,44,8,Pass,Medium,"Math,English",Average
9741,1.1,100,4,46,9,Pass,Medium,"Math,Physics",Good
9742,1.2,66,3,58,5,Fail,Low,Physics,Poor
9743,7,54,9,34,6,Pass,High,"Math,English",Good
9744,5.8,90,5,40,7,Pass,High,Math,Excellent
9745,2.9,84,4,81,7,Pass,Medium,Physics,Good
9746,5.8,90,10,63,6,Pass,High,None,Excellent
9747,6.5,90,9,62,9,Pass,High,None,Excellent
9748,3.1,64,4,78,6,Pass,Medium,English,Average
9749,1.3,72,6,60,6,Pass,Medium,Physics,Average
9750,7.5,67,10,47,9,Pass,High,Math,Good
9751,3.4,79,1,34,6,Fail,Low,Math,Good
9752,1.7,45,2,59,9,Fail,Low,"English,Physics",Poor
9753,4.4,73,4,74,5,Pass,Medium,None,Average
9754,6.4,53,9,67,9,Pass,High,English,Good
9755,2.6,53,6,58,8,Pass,Medium,"English,Physics",Average
9756,2.9,66,6,65,8,Pass,Medium,Physics,Average
9757,2.7,46,9,38,6,Pass,Medium,"Math,English,Physics",Average
9758,7.9,60,4,52,8,Pass,High,English,Good
9759,2.4,84,3,32,9,Fail,Low,"Math,Physics",Good
9760,5,50,7,85,5,Pass,High,English,Good
9761,7.5,99,7,69,9,Pass,High,None,Excellent
9762,2,57,9,85,7,Pass,Medium,"English,Physics",Average
9763,7.8,77,6,87,6,Pass,High,None,Good
9764,7.6,63,2,60,5,Pass,High,English,Good
9765,7.2,59,6,40,6,Pass,High,"Math,English",Good
9766,2.5,77,8,71,7,Pass,Medium,Physics,Good
9767,5.4,54,6,32,8,Pass,Medium,"Math,English",Average
9768,6.3,45,9,86,7,Pass,High,English,Good
9769,7.9,56,4,43,8,Pass,High,"Math,English",Good
9770,2.3,87,3,75,6,Pass,Medium,Physics,Good
9771,6.4,73,5,48,6,Pass,High,Math,Good
9772,3.4,61,3,89,6,Pass,Medium,English,Average
9773,2.2,48,2,60,9,Fail,Low,"English,Physics",Poor
9774,3.9,73,2,65,5,Pass,Medium,None,Average
9775,6.6,99,4,61,9,Pass,High,None,Excellent
9776,4.3,51,3,92,7,Pass,Medium,English,Average
9777,4.8,88,9,55,5,Pass,High,None,Excellent
9778,8,57,7,94,6,Pass,High,English,Good
9779,3.8,49,6,31,6,Fail,Low,"Math,English",Poor
9780,5.3,50,10,74,6,Pass,High,English,Good
9781,3.6,78,8,54,8,Pass,Medium,None,Good
9782,3.7,97,9,69,7,Pass,High,None,Excellent
9783,5.9,51,3,47,9,Pass,Medium,"Math,English",Average
9784,7.6,90,10,41,7,Pass,High,Math,Excellent
9785,4.8,98,7,53,8,Pass,High,None,Excellent
9786,6.4,72,9,72,8,Pass,High,None,Good
9787,1.6,90,1,61,7,Fail,Low,Physics,Good
9788,2.5,54,10,76,8,Pass,Medium,"English,Physics",Average
9789,4.5,48,9,74,5,Pass,High,English,Good
9790,1.1,47,7,64,6,Fail,Low,"English,Physics",Poor
9791,2.8,69,10,38,9,Pass,Medium,"Math,Physics",Average
9792,4.6,67,4,39,8,Pass,Medium,Math,Average
9793,1.1,71,6,94,9,Pass,Medium,Physics,Average
9794,2.9,58,6,88,6,Pass,Medium,"English,Physics",Average
9795,4.6,82,6,86,7,Pass,High,None,Excellent
9796,5,76,2,39,6,Pass,Medium,Math,Good
9797,7.5,67,5,48,9,Pass,High,Math,Good
9798,5.5,91,7,79,5,Pass,High,None,Excellent
9799,3.9,84,6,34,7,Pass,Medium,Math,Good
9800,7.5,81,3,58,8,Pass,High,None,Excellent
9801,6.5,47,5,34,5,Pass,Medium,"Math,English",Average
9802,2.4,79,8,89,6,Pass,High,Physics,Good
9803,1.9,57,5,94,9,Pass,Medium,"English,Physics",Average
9804,5.7,78,10,57,9,Pass,High,None,Good
9805,4.9,68,3,30,9,Pass,Medium,Math,Average
9806,6.5,45,9,58,6,Pass,High,English,Good
9807,6.2,56,3,80,7,Pass,High,English,Good
9808,5.4,52,2,65,8,Pass,Medium,English,Average
9809,7.9,63,6,61,5,Pass,High,English,Good
9810,4.7,53,8,93,6,Pass,High,English,Good
9811,1.8,72,6,43,9,Pass,Medium,"Math,Physics",Average
9812,6.8,58,1,61,8,Pass,Medium,English,Average
9813,2.8,71,8,38,9,Pass,Medium,"Math,Physics",Average
9814,6.4,62,1,40,6,Pass,Medium,"Math,English",Average
9815,7.7,86,9,77,9,Pass,High,None,Excellent
9816,5.9,85,8,80,6,Pass,High,None,Excellent
9817,5.2,50,6,33,9,Pass,Medium,"Math,English",Average
9818,4.2,77,2,70,6,Pass,Medium,None,Good
9819,3.6,81,9,54,9,Pass,High,None,Excellent
9820,3.5,86,8,46,8,Pass,Medium,Math,Good
9821,5.5,69,4,76,8,Pass,High,None,Good
9822,6.3,57,2,37,9,Pass,Medium,"Math,English",Average
9823,5.7,98,6,87,9,Pass,High,None,Excellent
9824,2.4,67,1,30,6,Fail,Low,"Math,Physics",Poor
9825,4.5,80,7,31,6,Pass,Medium,Math,Good
9826,6.5,77,1,39,6,Pass,Medium,Math,Good
9827,4.3,65,6,56,7,Pass,Medium,None,Average
9828,4.8,78,5,42,9,Pass,Medium,Math,Good
9829,6.4,100,10,92,9,Pass,High,None,Excellent
9830,5.6,80,3,40,9,Pass,Medium,Math,Good
9831,3.9,61,6,43,9,Pass,Medium,"Math,English",Average
9832,7.3,54,4,55,6,Pass,High,English,Good
9833,2.1,67,6,68,6,Pass,Medium,Physics,Average
9834,8,88,4,57,7,Pass,High,None,Excellent
9835,1.8,46,1,46,6,Fail,Low,"Math,English,Physics",Poor
9836,1.1,79,5,66,9,Pass,Medium,Physics,Good
9837,7.2,58,8,56,9,Pass,High,English,Good
9838,2.7,91,6,76,5,Pass,Medium,Physics,Good
9839,6.1,89,10,63,6,Pass,High,None,Excellent
9840,6.7,85,9,47,5,Pass,High,Math,Excellent
9841,7,46,4,64,9,Pass,High,English,Good
9842,7.9,63,10,47,6,Pass,High,"Math,English",Good
9843,3.1,60,9,63,9,Pass,Medium,English,Average
9844,6,87,8,62,5,Pass,High,None,Excellent
9845,1.8,88,3,72,5,Pass,Medium,Physics,Good
9846,3.8,69,6,56,8,Pass,Medium,None,Average
9847,6.9,45,4,77,8,Pass,High,English,Good
9848,3.6,46,1,51,6,Fail,Low,English,Poor
9849,5.1,92,9,63,6,Pass,High,None,Excellent
9850,4.5,71,4,72,6,Pass,Medium,None,Average
9851,5.5,46,5,45,6,Pass,Medium,"Math,English",Average
9852,7.8,74,3,43,6,Pass,High,Math,Good
9853,1.4,95,4,68,6,Pass,Medium,Physics,Good
9854,5,54,9,41,6,Pass,Medium,"Math,English",Average
9855,7,63,7,84,5,Pass,High,English,Good
9856,4.4,86,8,35,5,Pass,Medium,Math,Good
9857,1.5,60,3,69,5,Fail,Low,"English,Physics",Poor
9858,4.9,57,3,42,9,Pass,Medium,"Math,English",Average
9859,3.3,92,7,53,7,Pass,Medium,None,Good
9860,2.1,94,8,88,9,Pass,High,Physics,Excellent
9861,6.9,100,5,75,6,Pass,High,None,Excellent
9862,4.7,52,1,73,7,Pass,Medium,English,Average
9863,7.5,100,3,40,5,Pass,High,Math,Excellent
9864,6.6,94,5,90,5,Pass,High,None,Excellent
9865,5.9,75,3,65,8,Pass,High,None,Good
9866,1,89,1,39,6,Fail,Low,"Math,Physics",Good
9867,4,69,7,30,6,Pass,Medium,Math,Average
9868,2.4,83,1,92,8,Pass,Medium,Physics,Good
9869,7.4,65,10,41,9,Pass,High,Math,Good
9870,2.2,99,6,34,8,Pass,Medium,"Math,Physics",Good
9871,3,100,6,65,6,Pass,Medium,None,Good
9872,4.6,94,7,46,5,Pass,Medium,Math,Good
9873,2.8,82,1,87,8,Pass,Medium,Physics,Good
9874,2.5,85,3,51,7,Pass,Medium,Physics,Good
9875,5.2,73,9,60,5,Pass,High,None,Good
9876,1.6,50,2,55,9,Fail,Low,"English,Physics",Poor
9877,1.4,62,5,42,5,Fail,Low,"Math,English,Physics",Poor
9878,3.6,93,3,92,9,Pass,High,None,Excellent
9879,6,88,5,92,5,Pass,High,None,Excellent
9880,4.9,79,7,40,6,Pass,Medium,Math,Good
9881,4,71,1,93,9,Pass,High,None,Good
9882,5,49,3,61,9,Pass,Medium,English,Average
9883,3.6,51,6,39,8,Pass,Medium,"Math,English",Average
9884,7.6,54,7,83,5,Pass,High,English,Good
9885,1.4,54,10,84,9,Pass,Medium,"English,Physics",Average
9886,5.7,95,3,91,9,Pass,High,None,Excellent
9887,7.2,72,4,84,5,Pass,High,None,Good
9888,6.6,80,6,64,5,Pass,High,None,Excellent
9889,2.3,54,5,94,7,Pass,Medium,"English,Physics",Average
9890,3.1,94,9,46,8,Pass,High,Math,Excellent
9891,6,79,1,71,9,Pass,High,None,Good
9892,1.6,97,5,88,5,Pass,Medium,Physics,Good
9893,6.7,79,1,40,9,Pass,Medium,Math,Good
9894,6,81,8,57,7,Pass,High,None,Excellent
9895,6.1,92,7,68,7,Pass,High,None,Excellent
9896,1.7,64,5,83,9,Pass,Medium,"English,Physics",Average
9897,6,57,6,40,8,Pass,Medium,"Math,English",Average
9898,5.8,55,4,87,6,Pass,High,English,Good
9899,6.8,89,9,69,9,Pass,High,None,Excellent
9900,1.3,63,3,33,7,Fail,Low,"Math,English,Physics",Poor
9901,1.2,72,2,93,8,Pass,Medium,Physics,Average
9902,3.6,82,7,77,5,Pass,High,None,Excellent
9903,2,100,2,60,8,Pass,Medium,Physics,Good
9904,4.9,89,6,31,8,Pass,Medium,Math,Good
9905,7.4,48,8,72,9,Pass,High,English,Good
9906,3.7,98,3,70,8,Pass,High,None,Excellent
9907,6.9,81,3,89,5,Pass,High,None,Excellent
9908,1,63,3,75,9,Pass,Medium,"English,Physics",Average
9909,2.2,81,1,69,7,Pass,Medium,Physics,Good
9910,1.2,97,9,88,5,Pass,High,Physics,Excellent
9911,3.3,58,5,74,9,Pass,Medium,English,Average
9912,7.4,75,9,71,9,Pass,High,None,Good
9913,1.7,72,5,50,6,Fail,Low,Physics,Poor
9914,5.2,80,7,32,5,Pass,Medium,Math,Good
9915,4.2,88,1,95,8,Pass,High,None,Excellent
9916,7.6,82,9,40,5,Pass,High,Math,Excellent
9917,1.9,63,1,53,5,Fail,Low,"English,Physics",Poor
9918,2.5,86,4,79,6,Pass,Medium,Physics,Good
9919,1.2,45,7,50,8,Fail,Low,"English,Physics",Poor
9920,4,67,9,54,6,Pass,Medium,None,Average
9921,2.9,99,1,33,6,Fail,Low,"Math,Physics",Good
9922,7.1,72,6,72,6,Pass,High,None,Good
9923,5.2,92,10,76,5,Pass,High,None,Excellent
9924,5.3,48,5,52,6,Pass,Medium,English,Average
9925,4.7,85,3,89,7,Pass,High,None,Excellent
9926,1.6,62,10,50,8,Pass,Medium,"English,Physics",Average
9927,4.1,93,2,95,8,Pass,High,None,Excellent
9928,8,91,1,80,6,Pass,High,None,Excellent
9929,6.8,95,2,44,5,Pass,Medium,Math,Good
9930,7.3,83,4,87,9,Pass,High,None,Excellent
9931,6.8,69,6,55,9,Pass,High,None,Good
9932,1.7,62,5,88,5,Pass,Medium,"English,Physics",Average
9933,2.6,50,4,74,6,Pass,Medium,"English,Physics",Average
9934,1,63,8,95,6,Pass,Medium,"English,Physics",Average
9935,3.1,97,7,64,7,Pass,High,None,Excellent
9936,1.8,56,4,93,9,Pass,Medium,"English,Physics",Average
9937,4.3,69,10,56,9,Pass,High,None,Good
9938,5.7,79,5,60,8,Pass,High,None,Good
9939,7.1,45,10,41,6,Pass,High,"Math,English",Good
9940,6.2,49,5,74,5,Pass,High,English,Good
9941,7.6,45,3,61,6,Pass,High,English,Good
9942,1.4,52,9,83,6,Pass,Medium,"English,Physics",Average
9943,1.1,83,5,95,7,Pass,Medium,Physics,Good
9944,5.6,91,10,61,5,Pass,High,None,Excellent
9945,3,87,2,44,7,Pass,Medium,Math,Good
9946,2.8,62,4,84,7,Pass,Medium,"English,Physics",Average
9947,3.3,90,4,70,7,Pass,Medium,None,Good
9948,2.9,53,5,69,7,Pass,Medium,"English,Physics",Average
9949,4.6,49,8,78,6,Pass,High,English,Good
9950,4.1,99,5,67,8,Pass,High,None,Excellent
9951,4.6,48,1,85,6,Pass,Medium,English,Average
9952,5.7,88,2,63,7,Pass,High,None,Excellent
9953,3.7,73,3,30,7,Fail,Low,Math,Poor
9954,2.8,45,3,39,8,Fail,Low,"Math,English,Physics",Poor
9955,2.2,74,10,69,9,Pass,High,Physics,Good
9956,3.4,100,6,45,5,Pass,Medium,Math,Good
9957,6.2,89,9,75,7,Pass,High,None,Excellent
9958,6.3,45,10,53,7,Pass,High,English,Good
9959,5.7,47,1,43,6,Pass,Medium,"Math,English",Average
9960,2.6,66,6,68,7,Pass,Medium,Physics,Average
9961,5.1,52,9,47,7,Pass,Medium,"Math,English",Average
9962,5,100,4,70,5,Pass,High,None,Excellent
9963,4.4,62,10,85,6,Pass,High,English,Good
9964,4.8,69,3,65,9,Pass,Medium,None,Average
9965,4.4,92,6,53,7,Pass,High,None,Excellent
9966,5,96,6,58,7,Pass,High,None,Excellent
9967,6,64,2,51,9,Pass,Medium,English,Average
9968,1.8,75,5,40,8,Fail,Low,"Math,Physics",Good
9969,6.2,74,1,70,9,Pass,High,None,Good
9970,2,60,9,78,9,Pass,Medium,"English,Physics",Average
9971,1.5,46,9,40,6,Fail,Low,"Math,English,Physics",Poor
9972,7.8,61,3,81,9,Pass,High,English,Good
9973,7.7,54,5,37,6,Pass,Medium,"Math,English",Average
9974,1.4,51,3,60,9,Fail,Low,"English,Physics",Poor
9975,4.1,86,7,35,7,Pass,Medium,Math,Good
9976,2.3,95,1,42,7,Fail,Low,"Math,Physics",Good
9977,4.4,96,5,35,8,Pass,Medium,Math,Good
9978,6.8,53,6,56,9,Pass,High,English,Good
9979,7.7,98,7,74,5,Pass,High,None,Excellent
9980,5.4,61,3,55,9,Pass,Medium,English,Average
9981,3.5,53,7,33,5,Fail,Low,"Math,English",Poor
9982,5.2,53,4,66,9,Pass,Medium,English,Average
9983,3.2,81,10,50,6,Pass,Medium,None,Good
9984,7.4,68,6,57,7,Pass,High,None,Good
9985,7.1,83,5,61,5,Pass,High,None,Excellent
9986,4.9,55,4,82,5,Pass,Medium,English,Average
9987,3.3,52,6,62,9,Pass,Medium,English,Average
9988,3.1,69,3,55,7,Pass,Medium,None,Average
9989,1.2,90,3,46,8,Fail,Low,"Math,Physics",Good
9990,6.7,46,5,85,5,Pass,High,English,Good
9991,4.2,54,5,59,7,Pass,Medium,English,Average
9992,3.3,97,9,34,7,Pass,Medium,Math,Good
9993,4.3,68,4,35,5,Pass,Medium,Math,Average
9994,6.7,92,5,91,6,Pass,High,None,Excellent
9995,1.9,60,9,39,6,Pass,Medium,"Math,English,Physics",Average
9996,7,63,4,39,9,Pass,High,"Math,English",Good
9997,7.3,75,3,73,9,Pass,High,None,Good
9998,7.6,55,7,85,7,Pass,High,English,Good
9999,3.8,50,7,33,5,Fail,Low,"Math,English",Poor
10000,2.5,50,8,42,6,Fail,Low,"Math,English,Physics",Poor
